date,horizon_trading_days,with_emergency_return,without_emergency_return,effect
2023-11-15,1,-0.0005412734010861175,-0.0005412734010861175,0.0
2023-11-15,2,-0.00248948423819384,-0.00248948423819384,0.0
2023-11-15,5,0.005600334288945241,0.005600334288945241,0.0
2023-11-15,10,0.009883590350867166,0.009883590350867166,0.0
2023-11-15,21,0.13889100223802697,0.13889100223802697,0.0
2023-11-16,1,-0.0019492659229034537,-0.0019492659229034537,0.0
2023-11-16,2,-0.0015553200082075724,-0.0015553200082075724,0.0
2023-11-16,5,0.008806378030806084,0.008806378030806084,0.0
2023-11-16,10,0.0064392673683879575,0.0064392673683879575,0.0
2023-11-16,21,0.14075797402238122,0.14075797402238122,0.0
2023-11-17,1,0.00039471531981805086,0.00039471531981805086,0.0
2023-11-17,2,0.016098574341799177,0.016098574341799177,0.0
2023-11-17,5,0.009665432544906372,0.009665432544906372,0.0
2023-11-17,10,0.01938066123923865,0.01938066123923865,0.0
2023-11-17,21,0.13941271983528902,0.13941271983528902,0.0
2023-11-20,1,0.01569766291394359,0.01569766291394359,0.0
2023-11-20,2,0.00771224880231558,0.00771224880231558,0.0
2023-11-20,5,0.007448493406571943,0.007448493406571943,0.0
2023-11-20,10,0.006117816238805807,0.006117816238805807,0.0
2023-11-20,21,0.15425686003073036,0.15425686003073036,0.0
2023-11-21,1,-0.007861999099927575,-0.007861999099927575,0.0
2023-11-21,2,-0.005237605843441018,-0.005237605843441018,0.0
2023-11-21,5,-0.0016208924967694438,-0.0016208924967694438,0.0
2023-11-21,10,-0.01379452293021799,-0.01379452293021799,0.0
2023-11-21,21,0.09117765810573975,0.09117765810573975,0.0
2023-11-22,1,0.0026451897358086285,0.0026451897358086285,0.0
2023-11-22,2,0.0015429112569740333,0.0015429112569740333,0.0
2023-11-22,5,0.004259401986923983,0.004259401986923983,0.0
2023-11-22,10,-0.013340323612549332,-0.013340323612549332,0.0
2023-11-22,21,0.13983101835428768,0.13983101835428768,0.0
2023-11-24,1,-0.0010993704354428369,-0.0010993704354428369,0.0
2023-11-24,2,-0.002899257466013716,-0.002899257466013716,0.0
2023-11-24,5,-0.002346446963428561,-0.002346446963428561,0.0
2023-11-24,10,0.008808397518931477,0.008808397518931477,0.0
2023-11-24,21,0.14469028934584416,0.14469028934584416,0.0
2023-11-27,1,-0.0018018679509247404,-0.0018018679509247404,0.0
2023-11-27,2,0.004740337826264263,0.004740337826264263,0.0
2023-11-27,5,0.009622225720697042,0.009622225720697042,0.0
2023-11-27,10,0.018920837721583705,0.018920837721583705,0.0
2023-11-27,21,0.17453937753295756,0.17453937753295756,0.0
2023-11-28,1,0.006554015247212774,0.006554015247212774,0.0
2023-11-28,2,0.004522322461503192,0.004522322461503192,0.0
2023-11-28,5,-0.0013208389078696037,-0.0013208389078696037,0.0
2023-11-28,10,0.053269983987809466,0.053269983987809466,0.0
2023-11-28,21,0.18112040583871702,0.18112040583871702,0.0
2023-11-29,1,-0.0020184637435584074,-0.0020184637435584074,0.0
2023-11-29,2,-0.005960531927250767,-0.005960531927250767,0.0
2023-11-29,5,-0.012193394615290787,-0.012193394615290787,0.0
2023-11-29,10,0.059723553684538855,0.059723553684538855,0.0
2023-11-29,21,0.16919298077065248,0.16919298077065248,0.0
2023-11-30,1,-0.0039500411986373996,-0.0039500411986373996,0.0
2023-11-30,2,0.006891228717835762,0.006891228717835762,0.0
2023-11-30,5,-0.017525079242128316,-0.017525079242128316,0.0
2023-11-30,10,0.08434784103810511,0.08434784103810511,0.0
2023-11-30,21,0.16804305438453104,0.16804305438453104,0.0
2023-12-01,1,0.010884263204547828,0.010884263204547828,0.0
2023-12-01,2,-0.001874217710846282,-0.001874217710846282,0.0
2023-12-01,5,0.011181080294264012,0.011181080294264012,0.0
2023-12-01,10,0.13221713861908757,0.13221713861908757,0.0
2023-12-01,21,0.17280336024914744,0.17280336024914744,0.0
2023-12-04,1,-0.012621109438333833,-0.012621109438333833,0.0
2023-12-04,2,-0.016969796110836377,-0.016969796110836377,0.0
2023-12-04,5,0.009209991384895755,0.009209991384895755,0.0
2023-12-04,10,0.12125528868713831,0.12125528868713831,0.0
2023-12-04,21,0.16055667196655143,0.16055667196655143,0.0
2023-12-05,1,-0.004404273490218991,-0.004404273490218991,0.0
2023-12-05,2,-0.011776727091601824,-0.011776727091601824,0.0
2023-12-05,5,0.054663023944526934,0.054663023944526934,0.0
2023-12-05,10,0.13203755588749688,0.13203755588749688,0.0
2023-12-05,21,0.17577703675205658,0.17577703675205658,0.0
2023-12-06,1,-0.007405067544060451,-0.007405067544060451,0.0
2023-12-06,2,0.01756143125756182,0.01756143125756182,0.0
2023-12-06,5,0.07280468454836964,0.07280468454836964,0.0
2023-12-06,10,0.15231337035980208,0.15231337035980208,0.0
2023-12-06,21,0.1811076070650648,0.1811076070650648,0.0
2023-12-07,1,0.02515275666363581,0.02515275666363581,0.0
2023-12-07,2,0.03429071499961989,0.03429071499961989,0.0
2023-12-07,5,0.1036900974547521,0.1036900974547521,0.0
2023-12-07,10,0.11469486741578638,0.11469486741578638,0.0
2023-12-07,21,0.19004899977849954,0.19004899977849954,0.0
2023-12-08,1,0.008913752878862313,0.008913752878862313,0.0
2023-12-08,2,0.04104633318468798,0.04104633318468798,0.0
2023-12-08,5,0.11969770863355245,0.11969770863355245,0.0
2023-12-08,10,0.12689774017485833,0.12689774017485833,0.0
2023-12-08,21,0.16097729263474303,0.16097729263474303,0.0
2023-12-11,1,0.03184868896289461,0.03184868896289461,0.0
2023-12-11,2,0.04497519523925053,0.04497519523925053,0.0
2023-12-11,5,0.11102277846901543,0.11102277846901543,0.0
2023-12-11,10,0.12467040676394281,0.12467040676394281,0.0
2023-12-11,21,0.15097168466099609,0.15097168466099609,0.0
2023-12-12,1,0.012721348020075851,0.012721348020075851,0.0
2023-12-12,2,0.03416182763670328,0.03416182763670328,0.0
2023-12-12,5,0.0733642217336703,0.0733642217336703,0.0
2023-12-12,10,0.11714905064809411,0.11714905064809411,0.0
2023-12-12,21,0.11605588683811274,0.11605588683811274,0.0
2023-12-13,1,0.021171153998624348,0.021171153998624348,0.0
2023-12-13,2,0.062039735082457304,0.062039735082457304,0.0
2023-12-13,5,0.07411291818221688,0.07411291818221688,0.0
2023-12-13,10,0.10729796032197103,0.10729796032197103,0.0
2023-12-13,21,0.09781403082707274,0.09781403082707274,0.0
2023-12-14,1,0.04002128431047325,0.04002128431047325,0.0
2023-12-14,2,0.0411623213559662,0.0411623213559662,0.0
2023-12-14,5,0.009970887648999227,0.009970887648999227,0.0
2023-12-14,10,0.08042611718176795,0.08042611718176795,0.0
2023-12-14,21,0.06444609038218796,0.06444609038218796,0.0
2023-12-15,1,0.0010971285517964446,0.0010971285517964446,0.0
2023-12-15,2,-0.0020325320026381988,-0.0020325320026381988,0.0
2023-12-15,5,0.006430335157238787,0.006430335157238787,0.0
2023-12-15,10,0.035733455728638175,0.035733455728638175,0.0
2023-12-15,21,0.014938400595676748,0.014938400595676748,0.0
2023-12-18,1,-0.0031262306774988424,-0.0031262306774988424,0.0
2023-12-18,2,0.010259535752412674,0.010259535752412674,0.0
2023-12-18,5,0.012283842023233404,0.012283842023233404,0.0
2023-12-18,10,0.03471146512728929,0.03471146512728929,0.0
2023-12-18,21,0.027095701380027037,0.027095701380027037,0.0
2023-12-19,1,0.013427744657188434,0.013427744657188434,0.0
2023-12-19,2,-0.02691619686750324,-0.02691619686750324,0.0
2023-12-19,5,0.04079214494750305,0.04079214494750305,0.0
2023-12-19,10,0.03829719212358085,0.03829719212358085,0.0
2023-12-19,21,0.04759422661645374,0.04759422661645374,0.0
2023-12-20,1,-0.039809391184902676,-0.039809391184902676,0.0
2023-12-20,2,-0.004882086011728459,-0.004882086011728459,0.0
2023-12-20,5,0.030895301209034054,0.030895301209034054,0.0
2023-12-20,10,0.024876061442006714,0.024876061442006714,0.0
2023-12-20,21,0.032678643244481886,0.032678643244481886,0.0
2023-12-21,1,0.03637538719137812,0.03637538719137812,0.0
2023-12-21,2,0.04354670785157477,0.04354670785157477,0.0
2023-12-21,5,0.06975966376295628,0.06975966376295628,0.0
2023-12-21,10,0.06748409156254476,0.06748409156254476,0.0
2023-12-21,21,0.08048054052547893,0.08048054052547893,0.0
2023-12-22,1,0.00691961691567311,0.00691961691567311,0.0
2023-12-22,2,0.032040336346306875,0.032040336346306875,0.0
2023-12-22,5,0.029115895604260977,0.029115895604260977,0.0
2023-12-22,10,0.030129328031413216,0.030129328031413216,0.0
2023-12-22,21,0.04935923720088997,0.04935923720088997,0.0
2023-12-26,1,0.024948088217390918,0.024948088217390918,0.0
2023-12-26,2,0.028833776826084234,0.028833776826084234,0.0
2023-12-26,5,0.022155468825058033,0.022155468825058033,0.0
2023-12-26,10,0.023162031721287724,0.023162031721287724,0.0
2023-12-26,21,0.04208115534638179,0.04208115534638179,0.0
2023-12-27,1,0.003791107718881026,0.003791107718881026,0.0
2023-12-27,2,0.00016685089865298153,0.00016685089865298153,0.0
2023-12-27,5,-0.002397167230780761,-0.002397167230780761,0.0
2023-12-27,10,-0.0015242949181604182,-0.0015242949181604182,0.0
2023-12-27,21,0.013602365213005507,0.013602365213005507,0.0
2023-12-28,1,-0.003610568765113009,-0.003610568765113009,0.0
2023-12-28,2,-0.006599737058817667,-0.006599737058817667,0.0
2023-12-28,5,-0.005838846835336198,-0.005838846835336198,0.0
2023-12-28,10,-0.004751623756133583,-0.004751623756133583,0.0
2023-12-28,21,0.01715178672921769,0.01715178672921769,0.0
2024-01-12,1,-0.003831512125868186,-0.003831512125868186,0.0
2024-01-12,2,-0.013660940072562466,-0.013660940072562466,0.0
2024-01-12,5,0.007521375054545754,0.007521375054545754,0.0
2024-01-12,10,0.014595176985632508,0.014595176985632508,0.0
2024-01-12,21,0.03757264186287568,0.03757264186287568,0.0
2024-02-13,1,-0.029554279139177297,-0.029554279139177297,0.0
2024-02-13,2,-0.0065635026917104655,-0.0065635026917104655,0.0
2024-02-13,5,-0.022083107116288248,-0.022083107116288248,0.0
2024-02-13,10,0.0334645013562036,0.0334645013562036,0.0
2024-02-13,21,0.0697066164915503,0.0697066164915503,0.0
2024-02-14,1,0.02369094525665294,0.02369094525665294,0.0
2024-02-14,2,0.035364682070918585,0.035364682070918585,0.0
2024-02-14,5,0.011458163903689256,0.011458163903689256,0.0
2024-02-14,10,0.05955233521810932,0.05955233521810932,0.0
2024-02-14,21,0.09600636994922773,0.09600636994922773,0.0
2024-02-15,1,0.011403575335267702,0.011403575335267702,0.0
2024-02-15,2,0.0025692594887716247,0.0025692594887716247,0.0
2024-02-15,5,0.04467105672345939,0.04467105672345939,0.0
2024-02-15,10,0.041342754428679074,0.041342754428679074,0.0
2024-02-15,21,0.07114379135895166,0.07114379135895166,0.0
2024-02-16,1,-0.008734708935122848,-0.008734708935122848,0.0
2024-02-16,2,-0.026721000774942105,-0.026721000774942105,0.0
2024-02-16,5,0.020341594182229805,0.020341594182229805,0.0
2024-02-16,10,0.04296765693071403,0.04296765693071403,0.0
2024-02-16,21,0.061558319537294626,0.061558319537294626,0.0
2024-02-20,1,-0.018144781222489192,-0.018144781222489192,0.0
2024-02-20,2,-0.014481734244414568,-0.014481734244414568,0.0
2024-02-20,5,0.040032156416804465,0.040032156416804465,0.0
2024-02-20,10,0.0472561598679071,0.0472561598679071,0.0
2024-02-20,21,0.07685030071414434,0.07685030071414434,0.0
2024-02-21,1,0.003730740447288605,0.003730740447288605,0.0
2024-02-21,2,0.06125005405148842,0.06125005405148842,0.0
2024-02-21,5,0.05680197251597874,0.05680197251597874,0.0
2024-02-21,10,0.06716176205765811,0.06716176205765811,0.0
2024-02-21,21,0.11113189110058896,0.11113189110058896,0.0
2024-02-22,1,0.05730552157699953,0.05730552157699953,0.0
2024-02-22,2,0.044458078411250046,0.044458078411250046,0.0
2024-02-22,5,0.047549343147127665,0.047549343147127665,0.0
2024-02-22,10,0.06795096602588968,0.06795096602588968,0.0
2024-02-22,21,0.11684546211618807,0.11684546211618807,0.0
2024-02-23,1,-0.012151117064618355,-0.012151117064618355,0.0
2024-02-23,2,-0.0018826862364904606,-0.0018826862364904606,0.0
2024-02-23,5,-0.0031859811501043778,-0.0031859811501043778,0.0
2024-02-23,10,0.020176683184635724,0.020176683184635724,0.0
2024-02-23,21,0.050399622367035324,0.050399622367035324,0.0
2024-02-26,1,0.01039473851265127,0.01039473851265127,0.0
2024-02-26,2,0.008057666230669058,0.008057666230669058,0.0
2024-02-26,5,0.022174988138769836,0.022174988138769836,0.0
2024-02-26,10,0.0309061936084698,0.0309061936084698,0.0
2024-02-26,21,0.058366290732526194,0.058366290732526194,0.0
2024-02-27,1,-0.0023130289508658253,-0.0023130289508658253,0.0
2024-02-27,2,-0.007358565230725311,-0.007358565230725311,0.0
2024-02-27,5,0.006945942398542071,0.006945942398542071,0.0
2024-02-27,10,0.024358515982446427,0.024358515982446427,0.0
2024-02-27,21,0.04481528813746838,0.04481528813746838,0.0
2024-05-22,1,0.008329648650133192,0.008329648650133192,0.0
2024-05-22,2,-0.0013253735641038933,-0.0013253735641038933,0.0
2024-05-22,5,0.025804628592967394,0.025804628592967394,0.0
2024-05-22,10,0.06092506181286916,0.06092506181286916,0.0
2024-05-22,21,0.10296305013430751,0.10296305013430751,0.0
2024-05-23,1,-0.009575263632446429,-0.009575263632446429,0.0
2024-05-23,2,0.02312859195321093,0.02312859195321093,0.0
2024-05-23,5,0.0031163586213909245,0.0031163586213909245,0.0
2024-05-23,10,0.04851409758847525,0.04851409758847525,0.0
2024-05-23,21,0.0796405591592908,0.0796405591592908,0.0
2024-05-24,1,0.03302003108848117,0.03302003108848117,0.0
2024-05-24,2,0.06300352017635191,0.06300352017635191,0.0
2024-05-24,5,-0.0026353068639233257,-0.0026353068639233257,0.0
2024-05-24,10,0.0523636930864495,0.0523636930864495,0.0
2024-05-24,21,0.09866689180469068,0.09866689180469068,0.0
2024-05-28,1,0.029025080042521134,0.029025080042521134,0.0
2024-05-28,2,-0.005666902525956252,-0.005666902525956252,0.0
2024-05-28,5,-0.03320149734488875,-0.03320149734488875,0.0
2024-05-28,10,0.022993608568220525,0.022993608568220525,0.0
2024-05-28,21,0.064469546304045,0.064469546304045,0.0
2024-05-29,1,-0.03371344706879631,-0.03371344706879631,0.0
2024-05-29,2,-0.0472145166512421,-0.0472145166512421,0.0
2024-05-29,5,-0.07061703190104485,-0.07061703190104485,0.0
2024-05-29,10,0.00321255580508506,0.00321255580508506,0.0
2024-05-29,21,0.037707349526731715,0.037707349526731715,0.0
2024-05-30,1,-0.013972117837602771,-0.013972117837602771,0.0
2024-05-30,2,-0.029013142878645426,-0.029013142878645426,0.0
2024-05-30,5,0.03423696115319186,0.03423696115319186,0.0
2024-05-30,10,0.057591679117665606,0.057591679117665606,0.0
2024-05-30,21,0.06738604227867406,0.06738604227867406,0.0
2024-05-31,1,-0.015254157933198731,-0.015254157933198731,0.0
2024-05-31,2,-0.013913807483486695,-0.013913807483486695,0.0
2024-05-31,5,0.045256702850978936,0.045256702850978936,0.0
2024-05-31,10,0.07950416333612798,0.07950416333612798,0.0
2024-05-31,21,0.08506830338559501,0.08506830338559501,0.0
2024-06-03,1,0.0013611130836550522,0.0013611130836550522,0.0
2024-06-03,2,-0.00945223599734446,-0.00945223599734446,0.0
2024-06-03,5,0.05514432216107035,0.05514432216107035,0.0
2024-06-03,10,0.09930927067433815,0.09930927067433815,0.0
2024-06-03,21,0.11762753863289022,0.11762753863289022,0.0
2024-06-04,1,-0.0107986508959792,-0.0107986508959792,0.0
2024-06-04,2,0.06369221536998082,0.06369221536998082,0.0
2024-06-04,5,0.05812494098695975,0.05812494098695975,0.0
2024-06-04,10,0.11924238239994,0.11924238239994,0.0
2024-06-04,21,0.12852927961913085,0.12852927961913085,0.0
2024-06-05,1,0.07530404839563842,0.07530404839563842,0.0
2024-06-05,2,0.07157700004607892,0.07157700004607892,0.0
2024-06-05,5,0.07943935948939052,0.07943935948939052,0.0
2024-06-05,10,0.13125511653496846,0.13125511653496846,0.0
2024-06-05,21,0.1529258365001136,0.1529258365001136,0.0
2024-06-06,1,-0.0034660414002163353,-0.0034660414002163353,0.0
2024-06-06,2,-0.009384398675667316,-0.009384398675667316,0.0
2024-06-06,5,0.022581592847380927,0.022581592847380927,0.0
2024-06-06,10,0.044081420763206536,0.044081420763206536,0.0
2024-06-06,21,0.07559923432131943,0.07559923432131943,0.0
2024-06-07,1,-0.005938941893928851,-0.005938941893928851,0.0
2024-06-07,2,-0.0017740221912281307,-0.0017740221912281307,0.0
2024-06-07,5,0.03276464086930764,0.03276464086930764,0.0
2024-06-07,10,0.0432398121574773,0.0432398121574773,0.0
2024-06-07,21,0.07446831889676186,0.07446831889676186,0.0
2024-06-10,1,0.004189802697468048,0.004189802697468048,0.0
2024-06-10,2,0.01335544480658557,0.01335544480658557,0.0
2024-06-10,5,0.041856784503955025,0.041856784503955025,0.0
2024-06-10,10,0.03583804142082192,0.03583804142082192,0.0
2024-06-10,21,0.10133313986811765,0.10133313986811765,0.0
2024-06-11,1,0.009127400103542849,0.009127400103542849,0.0
2024-06-11,2,0.027961857583507443,0.027961857583507443,0.0
2024-06-11,5,0.05776013686623194,0.05776013686623194,0.0
2024-06-11,10,0.03964333576434931,0.03964333576434931,0.0
2024-06-11,21,0.07788415379606084,0.07788415379606084,0.0
2024-06-12,1,0.018664102746622557,0.018664102746622557,0.0
2024-06-12,2,0.025242248105439735,0.025242248105439735,0.0
2024-06-12,5,0.048002471458969964,0.048002471458969964,0.0
2024-06-12,10,0.031132136384739217,0.031132136384739217,0.0
2024-06-12,21,0.07951473884677651,0.07951473884677651,0.0
2024-06-13,1,0.006457619681581539,0.006457619681581539,0.0
2024-06-13,2,0.009288248775721542,0.009288248775721542,0.0
2024-06-13,5,0.021025048823692494,0.021025048823692494,0.0
2024-06-13,10,0.015432201200406226,0.015432201200406226,0.0
2024-06-13,21,0.06200019256815614,0.06200019256815614,0.0
2024-06-14,1,0.002812467250270956,0.002812467250270956,0.0
2024-06-14,2,0.022385551486026056,0.022385551486026056,0.0
2024-06-14,5,0.010142844626586323,0.010142844626586323,0.0
2024-06-14,10,0.0027853995277733468,0.0027853995277733468,0.0
2024-06-14,21,0.06447024301491933,0.06447024301491933,0.0
2024-06-17,1,0.01951818996569199,0.01951818996569199,0.0
2024-06-17,2,0.0193330085471779,0.0193330085471779,0.0
2024-06-17,5,-0.005776938992626546,-0.005776938992626546,0.0
2024-06-17,10,0.002335312689039526,0.002335312689039526,0.0
2024-06-17,21,0.026430553614921415,0.026430553614921415,0.0
2024-06-18,1,-0.00018163620849198647,-0.00018163620849198647,0.0
2024-06-18,2,-0.007738362179527503,-0.007738362179527503,0.0
2024-06-18,5,-0.017127513573688136,-0.017127513573688136,0.0
2024-06-18,10,-0.002800102593722209,-0.002800102593722209,0.0
2024-06-18,21,-0.0038980878946140995,-0.0038980878946140995,0.0
2024-06-20,1,-0.0075580987954441126,-0.0075580987954441126,0.0
2024-06-20,2,-0.011795153983917395,-0.011795153983917395,0.0
2024-06-20,5,-0.016097610009206176,-0.016097610009206176,0.0
2024-06-20,10,0.008480661907420695,0.008480661907420695,0.0
2024-06-20,21,-0.018884268927272574,-0.018884268927272574,0.0
2024-06-21,1,-0.004269323154665883,-0.004269323154665883,0.0
2024-06-21,2,-0.017205647116456224,-0.017205647116456224,0.0
2024-06-21,5,-0.005477679151681514,-0.005477679151681514,0.0
2024-06-21,10,0.026917897822469117,0.026917897822469117,0.0
2024-06-21,21,0.008651185772299286,0.008651185772299286,0.0
2024-06-24,1,-0.012991790112136692,-0.012991790112136692,0.0
2024-06-24,2,-0.005215317397142316,-0.005215317397142316,0.0
2024-06-24,5,-0.007283568990217981,-0.007283568990217981,0.0
2024-06-24,10,0.03460418190733128,0.03460418190733128,0.0
2024-06-24,21,0.003117213608292646,0.003117213608292646,0.0
2024-06-25,1,0.007878832857811657,0.007878832857811657,0.0
2024-06-25,2,0.008751680221423142,0.008751680221423142,0.0
2024-06-25,5,0.008159387968175613,0.008159387968175613,0.0
2024-06-25,10,0.04349097504517374,0.04349097504517374,0.0
2024-06-25,21,0.011091728786889465,0.011091728786889465,0.0
2024-06-26,1,0.0008660241044418093,0.0008660241044418093,0.0
2024-06-26,2,0.004022760390856028,0.004022760390856028,0.0
2024-06-26,5,0.014577080117543773,0.014577080117543773,0.0
2024-06-26,10,0.05491757241023887,0.05491757241023887,0.0
2024-06-26,21,0.014701115444573087,0.014701115444573087,0.0
2024-06-27,1,0.0031540048421954126,0.0031540048421954126,0.0
2024-06-27,2,-0.002942570499462116,-0.002942570499462116,0.0
2024-06-27,5,0.024980396598952126,0.024980396598952126,0.0
2024-06-27,10,0.03588552997022898,0.03588552997022898,0.0
2024-06-27,21,0.022376633960741632,0.022376633960741632,0.0
2024-06-28,1,-0.006077407170015259,-0.006077407170015259,0.0
2024-06-28,2,-0.0037293959812809696,-0.0037293959812809696,0.0
2024-06-28,5,0.032574006932813315,0.032574006932813315,0.0
2024-06-28,10,0.04363021104326825,0.04363021104326825,0.0
2024-06-28,21,0.015831407702638245,0.015831407702638245,0.0
2024-07-01,1,0.0023623682625513176,0.0023623682625513176,0.0
2024-07-01,2,0.01669087676349723,0.01669087676349723,0.0
2024-07-01,5,0.042195081686057456,0.042195081686057456,0.0
2024-07-01,10,0.05225525010959786,0.05225525010959786,0.0
2024-07-01,21,0.029922745962945863,0.029922745962945863,0.0
2024-07-02,1,0.01429473906306189,0.01429473906306189,0.0
2024-07-02,2,0.025582571171625546,0.025582571171625546,0.0
2024-07-02,5,0.035045636135179636,0.035045636135179636,0.0
2024-07-02,10,0.05901172810655386,0.05901172810655386,0.0
2024-07-02,21,0.03460502562226586,0.03460502562226586,0.0
2024-07-03,1,0.01112874953782228,0.01112874953782228,0.0
2024-07-03,2,0.021832470952743988,0.021832470952743988,0.0
2024-07-03,5,0.03976089454733378,0.03976089454733378,0.0
2024-07-03,10,0.009607033012554389,0.009607033012554389,0.0
2024-07-03,21,0.007396106363597221,0.007396106363597221,0.0
2024-07-05,1,0.010585913435667171,0.010585913435667171,0.0
2024-07-05,2,0.013803144559639158,0.013803144559639158,0.0
2024-07-05,5,0.010639357989149723,0.010639357989149723,0.0
2024-07-05,10,-0.012095213343307765,-0.012095213343307765,0.0
2024-07-05,21,-0.014936310926513707,-0.014936310926513707,0.0
2024-07-08,1,0.003183530545200597,0.003183530545200597,0.0
2024-07-08,2,-0.0013446647157069336,-0.0013446647157069336,0.0
2024-07-08,5,0.010707420520197353,0.010707420520197353,0.0
2024-07-08,10,-0.03732559757857501,-0.03732559757857501,0.0
2024-07-08,21,-0.0420196219201765,-0.0420196219201765,0.0
2024-07-09,1,-0.004513825359998225,-0.004513825359998225,0.0
2024-07-09,2,0.014316258134255966,0.014316258134255966,0.0
2024-07-09,5,0.009652864996508859,0.009652864996508859,0.0
2024-07-09,10,-0.02090487842330202,-0.02090487842330202,0.0
2024-07-09,21,-0.04118571949567684,-0.04118571949567684,0.0
2024-07-10,1,0.018915464598052933,0.018915464598052933,0.0
2024-07-10,2,0.0013994312018763555,0.0013994312018763555,0.0
2024-07-10,5,0.023154623462654955,0.023154623462654955,0.0
2024-07-10,10,-0.026037534013883423,-0.026037534013883423,0.0
2024-07-10,21,-0.03252107110508051,-0.03252107110508051,0.0
2024-07-11,1,-0.01719086028700756,-0.01719086028700756,0.0
2024-07-11,2,-0.006720038870040579,-0.006720038870040579,0.0
2024-07-11,5,-0.029000765169098774,-0.029000765169098774,0.0
2024-07-11,10,-0.049036809907655465,-0.049036809907655465,0.0
2024-07-11,21,-0.03106118734165242,-0.03106118734165242,0.0
2024-07-12,1,0.010653972367437259,0.010653972367437259,0.0
2024-07-12,2,0.012813563370147607,0.012813563370147607,0.0
2024-07-12,5,-0.022495236458722534,-0.022495236458722534,0.0
2024-07-12,10,-0.021298115619020397,-0.021298115619020397,0.0
2024-07-12,21,-0.01102473752535682,-0.01102473752535682,0.0
2024-07-15,1,0.002136825324746461,0.002136825324746461,0.0
2024-07-15,2,0.01095411273014757,0.01095411273014757,0.0
2024-07-15,5,-0.04752415696527723,-0.04752415696527723,0.0
2024-07-15,10,-0.023445104703281316,-0.023445104703281316,0.0
2024-07-15,21,-0.01714168060651855,-0.01714168060651855,0.0
2024-07-16,1,0.008798486576464981,0.008798486576464981,0.0
2024-07-16,2,-0.024515905743196953,-0.024515905743196953,0.0
2024-07-16,5,-0.030265593729500773,-0.030265593729500773,0.0
2024-07-16,10,-0.028712113622524016,-0.028712113622524016,0.0
2024-07-16,21,-0.020801892222923835,-0.020801892222923835,0.0
2024-07-17,1,-0.033023832572073086,-0.033023832572073086,0.0
2024-07-17,2,-0.043279782195023486,-0.043279782195023486,0.0
2024-07-17,5,-0.048078908454772584,-0.048078908454772584,0.0
2024-07-17,10,-0.029760109246455224,-0.029760109246455224,0.0
2024-07-17,21,-0.028430923000960617,-0.028430923000960617,0.0
2024-07-18,1,-0.010606207234900467,-0.010606207234900467,0.0
2024-07-18,2,-0.025668471807279047,-0.025668471807279047,0.0
2024-07-18,5,-0.020634459863447696,-0.020634459863447696,0.0
2024-07-18,10,0.010317890688781528,0.010317890688781528,0.0
2024-07-18,21,0.016421182208016916,0.016421182208016916,0.0
2024-07-19,1,-0.015223730614160713,-0.015223730614160713,0.0
2024-07-19,2,0.004762530240073559,0.004762530240073559,0.0
2024-07-19,5,0.0012246700827984736,0.0012246700827984736,0.0
2024-07-19,10,0.008506541052578864,0.008506541052578864,0.0
2024-07-19,21,0.031681847807450536,0.031681847807450536,0.0
2024-07-22,1,0.020295229968019912,0.020295229968019912,0.0
2024-07-22,2,0.01036530168160521,0.01036530168160521,0.0
2024-07-22,5,0.025280486049154227,0.025280486049154227,0.0
2024-07-22,10,0.012538734947830532,0.012538734947830532,0.0
2024-07-22,21,0.05561410558051216,0.05561410558051216,0.0
2025-05-08,1,0.01542819639601456,0.01542819639601456,0.0
2025-05-08,2,0.028922905939005483,0.028922905939005483,0.0
2025-05-08,5,0.1978841314539581,0.1978841314539581,0.0
2025-05-08,10,0.14091626753457143,0.14091626753457143,0.0
2025-05-08,21,0.21161955050745185,0.21161955050745185,0.0
2025-05-09,1,0.01328967384487334,0.01328967384487334,0.0
2025-05-09,2,0.12256402524483723,0.12256402524483723,0.0
2025-05-09,5,0.16985940930211774,0.16985940930211774,0.0
2025-05-09,10,0.12471769185193904,0.12471769185193904,0.0
2025-05-09,21,0.19521952336309445,0.19521952336309445,0.0
2025-05-12,1,0.10784117732625087,0.10784117732625087,0.0
2025-05-12,2,0.15525609547612196,0.15525609547612196,0.0
2025-05-12,5,0.1537671394339264,0.1537671394339264,0.0
2025-05-12,10,0.08864796461388869,0.08864796461388869,0.0
2025-05-12,21,0.20304179150261437,0.20304179150261437,0.0
2025-05-13,1,0.04279938236661862,0.04279938236661862,0.0
2025-05-13,2,0.050883257002223736,0.050883257002223736,0.0
2025-05-13,5,0.033451922687970814,0.033451922687970814,0.0
2025-05-13,10,0.029048547686894022,0.029048547686894022,0.0
2025-05-13,21,0.09500036449887572,0.09500036449887572,0.0
2025-05-14,1,0.007752089972722143,0.007752089972722143,0.0
2025-05-14,2,-0.0006404041349001854,-0.0006404041349001854,0.0
2025-05-14,5,-0.012117642929228567,-0.012117642929228567,0.0
2025-05-14,10,-0.025160152291962223,-0.025160152291962223,0.0
2025-05-14,21,0.05498559160415417,0.05498559160415417,0.0
2025-05-15,1,-0.008327935204629044,-0.008327935204629044,0.0
2025-05-15,2,-0.008971396555379041,-0.008971396555379041,0.0
2025-05-15,5,-0.04755707369646911,-0.04755707369646911,0.0
2025-05-15,10,-0.02720594922484143,-0.02720594922484143,0.0
2025-05-15,21,0.05394598406622686,0.05394598406622686,0.0
2025-05-16,1,-0.0006488650569004273,-0.0006488650569004273,0.0
2025-05-16,2,-0.008328743603734035,-0.008328743603734035,0.0
2025-05-16,5,-0.03858730125281329,-0.03858730125281329,0.0
2025-05-16,10,-0.024418616313934383,-0.024418616313934383,0.0
2025-05-16,21,0.06952066833278425,0.06952066833278425,0.0
2025-05-19,1,-0.007684864987190787,-0.007684864987190787,0.0
2025-05-19,2,-0.010842764009327155,-0.010842764009327155,0.0
2025-05-19,5,-0.05644048317408945,-0.05644048317408945,0.0
2025-05-19,10,-0.00556251998952062,-0.00556251998952062,0.0
2025-05-19,21,0.07210009088082536,0.07210009088082536,0.0
2025-05-20,1,-0.003182354990580283,-0.003182354990580283,0.0
2025-05-20,2,-0.0314921260204708,-0.0314921260204708,0.0
2025-05-20,5,-0.0042608416554337225,-0.0042608416554337225,0.0
2025-05-20,10,0.020749925039611483,0.020749925039611483,0.0
2025-05-20,21,0.07376447221945681,0.07376447221945681,0.0
2025-05-21,1,-0.028400150390218037,-0.028400150390218037,0.0
2025-05-21,2,-0.027417587526839204,-0.027417587526839204,0.0
2025-05-21,5,-0.013202492452043524,-0.013202492452043524,0.0
2025-05-21,10,0.023077919428602822,0.023077919428602822,0.0
2025-05-21,21,0.08328286265724372,0.08328286265724372,0.0
2025-05-22,1,0.0010112834658975167,0.0010112834658975167,0.0
2025-05-22,2,-0.018214693602689125,-0.018214693602689125,0.0
2025-05-22,5,0.02136729026967643,0.02136729026967643,0.0
2025-05-22,10,0.03702001791507259,0.03702001791507259,0.0
2025-05-22,21,0.1015499515588929,0.1015499515588929,0.0
2025-05-23,1,-0.019206553798293502,-0.019206553798293502,0.0
2025-05-23,2,0.027078073220016208,0.027078073220016208,0.0
2025-05-23,5,0.014737359884409607,0.014737359884409607,0.0
2025-05-23,10,0.06089774683390803,0.06089774683390803,0.0
2025-05-23,21,0.08976735427348603,0.08976735427348603,0.0
2025-05-27,1,0.04719100356711703,0.04719100356711703,0.0
2025-05-27,2,0.034484712031911835,0.034484712031911835,0.0
2025-05-27,5,0.05392130785318128,0.05392130785318128,0.0
2025-05-27,10,0.08349421456399875,0.08349421456399875,0.0
2025-05-27,21,0.10251565959028919,0.10251565959028919,0.0
2025-05-28,1,-0.01213369050337798,-0.01213369050337798,0.0
2025-05-28,2,-0.006564867353531567,-0.006564867353531567,0.0
2025-05-28,5,0.02511778961934752,0.02511778961934752,0.0
2025-05-28,10,0.055279123828819055,0.055279123828819055,0.0
2025-05-28,21,0.07038688319572817,0.07038688319572817,0.0
2025-05-29,1,0.0056372234747879,0.0056372234747879,0.0
2025-05-29,2,0.00011978339442930697,0.00011978339442930697,0.0
2025-05-29,5,0.03676581223922826,0.03676581223922826,0.0
2025-05-29,10,0.07716001899103708,0.07716001899103708,0.0
2025-05-29,21,0.07915006273611991,0.07915006273611991,0.0
2025-05-30,1,-0.005486511389558579,-0.005486511389558579,0.0
2025-05-30,2,0.013077728263734656,0.013077728263734656,0.0
2025-05-30,5,0.015325268191488384,0.015325268191488384,0.0
2025-05-30,10,0.07614778184590953,0.07614778184590953,0.0
2025-05-30,21,0.06730218599330984,0.06730218599330984,0.0
2025-06-02,1,0.018666654465623767,0.018666654465623767,0.0
2025-06-02,2,0.037584744397049175,0.037584744397049175,0.0
2025-06-02,5,0.045489984674218276,0.045489984674218276,0.0
2025-06-02,10,0.08939849145843048,0.08939849145843048,0.0
2025-06-02,21,0.09202366538268913,0.09202366538268913,0.0
2025-06-03,1,0.01857142358443986,0.01857142358443986,0.0
2025-06-03,2,0.01764560098279988,0.01764560098279988,0.0
2025-06-03,5,0.028059881217371796,0.028059881217371796,0.0
2025-06-03,10,0.07620148578777663,0.07620148578777663,0.0
2025-06-03,21,0.09314329708035185,0.09314329708035185,0.0
2025-06-04,1,-0.0009089422500995203,-0.0009089422500995203,0.0
2025-06-04,2,-0.01605473761248144,-0.01605473761248144,0.0
2025-06-04,5,0.029422310796763496,0.029422310796763496,0.0
2025-06-04,10,0.058440284286640276,0.058440284286640276,0.0
2025-06-04,21,0.07480585443103971,0.07480585443103971,0.0
2025-06-05,1,-0.015159574540175025,-0.015159574540175025,0.0
2025-06-05,2,0.008535586985727317,0.008535586985727317,0.0
2025-06-05,5,0.03896174649563755,0.03896174649563755,0.0
2025-06-05,10,0.05289388093634306,0.05289388093634306,0.0
2025-06-05,21,0.061951300025275824,0.061951300025275824,0.0
2025-06-06,1,0.02405989936373598,0.02405989936373598,0.0
2025-06-06,2,0.02578415175062343,0.02578415175062343,0.0
2025-06-06,5,0.0599044617128055,0.0599044617128055,0.0
2025-06-06,10,0.07514563000027663,0.07514563000027663,0.0
2025-06-06,21,0.1066887855834433,0.1066887855834433,0.0
2025-06-09,1,0.0016837417303019464,0.0016837417303019464,0.0
2025-06-09,2,0.021638562666394856,0.021638562666394856,0.0
2025-06-09,5,0.04199801760692612,0.04199801760692612,0.0
2025-06-09,10,0.03726970954628106,0.03726970954628106,0.0
2025-06-09,21,0.08833253110026718,0.08833253110026718,0.0
2025-06-10,1,0.019921278647912377,0.019921278647912377,0.0
2025-06-10,2,0.02843703000909059,0.02843703000909059,0.0
2025-06-10,5,0.04682762692130171,0.04682762692130171,0.0
2025-06-10,10,0.025485778466255438,0.025485778466255438,0.0
2025-06-10,21,0.09828972990723583,0.09828972990723583,0.0
2025-06-11,1,0.0083494202341452,0.0083494202341452,0.0
2025-06-11,2,0.013080795653751087,0.013080795653751087,0.0
2025-06-11,5,0.02818859974718957,0.02818859974718957,0.0
2025-06-11,10,-0.0023194229447516257,-0.0023194229447516257,0.0
2025-06-11,21,0.07039312182770141,0.07039312182770141,0.0
2025-06-12,1,0.004692198284308224,0.004692198284308224,0.0
2025-06-12,2,0.011482940416014609,0.011482940416014609,0.0
2025-06-12,5,0.013409670267166218,0.013409670267166218,0.0
2025-06-12,10,0.005917535123155293,0.005917535123155293,0.0
2025-06-12,21,0.04972047946495395,0.04972047946495395,0.0
2025-06-13,1,0.0067590274347733015,0.0067590274347733015,0.0
2025-06-13,2,0.013128284765679732,0.013128284765679732,0.0
2025-06-13,5,0.01437975670263869,0.01437975670263869,0.0
2025-06-13,10,-0.0028314214109916858,-0.0028314214109916858,0.0
2025-06-13,21,0.04155305042468305,0.04155305042468305,0.0
2025-06-16,1,0.006326496368386447,0.006326496368386447,0.0
2025-06-16,2,0.008098965109499145,0.008098965109499145,0.0
2025-06-16,5,-0.0045377322996296154,-0.0045377322996296154,0.0
2025-06-16,10,-0.014878150673449109,-0.014878150673449109,0.0
2025-06-16,21,0.033567407172415686,0.033567407172415686,0.0
2025-06-17,1,0.0017613257203394905,0.0017613257203394905,0.0
2025-06-17,2,-0.004393842243897272,-0.004393842243897272,0.0
2025-06-17,5,-0.020387165858253287,-0.020387165858253287,0.0
2025-06-17,10,-0.0038921265984511733,-0.0038921265984511733,0.0
2025-06-17,21,0.03710959499424549,0.03710959499424549,0.0
2025-06-18,1,-0.00614434576999745,-0.00614434576999745,0.0
2025-06-18,2,-0.0005251456123465115,-0.0005251456123465115,0.0
2025-06-18,5,-0.029671621237040147,-0.029671621237040147,0.0
2025-06-18,10,0.013956322628247975,0.013956322628247975,0.0
2025-06-18,21,0.03649219824347205,0.03649219824347205,0.0
2025-06-20,1,0.005653939919479045,0.005653939919479045,0.0
2025-06-20,2,-0.006430339922337214,-0.006430339922337214,0.0
2025-06-20,5,-0.007392997485445085,-0.007392997485445085,0.0
2025-06-20,10,0.021739891500518027,0.021739891500518027,0.0
2025-06-20,21,0.04924575134557441,0.04924575134557441,0.0
2025-06-23,1,-0.012016340176406848,-0.012016340176406848,0.0
2025-06-23,2,-0.021595744758721835,-0.021595744758721835,0.0
2025-06-23,5,-0.016967193992097562,-0.016967193992097562,0.0
2025-06-23,10,0.0029318878905959522,0.0029318878905959522,0.0
2025-06-23,21,0.04343806237688641,0.04343806237688641,0.0
2025-07-09,1,0.00707418091821399,0.00707418091821399,0.0
2025-07-09,2,0.01799911017926381,0.01799911017926381,0.0
2025-07-09,5,-0.0024777158343515238,-0.0024777158343515238,0.0
2025-07-09,10,0.013697696727838826,0.013697696727838826,0.0
2025-07-09,21,-0.00810273464859379,-0.00810273464859379,0.0
2025-07-10,1,0.010848187222006755,0.010848187222006755,0.0
2025-07-10,2,0.004798496068569413,0.004798496068569413,0.0
2025-07-10,5,-0.010435543768958944,-0.010435543768958944,0.0
2025-07-10,10,0.019968591979485195,0.019968591979485195,0.0
2025-07-10,21,-0.013008223692300813,-0.013008223692300813,0.0
2025-07-11,1,-0.0059847672775306116,-0.0059847672775306116,0.0
2025-07-11,2,-0.017043150961778886,-0.017043150961778886,0.0
2025-07-11,5,-0.011485815972405833,-0.011485815972405833,0.0
2025-07-11,10,0.0021704436461105203,0.0021704436461105203,0.0
2025-07-11,21,-0.013261895168576121,-0.013261895168576121,0.0
2025-07-14,1,-0.011124964004787796,-0.011124964004787796,0.0
2025-07-14,2,-0.014215084605449069,-0.014215084605449069,0.0
2025-07-14,5,-0.004375644584544647,-0.004375644584544647,0.0
2025-07-14,10,0.022242859378560187,0.022242859378560187,0.0
2025-07-14,21,-0.013189043175742321,-0.013189043175742321,0.0
2025-07-15,1,-0.003124884831935626,-0.003124884831935626,0.0
2025-07-15,2,-0.004081733588951475,-0.004081733588951475,0.0
2025-07-15,5,0.012951363435644625,0.012951363435644625,0.0
2025-07-15,10,0.02221298833954677,0.02221298833954677,0.0
2025-07-15,21,0.010958527749995062,0.010958527749995062,0.0
2025-07-16,1,-0.0009598481720095586,-0.0009598481720095586,0.0
2025-07-16,2,0.008806094573988066,0.008806094573988066,0.0
2025-07-16,5,0.016215590186759332,0.016215590186759332,0.0
2025-07-16,10,0.013909789587980947,0.013909789587980947,0.0
2025-07-16,21,0.019447294575750007,0.019447294575750007,0.0
2025-07-17,1,0.0097753255743811,0.0097753255743811,0.0
2025-07-17,2,0.010951685533374889,0.010951685533374889,0.0
2025-07-17,5,0.03072476538238278,0.03072476538238278,0.0
2025-07-17,10,-0.0009077535076637,-0.0009077535076637,0.0
2025-07-17,21,0.01919564291871856,0.01919564291871856,0.0
2025-07-18,1,0.001164971978617757,0.001164971978617757,0.0
2025-07-18,2,0.007256644891882269,0.007256644891882269,0.0
2025-07-18,5,0.013814935424472763,0.013814935424472763,0.0
2025-07-18,10,-0.018440824491936514,-0.018440824491936514,0.0
2025-07-18,21,0.005943849638315513,0.005943849638315513,0.0
2025-07-21,1,0.00608458454277061,0.00608458454277061,0.0
2025-07-21,2,0.006172653517358295,0.006172653517358295,0.0
2025-07-21,5,0.026735488960590637,0.026735488960590637,0.0
2025-07-21,10,-0.03669052117541127,-0.03669052117541127,0.0
2025-07-21,21,0.0017060439534626326,0.0017060439534626326,0.0
2025-07-22,1,8.753635225189349e-05,8.753635225189349e-05,0.0
2025-07-22,2,0.013392802991942343,0.013392802991942343,0.0
2025-07-22,5,0.00914320789548051,0.00914320789548051,0.0
2025-07-22,10,-0.028530926720844785,-0.028530926720844785,0.0
2025-07-22,21,-0.013423064116355521,-0.013423064116355521,0.0
2025-08-06,1,0.004892212384038475,0.004892212384038475,0.0
2025-08-06,2,0.0069960883872037805,0.0069960883872037805,0.0
2025-08-06,5,0.024868108646812992,0.024868108646812992,0.0
2025-08-06,10,0.013104375027522597,0.013104375027522597,0.0
2025-08-06,21,0.05194744139572194,0.05194744139572194,0.0
2025-08-07,1,0.0020936335034122955,0.0020936335034122955,0.0
2025-08-07,2,0.012704185995000561,0.012704185995000561,0.0
2025-08-07,5,0.025228548756429436,0.025228548756429436,0.0
2025-08-07,10,0.01048456359508343,0.01048456359508343,0.0
2025-08-07,21,0.05498405618450608,0.05498405618450608,0.0
2025-08-08,1,0.010588384295480147,0.010588384295480147,0.0
2025-08-08,2,0.004614414347340778,0.004614414347340778,0.0
2025-08-08,5,0.02185226502179627,0.02185226502179627,0.0
2025-08-08,10,0.01301510764589886,0.01301510764589886,0.0
2025-08-08,21,0.05905525876519668,0.05905525876519668,0.0
2025-08-11,1,-0.0059113780060950916,-0.0059113780060950916,0.0
2025-08-11,2,0.007084457446005388,0.007084457446005388,0.0
2025-08-11,5,0.007754498213767835,0.007754498213767835,0.0
2025-08-11,10,0.028291282837513254,0.028291282837513254,0.0
2025-08-11,21,0.05045784572769385,0.05045784572769385,0.0
2025-08-12,1,0.01307311558001123,0.01307311558001123,0.0
2025-08-12,2,0.018387319357189735,0.018387319357189735,0.0
2025-08-12,5,0.010652473434733079,0.010652473434733079,0.0
2025-08-12,10,0.03195432720865288,0.03195432720865288,0.0
2025-08-12,21,0.06686608275956685,0.06686608275956685,0.0
2025-08-13,1,0.005245627087967941,0.005245627087967941,0.0
2025-08-13,2,0.004032836132638495,0.004032836132638495,0.0
2025-08-13,5,-0.011478290250267142,-0.011478290250267142,0.0
2025-08-13,10,0.020268459235244007,0.020268459235244007,0.0
2025-08-13,21,0.06147804631424747,0.06147804631424747,0.0
2025-08-14,1,-0.0012064623039871325,-0.0012064623039871325,0.0
2025-08-14,2,-0.004556398634939951,-0.004556398634939951,0.0
2025-08-14,5,-0.014381169134657812,-0.014381169134657812,0.0
2025-08-14,10,0.024188786539757645,0.024188786539757645,0.0
2025-08-14,21,0.055148713792467774,0.055148713792467774,0.0
2025-08-15,1,-0.003353982784750853,-0.003353982784750853,0.0
2025-08-15,2,-0.006396445491394731,-0.006396445491394731,0.0
2025-08-15,5,-0.008648175160338778,-0.008648175160338778,0.0
2025-08-15,10,0.030480320564069352,0.030480320564069352,0.0
2025-08-15,21,0.060359097808938555,0.060359097808938555,0.0
2025-08-18,1,-0.003052701414635539,-0.003052701414635539,0.0
2025-08-18,2,-0.012135543427032824,-0.012135543427032824,0.0
2025-08-18,5,0.02037875758445784,0.02037875758445784,0.0
2025-08-18,10,0.03659311377699548,0.03659311377699548,0.0
2025-08-18,21,0.0720568931505563,0.0720568931505563,0.0
2025-08-19,1,-0.009110654119114936,-0.009110654119114936,0.0
2025-08-19,2,-0.006837913668111262,-0.006837913668111262,0.0
2025-08-19,5,0.02107732809629881,0.02107732809629881,0.0
2025-08-19,10,0.04000914201931449,0.04000914201931449,0.0
2025-08-19,21,0.08000393227091451,0.08000393227091451,0.0
2025-10-02,1,0.009461364069399902,0.009461364069399902,0.0
2025-10-02,2,0.0034049294924234363,0.0034049294924234363,0.0
2025-10-02,5,0.03966019232925455,0.03966019232925455,0.0
2025-10-02,10,0.005672612798978571,0.005672612798978571,0.0
2025-10-02,21,0.07072340494194407,0.07072340494194407,0.0
2025-10-03,1,-0.00599966951935782,-0.00599966951935782,0.0
2025-10-03,2,0.020198362599712416,0.020198362599712416,0.0
2025-10-03,5,0.020551586832060265,0.020551586832060265,0.0
2025-10-03,10,-0.002698158579838572,-0.002698158579838572,0.0
2025-10-03,21,0.06779681284543959,0.06779681284543959,0.0
2025-10-06,1,0.026356160371096005,0.026356160371096005,0.0
2025-10-06,2,0.008299478157102413,0.008299478157102413,0.0
2025-10-06,5,-0.0502929475102204,-0.0502929475102204,0.0
2025-10-06,10,0.00011244863103998526,0.00011244863103998526,0.0
2025-10-06,21,0.0810684522973728,0.0810684522973728,0.0
2025-10-07,1,-0.01759299832863559,-0.01759299832863559,0.0
2025-10-07,2,0.009525031495110081,0.009525031495110081,0.0
2025-10-07,5,-0.0289509572900728,-0.0289509572900728,0.0
2025-10-07,10,-0.0005318953151586259,-0.0005318953151586259,0.0
2025-10-07,21,0.0134091240919183,0.0134091240919183,0.0
2025-10-08,1,0.02760366098532474,0.02760366098532474,0.0
2025-10-08,2,0.018260485962037443,0.018260485962037443,0.0
2025-10-08,5,-0.02821137437356558,-0.02821137437356558,0.0
2025-10-08,10,0.009085982899787792,0.009085982899787792,0.0
2025-10-08,21,0.04530707322735705,0.04530707322735705,0.0
2025-10-09,1,-0.009092197097009591,-0.009092197097009591,0.0
2025-10-09,2,-0.08341134432876929,-0.08341134432876929,0.0
2025-10-09,5,-0.03269104634479669,-0.03269104634479669,0.0
2025-10-09,10,-0.04139362877382591,-0.04139362877382591,0.0
2025-10-09,21,-0.018194614640811624,-0.018194614640811624,0.0
2025-10-10,1,-0.07500107175867654,-0.07500107175867654,0.0
2025-10-10,2,-0.02928704814242067,-0.02928704814242067,0.0
2025-10-10,5,-0.02278154844094593,-0.02278154844094593,0.0
2025-10-10,10,-0.0029081551599728916,-0.0029081551599728916,0.0
2025-10-10,21,-0.011108648379497543,-0.011108648379497543,0.0
2025-10-13,1,0.04942062333322994,0.04942062333322994,0.0
2025-10-13,2,0.03174337973939223,0.03174337973939223,0.0
2025-10-13,5,0.05307467814324052,0.05307467814324052,0.0
2025-10-13,10,0.09868624908087464,0.09868624908087464,0.0
2025-10-13,21,0.10605631070294108,0.10605631070294108,0.0
2025-10-14,1,-0.016844764816695057,-0.016844764816695057,0.0
2025-10-14,2,0.005636748458212493,0.005636748458212493,0.0
2025-10-14,5,0.029266350848361267,0.029266350848361267,0.0
2025-10-14,10,0.08570066134669752,0.08570066134669752,0.0
2025-10-14,21,0.05363196314385976,0.05363196314385976,0.0
2025-10-15,1,0.022866697414997805,0.022866697414997805,0.0
2025-10-15,2,0.023949971357356326,0.023949971357356326,0.0
2025-10-15,5,0.03838011300997746,0.03838011300997746,0.0
2025-10-15,10,0.10921009836392548,0.10921009836392548,0.0
2025-10-15,21,0.07427936644991084,0.07427936644991084,0.0
2025-10-16,1,0.0010590568107224918,0.0010590568107224918,0.0
2025-10-16,2,-0.002142697104833613,-0.002142697104833613,0.0
2025-10-16,5,-0.00899669376174439,-0.00899669376174439,0.0
2025-10-16,10,0.10081568664582474,0.10081568664582474,0.0
2025-10-16,21,0.028665262312758122,0.028665262312758122,0.0
2025-10-17,1,-0.0031983666635578833,-0.0031983666635578833,0.0
2025-10-17,2,0.022414359947555473,0.022414359947555473,0.0
2025-10-17,5,0.020336694675859857,0.020336694675859857,0.0
2025-10-17,10,0.06355749780732012,0.06355749780732012,0.0
2025-10-17,21,0.024489731622763022,0.024489731622763022,0.0
2025-10-20,1,0.025694908349401357,0.025694908349401357,0.0
2025-10-20,2,0.017346470755572607,0.017346470755572607,0.0
2025-10-20,5,0.04331276013402552,0.04331276013402552,0.0
2025-10-20,10,0.07412112583482178,0.07412112583482178,0.0
2025-10-20,21,0.0124263311482542,0.0124263311482542,0.0
2025-10-21,1,-0.008139299050692772,-0.008139299050692772,0.0
2025-10-21,2,-0.0317478641215172,-0.0317478641215172,0.0
2025-10-21,5,0.0548296468176781,0.0548296468176781,0.0
2025-10-21,10,0.053867863142274874,0.053867863142274874,0.0
2025-10-21,21,-0.024069768056759533,-0.024069768056759533,0.0
2025-10-22,1,-0.023802299101303936,-0.023802299101303936,0.0
2025-10-22,2,0.006157298467220684,0.006157298467220684,0.0
2025-10-22,5,0.06821200104519698,0.06821200104519698,0.0
2025-10-22,10,0.022268991548642036,0.022268991548642036,0.0
2025-10-22,21,-0.009520485241723553,-0.009520485241723553,0.0
2025-10-23,1,0.030690092325502905,0.030690092325502905,0.0
2025-10-23,2,0.050528540470031524,0.050528540470031524,0.0
2025-10-23,5,0.11080929772515646,0.11080929772515646,0.0
2025-10-23,10,0.06115282639694586,0.06115282639694586,0.0
2025-10-23,21,-0.015841804433297857,-0.015841804433297857,0.0
2025-10-24,1,0.019247733428549685,0.019247733428549685,0.0
2025-10-24,2,0.05697754852128645,0.05697754852128645,0.0
2025-10-24,5,0.04235935388483769,0.04235935388483769,0.0
2025-10-24,10,-0.0062960927563898705,-0.0062960927563898705,0.0
2025-10-24,21,-0.028138428017261186,-0.028138428017261186,0.0
2025-10-27,1,0.03701731566850874,0.03701731566850874,0.0
2025-10-27,2,0.04162601168845548,0.04162601168845548,0.0
2025-10-27,5,0.029529367298103848,0.029529367298103848,0.0
2025-10-27,10,-0.026953353547515047,-0.026953353547515047,0.0
2025-10-27,21,-0.021395683404187515,-0.021395683404187515,0.0
2025-10-28,1,0.004444184248722838,0.004444184248722838,0.0
2025-10-28,2,0.019637131285486387,0.019637131285486387,0.0
2025-10-28,5,-0.0009117905230524581,-0.0009117905230524581,0.0
2025-10-28,10,-0.029227330747330305,-0.029227330747330305,0.0
2025-10-28,21,-0.044360194269097875,-0.044360194269097875,0.0
2025-10-29,1,0.015125725525632072,0.015125725525632072,0.0
2025-10-29,2,-0.01819351354354304,-0.01819351354354304,0.0
2025-10-29,5,-0.04300926169299901,-0.04300926169299901,0.0
2025-10-29,10,-0.03383116185995172,-0.03383116185995172,0.0
2025-10-29,21,-0.034486615237249496,-0.034486615237249496,0.0
2025-10-30,1,-0.032822770846362315,-0.032822770846362315,0.0
2025-10-30,2,-0.02634053764796962,-0.02634053764796962,0.0
2025-10-30,5,-0.04470296695382603,-0.04470296695382603,0.0
2025-10-30,10,-0.04592265008128127,-0.04592265008128127,0.0
2025-10-30,21,-0.040923676704313405,-0.040923676704313405,0.0
2025-10-31,1,0.006702218583108266,0.006702218583108266,0.0
2025-10-31,2,0.013099563479464171,0.013099563479464171,0.0
2025-10-31,5,-0.0466781887262685,-0.0466781887262685,0.0
2025-10-31,10,-0.033830326981869274,-0.033830326981869274,0.0
2025-10-31,21,-0.0036291270542407883,-0.0036291270542407883,0.0
2025-11-03,1,0.006354753946365532,0.006354753946365532,0.0
2025-11-03,2,-0.031764923246840215,-0.031764923246840215,0.0
2025-11-03,5,-0.05486266117289307,-0.05486266117289307,0.0
2025-11-03,10,-0.043146145809558445,-0.043146145809558445,0.0
2025-11-03,21,-0.021531733745468573,-0.021531733745468573,0.0
2025-11-04,1,-0.037878965686525046,-0.037878965686525046,0.0
2025-11-04,2,-0.025054727839612045,-0.025054727839612045,0.0
2025-11-04,5,-0.02834138162745592,-0.02834138162745592,0.0
2025-11-04,10,-0.0633893950457286,-0.0633893950457286,0.0
2025-11-04,21,-0.01404439220806053,-0.01404439220806053,0.0
2025-11-05,1,0.013329131564059127,0.013329131564059127,0.0
2025-11-05,2,-0.021957579605427546,-0.021957579605427546,0.0
2025-11-05,5,0.00959058375975963,0.00959058375975963,0.0
2025-11-05,10,-0.03749520698367348,-0.03749520698367348,0.0
2025-11-05,21,0.024989071261159568,0.024989071261159568,0.0
2025-11-06,1,-0.03482255672944301,-0.03482255672944301,0.0
2025-11-06,2,-0.03669551842233132,-0.03669551842233132,0.0
2025-11-06,5,-0.0012767579980501598,-0.0012767579980501598,0.0
2025-11-06,10,-0.04384173771435784,-0.04384173771435784,0.0
2025-11-06,21,0.007679512528591559,0.007679512528591559,0.0
2025-11-07,1,-0.0019405361220851125,-0.0019405361220851125,0.0
2025-11-07,2,0.03258617445146461,0.03258617445146461,0.0
2025-11-07,5,0.013476940936905102,0.013476940936905102,0.0
2025-11-07,10,-0.03909641296217703,-0.03909641296217703,0.0
2025-11-07,21,0.03143681192275638,0.03143681192275638,0.0
2025-11-10,1,0.03459384117194553,0.03459384117194553,0.0
2025-11-10,2,0.03426346224875498,0.03426346224875498,0.0
2025-11-10,5,0.012396627328124188,0.012396627328124188,0.0
2025-11-10,10,-0.020079156168740675,-0.020079156168740675,0.0
2025-11-10,21,0.03640910255857421,0.03640910255857421,0.0
2025-11-11,1,-0.00031933200261113903,-0.00031933200261113903,0.0
2025-11-11,2,0.0021014423948320093,0.0021014423948320093,0.0
2025-11-11,5,-0.03607029542636653,-0.03607029542636653,0.0
2025-11-11,10,-0.02791648532642188,-0.02791648532642188,0.0
2025-11-11,21,0.015917257808742535,0.015917257808742535,0.0
2025-11-12,1,0.0024215476751117126,0.0024215476751117126,0.0
2025-11-12,2,-0.01819266515278084,-0.01819266515278084,0.0
2025-11-12,5,-0.04663850029987737,-0.04663850029987737,0.0
2025-11-12,10,-0.015274018457612337,-0.015274018457612337,0.0
2025-11-12,21,0.021422821239800438,0.021422821239800438,0.0
2025-11-13,1,-0.020564415116277712,-0.020564415116277712,0.0
2025-11-13,2,-0.023507046572372903,-0.023507046572372903,0.0
2025-11-13,5,-0.042619394368940355,-0.042619394368940355,0.0
2025-11-13,10,-0.0030924637196670934,-0.0030924637196670934,0.0
2025-11-13,21,0.011129710587313824,0.011129710587313824,0.0
2025-11-14,1,-0.0030044155036949016,-0.0030044155036949016,0.0
2025-11-14,2,-0.01789528120326067,-0.01789528120326067,0.0
2025-11-14,5,-0.05187424772632798,-0.05187424772632798,0.0
2025-11-14,10,0.026345790078304843,0.026345790078304843,0.0
2025-11-14,21,0.03340289538663921,0.03340289538663921,0.0
2025-11-17,1,-0.014935738864970793,-0.014935738864970793,0.0
2025-11-17,2,-0.026046769775600498,-0.026046769775600498,0.0
2025-11-17,5,-0.032078122961129885,-0.032078122961129885,0.0
2025-11-17,10,0.034366358010983866,0.034366358010983866,0.0
2025-11-17,21,0.03006900225707776,0.03006900225707776,0.0
2025-11-18,1,-0.011279498555583745,-0.011279498555583745,0.0
2025-11-18,2,-0.004707001691495405,-0.004707001691495405,0.0
2025-11-18,5,0.00845892606199028,0.00845892606199028,0.0
2025-11-18,10,0.038093739177020636,0.038093739177020636,0.0
2025-11-18,21,0.032531813984397306,0.032531813984397306,0.0
2025-11-19,1,0.006647477072121655,0.006647477072121655,0.0
2025-11-19,2,-0.023584633706486335,-0.023584633706486335,0.0
2025-11-19,5,0.032898834127590204,0.032898834127590204,0.0
2025-11-19,10,0.06469386389217346,0.06469386389217346,0.0
2025-11-19,21,0.05119695387706136,0.05119695387706136,0.0
2025-11-20,1,-0.030032470618750695,-0.030032470618750695,0.0
2025-11-20,2,-0.012755338015346007,-0.012755338015346007,0.0
2025-11-20,5,0.041286537889723585,0.041286537889723585,0.0
2025-11-20,10,0.057886133548396,0.057886133548396,0.0
2025-11-20,21,0.05382857543022812,0.05382857543022812,0.0
2025-11-21,1,0.01781207316746558,0.01781207316746558,0.0
2025-11-21,2,0.04460011514621853,0.04460011514621853,0.0
2025-11-21,5,0.08249964481721506,0.08249964481721506,0.0
2025-11-21,10,0.08651431003557408,0.08651431003557408,0.0
2025-11-21,21,0.10219206483748322,0.10219206483748322,0.0
2025-11-24,1,0.02631924171953237,0.02631924171953237,0.0
2025-11-24,2,0.03933507430495231,0.03933507430495231,0.0
2025-11-24,5,0.06864653289518063,0.06864653289518063,0.0
2025-11-24,10,0.05461808515744049,0.05461808515744049,0.0
2025-11-24,21,0.08326385567185168,0.08326385567185168,0.0
2025-11-25,1,0.012682050629405195,0.012682050629405195,0.0
2025-11-25,2,0.027692029502486948,0.027692029502486948,0.0
2025-11-25,5,0.02938623710809285,0.02938623710809285,0.0
2025-11-25,10,0.030523148626141472,0.030523148626141472,0.0
2025-11-25,21,0.05930193091575586,0.05930193091575586,0.0
2025-11-26,1,0.014822005449541376,0.014822005449541376,0.0
2025-11-26,2,0.023303785698954416,0.023303785698954416,0.0
2025-11-26,5,0.030782327091537276,0.030782327091537276,0.0
2025-11-26,10,0.032004634160829104,0.032004634160829104,0.0
2025-11-26,21,0.04623780933584842,0.04623780933584842,0.0
2026-04-10,1,0.029051195972168875,0.029051195972168875,0.0
2026-04-10,2,0.05865974417754449,0.05865974417754449,0.0
2026-04-10,5,0.11500233198951104,0.11500233198951104,0.0
2026-04-10,10,0.23584431882011803,0.23584431882011803,0.0
2026-04-10,21,0.5758866919362826,0.5758866919362826,0.0
2026-04-13,1,0.028772667794631612,0.028772667794631612,0.0
2026-04-13,2,0.06378505578521021,0.06378505578521021,0.0
2026-04-13,5,0.12820711978131838,0.12820711978131838,0.0
2026-04-13,10,0.2834939958304976,0.2834939958304976,0.0
2026-04-13,21,0.5423148826588513,0.5423148826588513,0.0
2026-04-14,1,0.03403316309485005,0.03403316309485005,0.0
2026-04-14,2,0.037443630612389756,0.037443630612389756,0.0
2026-04-14,5,0.10087084217188669,0.10087084217188669,0.0
2026-04-14,10,0.2339388736392507,0.2339388736392507,0.0
2026-04-14,21,0.46009321582640705,0.46009321582640705,0.0
2026-04-15,1,0.003298218702514566,0.003298218702514566,0.0
2026-04-15,2,0.018555994266983733,0.018555994266983733,0.0
2026-04-15,5,0.07135681309505926,0.07135681309505926,0.0
2026-04-15,10,0.13554272482610896,0.13554272482610896,0.0
2026-04-15,21,0.45199591627523983,0.45199591627523983,0.0
2026-04-16,1,0.01520761751595745,0.01520761751595745,0.0
2026-04-16,2,0.057072829151662674,0.057072829151662674,0.0
2026-04-16,5,0.11417985784560925,0.11417985784560925,0.0
2026-04-16,10,0.16424389674805706,0.16424389674805706,0.0
2026-04-16,21,0.4719775160277706,0.4719775160277706,0.0
2026-04-17,1,0.041238078707626746,0.041238078707626746,0.0
2026-04-17,2,0.04524233780451947,0.04524233780451947,0.0
2026-04-17,5,0.10837823685533232,0.10837823685533232,0.0
2026-04-17,10,0.19274754488462364,0.19274754488462364,0.0
2026-04-17,21,0.38948026889422427,0.38948026889422427,0.0
2026-04-20,1,0.0038456710129759486,0.0038456710129759486,0.0
2026-04-20,2,0.010180974044110558,0.010180974044110558,0.0
2026-04-20,5,0.137640397163314,0.137640397163314,0.0
2026-04-20,10,0.16897337467159934,0.16897337467159934,0.0
2026-04-20,21,0.3231968182317404,0.3231968182317404,0.0
2026-04-21,1,0.006311032874945388,0.006311032874945388,0.0
2026-04-21,2,0.04998584084404967,0.04998584084404967,0.0
2026-04-21,5,0.12087524382500381,0.12087524382500381,0.0
2026-04-21,10,0.15331025048797198,0.15331025048797198,0.0
2026-04-21,21,0.2988455440510214,0.2988455440510214,0.0
2026-04-22,1,0.0434009034406877,0.0434009034406877,0.0
2026-04-22,2,0.05375285177180311,0.05375285177180311,0.0
2026-04-22,5,0.05991086344578522,0.05991086344578522,0.0
2026-04-22,10,0.21544567334371556,0.21544567334371556,0.0
2026-04-22,21,0.3379980648767038,0.3379980648767038,0.0
2026-04-23,1,0.009921352662221272,0.009921352662221272,0.0
2026-04-23,2,0.07933090399959841,0.07933090399959841,0.0
2026-04-23,5,0.04493353433910752,0.04493353433910752,0.0
2026-04-23,10,0.2574171814992394,0.2574171814992394,0.0
2026-04-23,21,0.2900192249223976,0.2900192249223976,0.0
2026-04-24,1,0.06872767978853878,0.06872767978853878,0.0
2026-04-24,2,0.057027485100084485,0.057027485100084485,0.0
2026-04-24,5,0.07611959999202278,0.07611959999202278,0.0
2026-04-24,10,0.2079655507768634,0.2079655507768634,0.0
2026-04-24,21,0.2843989960314437,0.2843989960314437,0.0
2026-04-27,1,-0.010947779223580367,-0.010947779223580367,0.0
2026-04-27,2,-0.058839866177947675,-0.058839866177947675,0.0
2026-04-27,5,0.02754207532223152,0.02754207532223152,0.0
2026-04-27,10,0.1931475804336258,0.1931475804336258,0.0
2026-04-27,21,0.2513366766042431,0.2513366766042431,0.0
2026-04-28,1,-0.048422202537264813,-0.048422202537264813,0.0
2026-04-28,2,-0.021152959061617738,-0.021152959061617738,0.0
2026-04-28,5,0.028937213879649093,0.028937213879649093,0.0
2026-04-28,10,0.21495442057725955,0.21495442057725955,0.0
2026-04-28,21,0.2632328613993824,0.2632328613993824,0.0
2026-04-29,1,0.0286568723527989,0.0286568723527989,0.0
2026-04-29,2,0.0698674166359543,0.0698674166359543,0.0
2026-04-29,5,0.1467432925371519,0.1467432925371519,0.0
2026-04-29,10,0.2434909714531419,0.2434909714531419,0.0
2026-04-29,21,0.3459395860848644,0.3459395860848644,0.0
2026-04-30,1,0.040062478938089896,0.040062478938089896,0.0
2026-04-30,2,0.06136694881422944,0.06136694881422944,0.0
2026-04-30,5,0.20334656720010647,0.20334656720010647,0.0
2026-04-30,10,0.2430579739138401,0.2430579739138401,0.0
2026-04-30,21,0.3164774488849671,0.3164774488849671,0.0
2026-05-01,1,0.020483836603635064,0.020483836603635064,0.0
2026-05-01,2,0.010682191385749107,0.010682191385749107,0.0
2026-05-01,5,0.12251979313992423,0.12251979313992423,0.0
2026-05-01,10,0.21561983363873205,0.21561983363873205,0.0
2026-05-01,21,0.2859682471824774,0.2859682471824774,0.0
2026-05-04,1,-0.009604900015376727,-0.009604900015376727,0.0
2026-05-04,2,0.05034051313699628,0.05034051313699628,0.0
2026-05-04,5,0.16116664133627912,0.16116664133627912,0.0
2026-05-04,10,0.141557317841011,0.141557317841011,0.0
2026-05-04,21,0.2737011265418654,0.2737011265418654,0.0
2026-05-05,1,0.060526766694730005,0.060526766694730005,0.0
2026-05-05,2,0.14476589109445714,0.14476589109445714,0.0
2026-05-05,5,0.18078577019896613,0.18078577019896613,0.0
2026-05-05,10,0.1429081914960013,0.1429081914960013,0.0
2026-05-05,21,0.2757945112206983,0.2757945112206983,0.0
2026-05-06,1,0.07943139866452342,0.07943139866452342,0.0
2026-05-06,2,0.04726782273324548,0.04726782273324548,0.0
2026-05-06,5,0.0843673379609986,0.0843673379609986,0.0
2026-05-06,10,0.06191491968034102,0.06191491968034102,0.0
2026-05-06,21,0.18902030956389493,0.18902030956389493,0.0
2026-05-07,1,-0.02979677631303923,-0.02979677631303923,0.0
2026-05-07,2,0.024163718726104566,0.024163718726104566,0.0
2026-05-07,5,0.0330008060821021,0.0330008060821021,0.0
2026-05-07,10,0.019823197794532676,0.019823197794532676,0.0
2026-05-07,21,0.0010291237977899659,0.0010291237977899659,0.0
2026-05-08,1,0.05561772391776176,0.05561772391776176,0.0
2026-05-08,2,0.0631430795920418,0.0631430795920418,0.0
2026-05-08,5,0.0829384399881159,0.0829384399881159,0.0
2026-05-08,10,0.05743596889412772,0.05743596889412772,0.0
2026-05-08,21,0.03615989324067459,0.03615989324067459,0.0
2026-05-11,1,0.007128864458954665,0.007128864458954665,0.0
2026-05-11,2,-0.019128774770660106,-0.019128774770660106,0.0
2026-05-11,5,-0.01688760492869612,-0.01688760492869612,0.0
2026-05-11,10,0.0072533834227608285,0.0072533834227608285,0.0
2026-05-11,21,-0.012620879183233402,-0.012620879183233402,0.0
2026-05-12,1,-0.026071777064716306,-0.026071777064716306,0.0
2026-05-12,2,0.0014891084575043845,0.0014891084575043845,0.0
2026-05-12,5,-0.0320782818178631,-0.0320782818178631,0.0
2026-05-12,10,0.04134579082531542,0.04134579082531542,0.0
2026-05-12,21,-0.0355059482452883,-0.0355059482452883,0.0
2026-05-13,1,0.028298682462611024,0.028298682462611024,0.0
2026-05-13,2,0.045887811719835137,0.045887811719835137,0.0
2026-05-13,5,-0.020705546445982215,-0.020705546445982215,0.0
2026-05-13,10,0.0675702874607178,0.0675702874607178,0.0
2026-05-13,21,0.028309551218979934,0.028309551218979934,0.0
2026-05-14,1,0.01710507808402606,0.01710507808402606,0.0
2026-05-14,2,-0.025297908255524693,-0.025297908255524693,0.0
2026-05-14,5,-0.012756629239766504,-0.012756629239766504,0.0
2026-05-14,10,0.05260069116090671,0.05260069116090671,0.0
2026-05-14,21,0.006403390886554394,0.006403390886554394,0.0
2026-05-15,1,-0.04168987772573851,-0.04168987772573851,0.0
2026-05-15,2,-0.049771216650625005,-0.049771216650625005,0.0
2026-05-15,5,-0.023549326676655435,-0.023549326676655435,0.0
2026-05-15,10,0.041252884899268816,0.041252884899268816,0.0
2026-05-15,21,0.015513672833328052,0.015513672833328052,0.0
2026-05-18,1,-0.008432905733801399,-0.008432905733801399,0.0
2026-05-18,2,-0.022938012648942463,-0.022938012648942463,0.0
2026-05-18,5,0.02455567488771826,0.02455567488771826,0.0
2026-05-18,10,0.10389150818754578,0.10389150818754578,0.0
2026-05-18,21,0.04964351660757904,0.04964351660757904,0.0
2026-05-19,1,-0.014628467401770151,-0.014628467401770151,0.0
2026-05-19,2,0.021480833253912257,0.021480833253912257,0.0
2026-05-19,5,0.07585744927913907,0.07585744927913907,0.0
2026-05-19,10,0.12524658743239026,0.12524658743239026,0.0
2026-05-19,21,0.05626876478997933,0.05626876478997933,0.0
2026-05-20,1,0.03664536620057346,0.03664536620057346,0.0
2026-05-20,2,0.042850650555818603,0.042850650555818603,0.0
2026-05-20,5,0.09014227905236538,0.09014227905236538,0.0
2026-05-20,10,0.13284207968097173,0.13284207968097173,0.0
2026-05-20,21,0.07194974671615251,0.07194974671615251,0.0
2026-05-21,1,0.005985927837586669,0.005985927837586669,0.0
2026-05-21,2,0.011540405333615666,0.011540405333615666,0.0
2026-05-21,5,0.06620183263458612,0.06620183263458612,0.0
2026-05-21,10,0.08011336392359802,0.08011336392359802,0.0
2026-05-21,21,0.034056372281848324,0.034056372281848324,0.0
2026-05-22,1,0.005521426634633508,0.005521426634633508,0.0
2026-05-22,2,0.04696606087274158,0.04696606087274158,0.0
2026-05-22,5,0.06636506415154608,0.06636506415154608,0.0
2026-05-22,10,-0.02426941000031313,-0.02426941000031313,0.0
2026-05-22,21,0.027903416606035236,0.027903416606035236,0.0
2026-05-26,1,0.04121705728023972,0.04121705728023972,0.0
2026-05-26,2,0.03960829828310164,0.03960829828310164,0.0
2026-05-26,5,0.0774343798432644,0.0774343798432644,0.0
2026-05-26,10,-0.025501063144146463,-0.025501063144146463,0.0
2026-05-26,21,0.02225908804978083,0.02225908804978083,0.0
2026-05-27,1,-0.0015450755304954322,-0.0015450755304954322,0.0
2026-05-27,2,0.01231323642938209,0.01231323642938209,0.0
2026-05-27,5,0.04590676784024117,0.04590676784024117,0.0
2026-05-27,10,-0.05853553963575131,-0.05853553963575131,0.0
2026-05-27,21,-0.01820750927763204,-0.01820750927763204,0.0
2026-05-28,1,0.013879757233147716,0.013879757233147716,0.0
2026-05-28,2,0.020104918641559166,0.020104918641559166,0.0
2026-05-28,5,0.03916901623678348,0.03916901623678348,0.0
2026-05-28,10,-0.07236714021059731,-0.07236714021059731,0.0
2026-05-28,21,-0.01668821830488687,-0.01668821830488687,0.0
2026-05-29,1,0.006139940524505283,0.006139940524505283,0.0
2026-05-29,2,0.02219708872002446,0.02219708872002446,0.0
2026-05-29,5,0.01304774655529961,0.01304774655529961,0.0
2026-05-29,10,-0.04996208149329939,-0.04996208149329939,0.0
2026-05-29,21,-0.030149507690589994,-0.030149507690589994,0.0
2026-06-01,1,0.015959159902894315,0.015959159902894315,0.0
2026-06-01,2,0.02687993594116711,0.02687993594116711,0.0
2026-06-01,5,-0.08499385172935359,-0.08499385172935359,0.0
2026-06-01,10,-0.049723365124827223,-0.049723365124827223,0.0
2026-06-01,21,-0.03606799288395002,-0.03606799288395002,0.0
2026-06-02,1,0.010749227399373673,0.010749227399373673,0.0
2026-06-02,2,0.002686337849738818,0.002686337849738818,0.0
2026-06-02,5,-0.09553755190398217,-0.09553755190398217,0.0
2026-06-02,10,-0.04003962404809169,-0.04003962404809169,0.0
2026-06-02,21,-0.05120988602712817,-0.05120988602712817,0.0
2026-06-03,1,-0.007977141442274793,-0.007977141442274793,0.0
2026-06-03,2,-0.019490384319290732,-0.019490384319290732,0.0
2026-06-03,5,-0.09985814289323502,-0.09985814289323502,0.0
2026-06-03,10,-0.05925478706219067,-0.05925478706219067,0.0
2026-06-03,21,-0.06130018381109292,-0.06130018381109292,0.0
2026-06-04,1,-0.011605824178038349,-0.011605824178038349,0.0
2026-06-04,2,-0.10178011675295129,-0.10178011675295129,0.0
2026-06-04,5,-0.10733206504875847,-0.10733206504875847,0.0
2026-06-04,10,-0.05375182830599612,-0.05375182830599612,0.0
2026-06-04,21,-0.05375182830599612,-0.05375182830599612,0.0
2026-06-05,1,-0.09123312822024954,-0.09123312822024954,0.0
2026-06-05,2,-0.08736889801682446,-0.08736889801682446,0.0
2026-06-05,5,-0.06219828064654742,-0.06219828064654742,0.0
2026-06-05,10,-0.04264088676251909,-0.04264088676251909,0.0
2026-06-05,21,-0.04264088676251909,-0.04264088676251909,0.0
