model,date,top_asset,second_asset,top_score,second_score,score_gap,turnover,tx_cost_applied,overlay_fraction,v2_tqqq_scale,v2_alert_action,war_strength,growth_strength,risk_off_strength,soxx_strength,copper_strength,copper_3m_strength,industrial_strength,materials_strength,usd_3m_strength,hyg_strength,credit_strength,tech_real_economy_divergence,crash_pressure,soxx_5d,soxx_10d,soxx_dd_21,qqqm_5d,qqqm_10d,qqqm_dd_21,breakdown_score,overlay_style,conditional_breakdown_defense_level,raw_pred_QQQM,adj_pred_QQQM,signal_w_QQQM,exec_w_QQQM,raw_pred_XLE,adj_pred_XLE,signal_w_XLE,exec_w_XLE,raw_pred_XSOE,adj_pred_XSOE,signal_w_XSOE,exec_w_XSOE,raw_pred_XLI,adj_pred_XLI,signal_w_XLI,exec_w_XLI,raw_pred_XLB,adj_pred_XLB,signal_w_XLB,exec_w_XLB,signal_w_BIL,exec_w_BIL,exec_w_TQQQ,exec_w_ERX,exec_w_UXI,exec_w_SOXL
CURRENT_BEST_WITH_DIVERGENCE_ALERTS,2023-10-17,XLE,QQQM,-0.025804800598098684,-0.028737891498492388,0.0029330909003937033,0.0,0.0,0.0,0.0,HARD_EXIT_TO_BIL,-0.10600529155892344,-0.03618251884620145,0.9319620813485079,-0.08666923478642666,-0.381051870695423,-0.04429181395223388,-0.3103407972569625,-0.25376056366114735,1.9100213543075666,0.018288045187905836,-0.9299701573015667,0.27556851868376386,0.5381259437496615,-0.010760143003048728,0.02942988708177441,-0.020651964795883826,-0.0007253228997111671,0.0377424938353732,-0.00792361879844039,0.0,hybrid,off,-0.026513984134887505,-0.028737891498492388,0.0,0.0,-0.025804800598098684,-0.025804800598098684,0.0,0.0,-0.02759954271889803,-0.03173903326609501,0.0,0.0,-0.0274036373791582,-0.029654175531877786,0.0,0.0,-0.02752817382072826,-0.02987651790074375,0.0,0.0,1.0,1.0,0.0,0.0,0.0,0.0
CURRENT_BEST_WITH_DIVERGENCE_ALERTS,2023-10-31,XLB,XLI,0.02772187086097589,0.02719341387591396,0.0005284569850619314,2.0,0.002,0.0,0.08092,V2_TQQQ_TO_QQQM_OVERLAY,0.43769754436154995,-0.8973951752216438,0.4818809825519168,-1.1520008125258492,0.7293717772919829,0.39338773848003605,0.4013663478649398,0.5687274014499121,1.3726127556149033,0.9511833909056848,0.3151054818596448,-1.4557395206694368,-0.6806913193808953,-0.04007725809490481,-0.07818123182692072,-0.09721860057541609,-0.02301473282417088,-0.047326587967085,-0.05487520892344333,6.0,hybrid,off,0.02680002815820707,0.02602919737028472,0.0,0.0,0.016629135151020297,0.017504530239743396,0.0,0.0,0.020154304358413158,0.019524422292738552,0.0,0.0,0.02733270792996614,0.02719341387591396,0.4,0.4,0.026835151716946264,0.02772187086097589,0.6,0.6,0.0,0.0,0.0,0.0,0.0,0.0
CURRENT_BEST_WITH_DIVERGENCE_ALERTS,2023-11-14,QQQM,XSOE,0.007022241966882561,0.005142554341936036,0.0018796876249465256,2.0,0.002,0.0,0.1904,V2_TQQQ_TO_QQQM_OVERLAY,0.01926405392079844,0.0023908493649106247,-0.46556240603447246,-0.00217593315542948,0.15845851893490262,0.07654771084010173,0.03193914394637774,0.07031774524919507,0.4956943538491315,0.4264518164169682,0.6753094983003312,-0.08093661753401064,-0.2347869329341954,0.06424395673311278,0.14846645474613873,0.0,0.03391382650506669,0.09838546710726725,0.0,0.0,hybrid,off,0.006400553301431495,0.007022241966882561,0.6,0.6,0.004100762442499225,0.004137377870848893,0.0,0.0,0.004638889085026124,0.005142554341936036,0.4,0.4,0.0044627194564275195,0.0044627194564275195,0.0,0.0,0.0046699655068049165,0.0046699655068049165,0.0,0.0,0.0,0.0,0.0,0.0,0.0,0.0
CURRENT_BEST_WITH_DIVERGENCE_ALERTS,2023-11-29,QQQM,XLI,0.009182274860375582,0.0023991032572094153,0.006783171603166167,1.3323057209514837,0.0013323057209514836,0.6153829587827595,0.85,V2_TQQQ_TO_QQQM_OVERLAY,-0.19090131648174308,0.7153246386069861,-1.0478711408010193,1.1550184413809488,-1.0240593439039793,0.1594186750734009,-0.46980872194514933,-0.616759770806272,0.19069828716500797,-1.262025778135639,0.27904283381668804,1.4028414142411774,0.42255639222429864,0.0074597038413830585,0.01808792913530133,-0.011372165263218825,0.0035661288830126647,0.011795576365187577,-0.0022393947552521443,0.0,hybrid,off,0.005764074660043747,0.009182274860375582,0.7,0.3338471395242581,-0.0033104156469176073,-0.0038826753578031963,0.0,0.0,0.0016843202932515253,0.0016508123323251973,0.0,0.0,0.0023991032572094153,0.0023991032572094153,0.30000000000000004,0.30000000000000004,0.0020110848451949217,0.0020110848451949217,0.0,0.0,0.0,0.0,0.36615286047574186,0.0,0.0,0.0
CURRENT_BEST_WITH_DIVERGENCE_ALERTS,2023-12-13,QQQM,XLI,0.022842190221793235,0.0177648766078651,0.005077313613928134,0.7323057209514837,0.0007323057209514838,0.0,0.68,V2_TQQQ_TO_QQQM_OVERLAY,-0.2753689815488774,0.10430309624815132,-0.16945837679905829,0.7093180554873311,-0.5238789123571671,-0.19897203313899603,0.3636331486319997,-0.16875598717055798,-0.4083681615282218,-0.5326341678058291,0.15349722439165797,0.19325976344379683,0.04817250734665478,0.09453635122281812,0.0670068073109098,0.0,0.048737153027776925,0.03566082754095423,0.0,0.0,hybrid,off,0.02142192652832137,0.022842190221793235,0.7,0.7,0.015603870961773281,0.01552042848477476,0.0,0.0,0.01640511099899053,0.01651255905606469,0.0,0.0,0.017116306756661176,0.0177648766078651,0.30000000000000004,0.30000000000000004,0.016413155721231153,0.016413155721231153,0.0,0.0,0.0,0.0,0.0,0.0,0.0,0.0
CURRENT_BEST_WITH_DIVERGENCE_ALERTS,2023-12-28,QQQM,XLI,0.0014652577346740397,0.0002559743800618858,0.001209283354612154,0.19999999999999996,0.00019999999999999996,0.0,0.476,V2_TQQQ_TO_QQQM_OVERLAY,0.09772894794792808,0.35770339886802605,0.23613474147330038,1.1265362179581746,-0.20284044682634705,-0.27394316750676845,0.5182405671765231,-0.035811486295474204,-1.1209702944602058,-0.13441953217852173,-0.09777979745149999,0.24970535460756305,0.244277109353858,0.049912270708296846,0.053602372244049956,-0.0018745892596817582,0.02092754582429568,0.021357874436355173,-0.00041343690040451797,0.0,hybrid,off,0.00044103022317119406,0.0014652577346740397,0.6,0.6,-0.002831091412794644,-0.0029217962359932084,0.0,0.0,-0.001483202656821824,-0.0020141095085371816,0.0,0.0,-0.001483202656821824,0.0002559743800618858,0.4,0.4,-0.0016554821351289863,-0.002056911195633597,0.0,0.0,0.0,0.0,0.0,0.0,0.0,0.0
CURRENT_BEST_WITH_DIVERGENCE_ALERTS,2024-01-12,QQQM,XSOE,0.008678020320043098,-0.006213485365030257,0.014891505685073355,0.8,0.0008,0.0,0.0952,V2_TQQQ_TO_QQQM_OVERLAY,-0.11922630645052457,-0.6092797683590406,0.6036244999646437,-0.4708065615444057,-0.6517297240806068,-0.28592064983619614,-0.4068766446816483,-0.5155225619739596,-0.9929980239163678,0.3109023255977674,-0.07429684957892227,-0.09092112880539585,0.18689712270262,0.028698556942504894,-0.03957898648641078,-0.04137938140311603,0.03232913963620665,-0.004016899202967883,-0.004428675369016699,0.0,hybrid,off,0.009909087492039805,0.008678020320043098,0.7,0.7,-0.006243677375535707,-0.006243677375535707,0.0,0.0,-0.00528604845813896,-0.006213485365030257,0.30000000000000004,0.30000000000000004,-0.00528604845813896,-0.0063725725580753186,0.0,0.0,-0.005383900264732157,-0.0064100619146720515,0.0,0.0,0.0,0.0,0.0,0.0,0.0,0.0
CURRENT_BEST_WITH_DIVERGENCE_ALERTS,2024-01-29,QQQM,XLE,0.012167515036604536,0.007928597701649262,0.004238917334955274,0.8,0.0008,0.0,0.11560000000000001,V2_TQQQ_TO_QQQM_OVERLAY,-0.6078181653335984,-0.2801025022888014,0.4847192156211371,-0.24968345683486887,-0.7841054774321,-0.8291001107956216,-1.2395271215436667,-1.0334768465994921,-0.8514239937887139,-0.909778189822079,-0.7843475366608097,0.7506805297909341,0.6442960041230154,0.0013095523331265735,0.08360387845262163,-0.019560442443371517,0.015264975108971734,0.045373726839660344,0.0,0.0,hybrid,off,0.013330841154095266,0.012167515036604536,0.6,0.6,0.007928597701649262,0.007928597701649262,0.4,0.4,0.008140467676167763,0.0071710292449254885,0.0,0.0,0.008366023169086105,0.007493528580968058,0.0,0.0,0.007875919160234958,0.007051896493679025,0.0,0.0,0.0,0.0,0.0,0.0,0.0,0.0
CURRENT_BEST_WITH_DIVERGENCE_ALERTS,2024-02-12,QQQM,XLE,0.004343303165794969,0.003775867734886529,0.0005674354309084398,0.0,0.0,0.0,0.4046,V2_TQQQ_TO_QQQM_OVERLAY,0.1964807542370894,0.4150368698608135,0.47177324832824274,0.9987395319689416,-1.1973435973679212,-1.0856546470522304,-0.986757654399365,-1.1730018837621459,-0.5900968050121802,-1.7506694989460947,-1.2627751016776327,1.5301557874277187,1.1068027717879283,0.03914852341780284,0.0402325431010786,-0.0018111583201169124,0.015988156206053317,0.016737525326743885,-0.0038908821349658007,0.0,hybrid,off,0.003243982725147907,0.004343303165794969,0.6,0.6,0.0037149357223010006,0.003775867734886529,0.4,0.4,0.003140833523377571,0.0020793985741788317,0.0,0.0,0.0029369494286530145,0.0020877575816621776,0.0,0.0,0.0030035516122173997,0.002201537090059387,0.0,0.0,0.0,0.0,0.0,0.0,0.0,0.0
CURRENT_BEST_WITH_DIVERGENCE_ALERTS,2024-02-27,XLE,QQQM,0.012521453302811045,0.01143963686496283,0.0010818164378482154,0.3999999999999999,0.0003999999999999999,0.0,0.113288,V2_TQQQ_TO_QQQM_OVERLAY,0.138452044616179,-0.32213383007218743,0.5568323444821655,0.31949199831991454,-0.6360786979961471,-0.6974503470168418,0.11356098445762978,-0.40980819281503433,0.23197769771193302,-1.2732006653223067,-0.7115528479111741,-0.027623697748251685,0.20615871914391518,0.044760569084803636,0.021996121123026402,-0.0020205382775180247,0.0241601638690907,0.005357208738981933,-0.001108881863003952,0.0,hybrid,off,0.012403299339024343,0.01143963686496283,0.4,0.4,0.012244549213578688,0.012521453302811045,0.6,0.6,0.011904524505279086,0.010429415352290729,0.0,0.0,0.012003671147159056,0.011001372927091158,0.0,0.0,0.012085523870764153,0.011138908885144471,0.0,0.0,0.0,0.0,0.0,0.0,0.0,0.0
CURRENT_BEST_WITH_DIVERGENCE_ALERTS,2024-03-12,XLB,XLI,0.022421588414966605,0.020121215170273248,0.0023003732446933572,2.0,0.002,0.0,0.07080499999999999,V2_TQQQ_TO_QQQM_OVERLAY,0.016883721371500696,-0.2489124161787602,0.8985547006429484,0.8095404058741683,1.8745371851768364,-0.5090988181270829,1.4993830506020591,1.3815548569039546,-0.39905816301427066,-0.4837201436214482,-0.48673215333782816,-1.8196018393589157,-0.73233922335817,0.02414344797359269,0.0735077862116631,-0.033564593025720235,0.017380710954122636,0.0137099838996253,-0.004632589032214418,0.0,hybrid,off,0.01838538933431362,0.015108226099834421,0.0,0.0,0.01825636307003136,0.018290130512774363,0.0,0.0,0.018140094309985613,0.019332114172159756,0.0,0.0,0.018140094309985613,0.020121215170273248,0.4,0.4,0.018265880236040408,0.022421588414966605,0.6,0.6,0.0,0.0,0.0,0.0,0.0,0.0
CURRENT_BEST_WITH_DIVERGENCE_ALERTS,2024-03-26,XLE,XLI,0.022088700040852408,0.019371839549881722,0.0027168604909706857,1.2,0.0012,0.0,0.08092,V2_TQQQ_TO_QQQM_OVERLAY,0.5070427544841691,-0.5812800741420246,0.47956955241320376,-0.1254427902848927,1.241059610634496,0.009438277482399827,0.9861741694468511,0.9764383020293286,1.105474201032111,-0.12882870699348906,-0.025425226910369983,-1.6405123223490363,-0.7924795724441402,0.02928448600565714,-0.028995513715547427,-0.06158688412383362,0.010918195413583742,0.000672896277154944,-0.0064821157442628285,1.0,hybrid,off,0.01640585423669631,0.013169965885305489,0.0,0.0,0.019553486268431564,0.022088700040852408,0.6,0.6,0.016303689523870884,0.015699451102130633,0.0,0.0,0.016388985483382766,0.019371839549881722,0.4,0.4,0.016388985483382766,0.018980660407977527,0.0,0.0,0.0,0.0,0.0,0.0,0.0,0.0
CURRENT_BEST_WITH_DIVERGENCE_ALERTS,2024-04-10,XLB,XLE,-0.0171661388187232,-0.020053047716949407,0.0028869088982262057,2.0,0.002,0.0,0.0,HARD_EXIT_TO_BIL,0.7989754596894414,-0.738535189374627,0.48758403618381646,-0.8442351562676093,2.8333310406074528,2.332121890228815,1.4214180044535614,2.3683373477583647,1.049322205226429,-0.01189737596050077,-0.17711511292324444,-2.914948874831037,-1.5539357104250955,-0.021826790606321977,-0.010723134365847153,-0.03940772529181602,-0.008410729939427486,-0.011074353712212548,-0.0174846842139198,0.0,hybrid,off,-0.025474232020916067,-0.029717677974572365,0.0,0.0,-0.024047925015396612,-0.020053047716949407,0.0,0.0,-0.026554979255963628,-0.024735389585444717,0.0,0.0,-0.025499727586125474,-0.020833848633887455,0.0,0.0,-0.026299124577334045,-0.0171661388187232,0.0,0.0,1.0,1.0,0.0,0.0,0.0,0.0
CURRENT_BEST_WITH_DIVERGENCE_ALERTS,2024-04-24,XLB,XSOE,0.018461370604640467,0.01731035319767118,0.0011510174069692888,1.0,0.001,0.0,0.0099127,V2_TQQQ_TO_QQQM_OVERLAY,0.38864624088932703,-1.1085966742231959,1.1359945342150444,-1.173075292921731,3.0,2.6291791174254127,1.3389051445912696,2.4662266090922973,0.9382424952645027,1.4917252009503394,0.13192709402245562,-3.3403927880124438,-1.5498378591214483,-0.008652010958478673,-0.05419767339100523,-0.08655291000327103,0.0014838730444575177,-0.027109264644501252,-0.04255526877546567,2.0,hybrid,off,0.014584655026955483,0.010437544860280484,0.0,0.0,0.015071668285613219,0.01494016514001984,0.0,0.0,0.014706519358281241,0.01731035319767118,0.4,0.2,0.014388306047114796,0.015556888232546763,0.0,0.0,0.014392561312806041,0.018461370604640467,0.6,0.3,0.0,0.5,0.0,0.0,0.0,0.0
CURRENT_BEST_WITH_DIVERGENCE_ALERTS,2024-05-08,XLB,XSOE,0.023278010023833312,0.019558452499221668,0.003719557524611644,1.0,0.001,0.0,0.136,V2_TQQQ_TO_QQQM_OVERLAY,0.17605034831925392,-0.6205716564510743,-0.19435073776763326,-0.8228290774545395,1.4536326359391891,3.0,0.5604429323447427,1.5516276102918516,0.44099074991823467,0.8662609367436285,0.836638323863252,-1.795886137155639,-1.1552719774004367,0.058812050536476645,0.049774607621190015,-0.0290504964374394,0.04398951894412528,0.031853446495711424,-0.01205735425680421,0.0,hybrid,off,0.016665505604783113,0.016617448382364435,0.0,0.0,0.016579832632519293,0.0169319333291578,0.0,0.0,0.016502177720838857,0.019558452499221668,0.4,0.4,0.016502177720838857,0.01902256048652865,0.0,0.0,0.01639846609754634,0.023278010023833312,0.6,0.6,0.0,0.0,0.0,0.0,0.0,0.0
CURRENT_BEST_WITH_DIVERGENCE_ALERTS,2024-05-22,QQQM,XLB,0.019447497239487667,0.01656594044802473,0.0028815567914629373,1.2,0.0012,0.5723237490203078,0.595,V2_TQQQ_TO_QQQM_OVERLAY,-0.32607352371051757,1.171850024334001,-1.0478808148772654,1.4345303428524638,0.7126145978942863,2.5318918772144436,-0.09156456053341079,1.0280209931481323,0.20391431741911364,-1.0575083526876405,0.06454178562567592,0.6303058935505627,-0.04096878982056862,0.019811766396928387,0.07454789036696807,0.0,0.006278554290562344,0.03556452272913657,-0.00026644096903116754,0.0,hybrid,off,0.012430535418975068,0.019447497239487667,0.6,0.39568042159975014,0.012414824257292286,0.011477344237825085,0.0,0.0,0.012559080240531862,0.013499745666197755,0.0,0.0,0.012283977974493432,0.012238195694226727,0.0,0.0,0.012182346735500105,0.01656594044802473,0.4,0.4,0.0,0.0,0.20431957840024986,0.0,0.0,0.0
CURRENT_BEST_WITH_DIVERGENCE_ALERTS,2024-06-06,QQQM,XLB,0.014946500479775374,0.011812464310759906,0.003134036169015468,0.08257379592067887,8.257379592067888e-05,0.48158132619723387,0.85,V2_TQQQ_TO_QQQM_OVERLAY,-0.3916393641929844,0.9575720803157864,-0.565663117839439,1.0200280772808668,-0.41024424854560415,1.7899380519640304,-1.0626191605519462,0.010338190629194777,0.3073009347438324,-0.7397022219485582,-0.2517460348101931,1.4489436943524308,0.6431009694756828,0.020387436810364257,0.02338035604112565,-0.008198385119459584,0.02609626280290156,0.01695820500473899,-0.00015718354314231409,0.0,hybrid,off,0.011399311395494414,0.014946500479775374,0.6,0.3543935236394107,0.010945560986362603,0.010179503322109974,0.0,0.0,0.010840687693126837,0.010471926571434238,0.0,0.0,0.010840687693126837,0.010840687693126837,0.0,0.0,0.010738501479581487,0.011812464310759906,0.4,0.4,0.0,0.0,0.24560647636058927,0.0,0.0,0.0
CURRENT_BEST_WITH_DIVERGENCE_ALERTS,2024-06-21,QQQM,XLI,0.014731645291561388,0.011079648131798719,0.003651997159762669,0.8193717410539454,0.0008193717410539454,0.500573229191298,0.85,V2_TQQQ_TO_QQQM_OVERLAY,-0.5524446309805014,1.1492981900854715,-0.463546018659276,0.7299012893982967,-2.7310273750098872,0.8363310270711335,-2.0231866810884997,-1.7002645004572974,0.4645929461419616,-0.40303326432818637,-0.5223181588911404,3.2718143161294666,1.7776701822139696,-0.012532202740737741,0.038873536705052336,-0.03663989885704266,0.006932451469610079,0.03586779239661464,-0.010667551443520606,0.0,hybrid,off,0.01126520684835317,0.014731645291561388,0.6,0.344707653112438,0.011174311579339897,0.01025487302727152,0.0,0.0,0.011079648131798719,0.010522136596428365,0.0,0.0,0.011079648131798719,0.011079648131798719,0.4,0.4,0.01107539925376516,0.01107539925376516,0.0,0.0,0.0,0.0,0.25529234688756197,0.0,0.0,0.0
CURRENT_BEST_WITH_DIVERGENCE_ALERTS,2024-07-08,QQQM,XLB,0.015350642534977638,0.012674358969084233,0.002676283565893405,1.0450926107710525,0.0010450926107710525,0.4647970640827582,0.476,V2_TQQQ_TO_QQQM_OVERLAY,-0.3284691570965629,1.1882070363300268,-1.1211633918844461,0.2910835235947292,-0.6387252227286123,0.2896354917888456,-1.191119188005298,-0.5885748571051804,0.0061137820819894455,-0.9832448138266543,-0.41312428956154323,2.002717518937278,0.7531651546085885,0.052548572348966704,0.039274826582486266,0.0,0.038506367776788064,0.03792711519627834,0.0,0.0,hybrid,off,0.012508494824566018,0.015350642534977638,0.6,0.46725395849796425,0.012784203538615278,0.011833637909551257,0.0,0.0,0.012438606121715505,0.012431269583217119,0.0,0.0,0.012483204170971849,0.012483204170971849,0.0,0.0,0.012674358969084233,0.012674358969084233,0.4,0.4,0.0,0.0,0.13274604150203573,0.0,0.0,0.0
CURRENT_BEST_WITH_DIVERGENCE_ALERTS,2024-07-22,XLE,XLB,0.006007261914801483,0.004769856989745176,0.0012374049250563068,1.2,0.0012,0.0,0.028322,V2_TQQQ_TO_QQQM_OVERLAY,-0.26054302761440074,-1.3036212726903116,0.9522872173081796,-1.3508083582285535,-1.8188942432652604,-1.9364439254405463,-0.5286250164589336,-1.5400194076973504,-1.0219817343348685,0.5637141264792164,-0.04221306049253648,-0.03392745125603425,0.3605584161696513,-0.05357814503490521,-0.051427335238684146,-0.0725071349211881,-0.027962688711466788,-0.030336999639502094,-0.041111108461041046,4.0,hybrid,off,0.0061754090424878255,0.004284519609483646,0.0,0.0,0.006007261914801483,0.006007261914801483,0.6,0.6,0.006070895861750314,0.004673664140965249,0.0,0.0,0.006175409042487826,0.004461292051333103,0.0,0.0,0.006388745259169081,0.004769856989745176,0.4,0.4,0.0,0.0,0.0,0.0,0.0,0.0
CURRENT_BEST_WITH_DIVERGENCE_ALERTS,2024-08-05,XLE,XSOE,0.033580603454999296,0.030588178665270582,0.0029924247897287135,2.0,0.002,0.0,0.0,HARD_EXIT_TO_BIL,0.3664462739011225,-3.0,3.0,-3.0,-1.1682566325454902,-1.3310582292663466,0.7118768925115376,-0.6617358334763551,-1.189047687788186,3.0,0.0,-2.667072380898667,-0.40024342853920003,-0.11241211951577157,-0.17495134555232994,-0.23477325965691176,-0.06049983061191766,-0.09637780207232582,-0.1335267122591347,6.0,hybrid,off,0.0362389232535151,0.02963347395159551,0.0,0.0,0.03524771090719705,0.033580603454999296,0.6,0.0,0.03410804642961125,0.030588178665270582,0.4,0.0,0.032814440903384645,0.029122945445412333,0.0,0.0,0.03125146218328591,0.026151462183285908,0.0,0.0,0.0,1.0,0.0,0.0,0.0,0.0
CURRENT_BEST_WITH_DIVERGENCE_ALERTS,2024-08-19,XLE,XLB,0.006778883965050379,0.006165397527079856,0.0006134864379705235,2.0,0.002,0.0,0.0952,V2_TQQQ_TO_QQQM_OVERLAY,0.2547935651725517,-0.5611096700489451,-0.06151267472014743,-0.6447980589393725,-0.3627803319903267,-2.1270583717954135,-0.027806793100362256,-0.753010433181799,-1.2057355804695415,0.27270343302488614,0.4365750318118493,-0.17898954125309063,-0.13199879463991335,0.10403754305288704,0.15751129313558132,-0.04499686509050593,0.06598157728321064,0.10431566243710932,-0.00211585390262381,0.0,hybrid,off,0.004648010286451123,0.004802396640301917,0.0,0.0,0.006269296834705276,0.006778883965050379,0.6,0.6,0.004379858121311218,0.00477801759419838,0.0,0.0,0.004820516721466713,0.004820516721466713,0.0,0.0,0.006165397527079856,0.006165397527079856,0.4,0.4,0.0,0.0,0.0,0.0,0.0,0.0
CURRENT_BEST_WITH_DIVERGENCE_ALERTS,2024-09-03,QQQM,XSOE,-0.0015501962668685674,-0.0024829513977967024,0.000932755130928135,2.0,0.002,0.0,0.0,HARD_EXIT_TO_BIL,-0.2308591587376522,-0.36368681567611016,-0.0472513785969656,-0.24252177160021304,-0.6357462622236412,-1.4999225886596592,-0.15228156735043863,-0.7756118153587916,-1.0117188867606706,-0.3466444618335101,0.11635507755621419,0.15179974693921278,0.07217929672474142,-0.061662152348759935,-0.09210742104593583,-0.09280186689095815,-0.02836990123409666,-0.040339432034531164,-0.0429003638408888,5.0,hybrid,off,-0.0016083738056466746,-0.0015501962668685674,0.0,0.0,-0.0024893612665312583,-0.0024893612665312583,0.0,0.0,-0.0025643999520860526,-0.0024829513977967024,0.0,0.0,-0.0025643999520860526,-0.0025643999520860526,0.0,0.0,-0.0024893612665312583,-0.0024893612665312583,0.0,0.0,1.0,1.0,0.0,0.0,0.0,0.0
CURRENT_BEST_WITH_DIVERGENCE_ALERTS,2024-09-17,XLE,XLB,0.013135649327040007,0.012031791556694593,0.001103857770345414,2.0,0.002,0.0,0.028322,V2_TQQQ_TO_QQQM_OVERLAY,-0.48342444299945964,-1.224328002801463,0.8354933108996151,-1.3363968464346563,0.2626232182012522,-0.6690096939983005,0.5120674643219575,0.11570025847313223,-1.6566593920673904,0.48661857655578084,-0.036054443037590006,-1.52283367124012,-0.5795028783842259,0.04758502291685485,0.031147426066830297,-0.06454498011197773,0.032692169663263604,0.025357716684570875,-0.018630502428260143,1.0,hybrid,off,0.010689231936226836,0.008205373050741675,0.0,0.0,0.013135649327040007,0.013135649327040007,0.6,0.6,0.011168611409240598,0.010355778655463575,0.0,0.0,0.010097854385245986,0.009822928339999376,0.0,0.0,0.013452130185223938,0.012031791556694593,0.4,0.4,0.0,0.0,0.0,0.0,0.0,0.0
CURRENT_BEST_WITH_DIVERGENCE_ALERTS,2024-10-01,XLB,XLE,0.018817653979282725,0.01771143318410732,0.0011062207951754062,0.3999999999999999,0.0003999999999999999,0.0,0.08092,V2_TQQQ_TO_QQQM_OVERLAY,-0.09847027878078096,-0.4692064492828283,0.48498879967620073,-0.8837052406838786,1.49375765757315,0.10605522450311614,0.9053056243360526,1.0126076232229146,-1.5127363861899836,0.6312546968083562,-0.14200762233113362,-1.5886033832004116,-0.7591665100497667,-0.011371423386919988,0.020557576846066627,-0.052023775318818855,-0.008410933264598963,0.017751025405289722,-0.016779092174539212,0.0,hybrid,off,0.011171212352333138,0.009000628521938421,0.0,0.0,0.01771143318410732,0.01771143318410732,0.4,0.4,0.01226921842698287,0.014257382306875028,0.0,0.0,0.011144312485790958,0.0138020245812844,0.0,0.0,0.015236968951073881,0.018817653979282725,0.6,0.6,0.0,0.0,0.0,0.0,0.0,0.0
CURRENT_BEST_WITH_DIVERGENCE_ALERTS,2024-10-15,XLE,XLB,0.011297612049414226,0.00764064455322167,0.0036569674961925563,0.3999999999999999,0.0003999999999999999,0.0,0.272,V2_TQQQ_TO_QQQM_OVERLAY,0.3108428845780934,0.06257959062526036,0.20729008157834378,-0.12134064845512904,-0.08062633948065619,-0.3411057078388272,0.09729673919570415,-0.09749451459107594,-0.02944541459101524,-0.7476932253368196,-0.7043866090995785,0.08683671385783734,0.1350180609460399,-0.023031886678578473,0.014411235866693906,-0.051876517696548996,0.003178012535034913,0.019993922285681087,-0.013333304241137989,0.0,hybrid,off,0.007624238027300486,0.006941058128184888,0.0,0.0,0.010725989952758247,0.011297612049414226,0.6,0.6,0.0075714568719087855,0.006970370978005242,0.0,0.0,0.007624238027300486,0.007251115880459467,0.0,0.0,0.007993037691904854,0.00764064455322167,0.4,0.4,0.0,0.0,0.0,0.0,0.0,0.0
CURRENT_BEST_WITH_DIVERGENCE_ALERTS,2024-10-29,XLE,XLB,0.012396837155850863,0.010028816971100368,0.0023680201847504946,0.0,0.0,0.0,0.1904,V2_TQQQ_TO_QQQM_OVERLAY,-0.4483794444900617,0.25953324756526763,-0.038571597367700855,-0.046649900584405976,-0.6635341718885813,0.0961726779652842,-0.6497291456250837,-0.5123669547114986,0.34116672333890646,-0.19689417027319117,-0.34273368562636536,0.8653271342496457,0.503767641602707,0.03196238762236203,0.035230348263224354,-0.018473797218457433,0.00832874512199866,0.01876044934121257,0.0,0.0,hybrid,off,0.007521066411015593,0.008040132906146129,0.0,0.0,0.012604463753903077,0.012396837155850863,0.6,0.6,0.007675670980415039,0.007266270912408351,0.0,0.0,0.007675670980415039,0.007675670980415039,0.0,0.0,0.010028816971100368,0.010028816971100368,0.4,0.4,0.0,0.0,0.0,0.0,0.0,0.0
CURRENT_BEST_WITH_DIVERGENCE_ALERTS,2024-11-12,XLE,XLB,0.012078958528937034,0.01102997872347051,0.0010489798054665236,0.0,0.0,0.0,0.0952,V2_TQQQ_TO_QQQM_OVERLAY,-0.6436071862396124,-0.6476905463349868,-0.7902993787247363,-1.7884443098079872,-1.0470698171985395,-0.42497871407765236,-0.785041710376824,-0.9815427850421817,1.8319894626412614,-0.16029408404667575,0.46362072813239164,0.28473497222122707,-0.14527876815715834,0.005588895846372788,-0.05208806968257751,-0.05208806968257751,0.042205618523680544,0.025849170730261495,-0.002315419425267584,1.0,hybrid,off,0.007551714341416318,0.0077835247054825136,0.0,0.0,0.012078958528937034,0.012078958528937034,0.6,0.6,0.010450425813482387,0.008576572968005548,0.0,0.0,0.00747723799918119,0.006927641160388812,0.0,0.0,0.011762774508527014,0.01102997872347051,0.4,0.4,0.0,0.0,0.0,0.0,0.0,0.0
CURRENT_BEST_WITH_DIVERGENCE_ALERTS,2024-11-26,XLE,QQQM,0.0063105366701524945,0.005749668200834915,0.0005608684693175795,0.8,0.0008,0.0,0.0952,V2_TQQQ_TO_QQQM_OVERLAY,0.332115165384371,-1.0449814668818953,-0.4543429537540883,-1.73888016913654,-1.3660182413573922,-0.6419321811179051,-0.5253342439493451,-1.1055218878318782,2.551794770498545,-0.5046756888518361,0.3775464916417955,-0.06437634835124956,-0.22036299051238506,0.005131796913848907,-0.03433287004816499,-0.08463260680327078,0.011679036593229108,-0.007104587599375378,-0.009403556924506895,1.0,hybrid,off,0.005893010120398388,0.005749668200834915,0.4,0.4,0.005646306339383752,0.0063105366701524945,0.6,0.6,0.006943325720031071,0.003946185440351452,0.0,0.0,0.005718936755253456,0.0049533983241038925,0.0,0.0,0.006150162491426845,0.005129444583227427,0.0,0.0,0.0,0.0,0.0,0.0,0.0,0.0
CURRENT_BEST_WITH_DIVERGENCE_ALERTS,2024-12-11,XLE,XLB,-0.005578511377633303,-0.006140521312712447,0.0005620099350791448,2.0,0.002,0.0,0.0,HARD_EXIT_TO_BIL,-0.5764089826171588,0.10778252317389214,-0.7162183670693949,-0.7308259326820339,0.023306109513128944,-0.3118546738693991,-0.5662551036275217,-0.2321916049222502,2.0678033109036913,0.29487796697509744,0.39046186104203456,0.38024703831237366,-0.05833912384033377,-0.01697194280198966,0.016198614364950625,-0.01869040060516658,0.012815026226241644,0.04054745129266846,0.0,0.0,hybrid,off,-0.007818135888847635,-0.007200925335096265,0.0,0.0,-0.005492285359094189,-0.005578511377633303,0.0,0.0,-0.00818126259597044,-0.01008662332082685,0.0,0.0,-0.008205138669723017,-0.008825479662994126,0.0,0.0,-0.005313399988350971,-0.006140521312712447,0.0,0.0,1.0,1.0,0.0,0.0,0.0,0.0
CURRENT_BEST_WITH_DIVERGENCE_ALERTS,2024-12-26,XLE,XLB,-0.0027023799334158455,-0.0075465700040583,0.004844190070642455,0.0,0.0,0.0,0.0,HARD_EXIT_TO_BIL,-0.32548434579060015,1.12496503599006,-1.0197243354904215,0.3294984350061114,0.012139472800533326,-1.116114423871193,-1.079330281872887,-0.641014738800234,2.505823134451341,0.11674481122954171,0.117880922618188,1.7234439513854922,0.6261766366351267,0.036829095546324186,0.022574184237810657,-0.01564199290676649,0.026885701104551574,0.0010406350508060935,-0.01423426735302713,0.0,hybrid,off,-0.012354504342814274,-0.009436714945654602,0.0,0.0,-0.0018024079046237973,-0.0027023799334158455,0.0,0.0,-0.011218725056470931,-0.014018702685392365,0.0,0.0,-0.012002786905990045,-0.012754533846325447,0.0,0.0,-0.006544240750277764,-0.0075465700040583,0.0,0.0,1.0,1.0,0.0,0.0,0.0,0.0
CURRENT_BEST_WITH_DIVERGENCE_ALERTS,2025-01-13,XLB,XSOE,0.028154756531387118,0.025305653418125414,0.0028491031132617042,2.0,0.002,0.0,0.5057499999999999,V2_TQQQ_TO_QQQM_OVERLAY,1.4387795633203893,0.5738648500437253,0.4838687059291319,0.9832537242072991,0.9392518320868045,0.06278001357259949,0.3224419660085119,0.5449877664646173,2.0067167933562673,1.4304481638135547,0.1491173880375697,-0.011511105947911215,0.18664081880290603,-0.022205293410594962,-0.02684200123709879,-0.04971390419881583,-0.024922778402209245,-0.04540445500247703,-0.05899242320398046,3.0,hybrid,off,0.017456931298628,0.016351627607272472,0.0,0.0,0.016115615694733243,0.02285042163130021,0.0,0.0,0.02665013026960604,0.025305653418125414,0.4,0.4,0.018641283357580127,0.01716830464890081,0.0,0.0,0.027138533511585076,0.028154756531387118,0.6,0.6,0.0,0.0,0.0,0.0,0.0,0.0
CURRENT_BEST_WITH_DIVERGENCE_ALERTS,2025-01-28,XLE,XLB,0.010513811529325574,0.006486249896630747,0.004027561632694828,1.2,0.0012,0.0,0.08092,V2_TQQQ_TO_QQQM_OVERLAY,1.006374079209518,-0.9726305154081496,0.748975458023138,-0.8210225376775802,0.693495077404079,-0.2671233815621617,0.8147406122159117,0.5321079050074804,0.9065953525218536,0.9095390457232012,0.26791331140782215,-1.6520760196575603,-0.691655428585281,-0.08152296811018733,-0.01852626210359476,-0.09461013389940465,-0.005969571288086173,0.032045752872026156,-0.020518879289417313,2.0,hybrid,off,-0.00720421906118323,-0.010847698778673356,0.0,0.0,0.005481941133277984,0.010513811529325574,0.6,0.6,-0.008187860158383646,-0.009261833361998975,0.0,0.0,-0.00860709894589785,-0.006670601058134313,0.0,0.0,0.007014557108259609,0.006486249896630747,0.4,0.4,0.0,0.0,0.0,0.0,0.0,0.0
CURRENT_BEST_WITH_DIVERGENCE_ALERTS,2025-02-11,XLB,XLI,0.004300428641479181,0.0025505658765414907,0.00174986276493769,1.2,0.0012,0.0,0.0952,V2_TQQQ_TO_QQQM_OVERLAY,0.21756145222682471,-0.30292198164704265,-0.36465041171357515,-0.5049421009542931,0.5547913142791843,0.5036604001193697,0.5911868292692563,0.6125589741914564,0.7201260345934813,-0.588853117837824,0.12067478396455922,-0.8906704071420474,-0.6802624089706585,0.0161737734658014,0.029976665065659214,-0.067469565129465,0.006714610087750206,0.012057245923432491,-0.00870903453965055,1.0,hybrid,off,0.0002840300341787583,-0.0008190929528965969,0.0,0.0,-0.0003688266427832842,6.62962616703652e-05,0.0,0.0,0.000239191944524028,0.00021664228329764187,0.0,0.0,0.00019666732880556785,0.0025505658765414907,0.4,0.4,0.0031406498375395205,0.004300428641479181,0.6,0.6,0.0,0.0,0.0,0.0,0.0,0.0
CURRENT_BEST_WITH_DIVERGENCE_ALERTS,2025-02-26,XLB,XSOE,0.011335840673360527,0.006937025853291539,0.0043988148200689876,0.8,0.0008,0.0,0.85,V2_TQQQ_TO_QQQM_OVERLAY,-0.7214237720819778,0.590637300193789,-0.1746182560813429,0.7464917826819419,1.3162116055167994,1.094975683788027,0.5533773937200837,1.1151754104891451,-0.5216974951441197,1.1014073029496447,0.5079304987033472,-0.38821966293448085,-0.3027791001932257,-0.05461318648511093,-0.008913100644073357,-0.05682262562115048,-0.04601541193269865,-0.025391086168266574,-0.04601541193269865,3.0,hybrid,off,0.0032814553602499297,0.005796663344392906,0.0,0.0,0.0039498243270692105,0.003477314486914179,0.0,0.0,0.003484269362717637,0.006937025853291539,0.4,0.4,0.0033800497555873583,0.005977648710654539,0.0,0.0,0.0064851864773693094,0.011335840673360527,0.6,0.6,0.0,0.0,0.0,0.0,0.0,0.0
CURRENT_BEST_WITH_DIVERGENCE_ALERTS,2025-03-12,XSOE,XLE,0.021751443195722683,0.018828551396395995,0.0029228917993266885,1.5636363636363635,0.0015636363636363636,0.0,0.0099127,V2_TQQQ_TO_QQQM_OVERLAY,-0.1101999942084691,-0.7565601847849575,1.4047689301517678,-0.35337407182258995,1.3627104048880916,2.116740639865589,1.049123950582614,1.5159705121249019,-1.0481555970828094,3.0,0.6751042187218946,-2.0631563681990155,-0.6759862488587021,-0.05105748332325055,-0.10030280806838798,-0.15142596477791836,-0.04965143624406487,-0.07315446907628043,-0.1158036479797162,6.0,hybrid,off,0.014824472058144434,0.012211980414208958,0.0,0.0,0.018828551396395995,0.018828551396395995,0.4,0.14545454545454548,0.019208071455099947,0.021751443195722683,0.6,0.21818181818181814,0.018377354393868322,0.018366667800993414,0.0,0.0,0.018175152193535764,0.01851246582205394,0.0,0.0,0.0,0.6363636363636362,0.0,0.0,0.0,0.0
CURRENT_BEST_WITH_DIVERGENCE_ALERTS,2025-03-26,XLB,XLI,-0.06335515911180134,-0.06751348678963962,0.004158327677838275,0.7272727272727274,0.0007272727272727274,0.0,0.0,HARD_EXIT_TO_BIL,1.208884047791329,-0.5151790180974067,0.13731312171285207,-0.31861969351327296,2.4912141678390025,2.4543251364995977,1.5856638764472777,2.2419822183641225,-1.16907958141071,1.2886401601825348,0.8628761297191856,-2.6022194016330973,-1.5064063922947175,-0.02284476139976388,0.013482750096282414,-0.0881724156672471,0.008842705292570585,0.01711351288855667,-0.05729288613711625,2.0,hybrid,off,-0.07202335925111276,-0.07476537081634323,0.0,0.0,-0.07605188281353513,-0.07000746257457849,0.0,0.0,-0.07398876063728477,-0.06923898520587517,0.0,0.0,-0.07379556274058853,-0.06751348678963962,0.0,0.0,-0.07271552532817703,-0.06335515911180134,0.0,0.0,1.0,1.0,0.0,0.0,0.0,0.0
CURRENT_BEST_WITH_DIVERGENCE_ALERTS,2025-04-09,XLE,QQQM,0.041504966019905894,0.04118824914041105,0.0003167168794948466,0.0,0.0,0.0,0.0,HARD_EXIT_TO_BIL,-0.17097272398480115,-0.17923460469920632,0.3051460733428285,-0.2941171575898142,-1.4806878748879335,0.4252504532605701,-0.8842863022419643,-0.891771645917234,-1.726290272916761,0.06760389447150941,-0.23916810020277457,0.886592039622893,0.6540136531108672,-0.030926778466927818,-0.07482247743632109,-0.1056016433712309,-0.02285701614243507,-0.03961474226481776,-0.05715538626361205,6.0,hybrid,off,0.041873276990303784,0.04118824914041105,0.4,0.0,0.041504966019905894,0.041504966019905894,0.6,0.0,0.03514933363071693,0.03459988498905563,0.0,0.0,0.041362109636685955,0.040812846704668865,0.0,0.0,0.040743875363570756,0.04022512703888795,0.0,0.0,0.0,1.0,0.0,0.0,0.0,0.0
CURRENT_BEST_WITH_DIVERGENCE_ALERTS,2025-04-24,QQQM,XSOE,0.042575981153338445,0.042503160914718195,7.282023862024978e-05,2.0,0.002,0.0,0.028322,V2_TQQQ_TO_QQQM_OVERLAY,-0.5615195069015412,-0.37131371651374034,0.7701991071570325,-0.616434180854007,-0.2588744173659347,1.4815904830202447,0.13501457198009012,0.3132628811769488,-2.1813368662479315,1.4091476281222275,-0.002528667009181973,-0.4505484999089236,0.037750542917458885,0.09343457868654492,-0.003213114446849352,-0.07779517869997077,0.05183169982085967,0.004490402613426037,-0.03530222579358788,1.0,hybrid,off,0.04343805567082976,0.042575981153338445,0.6,0.6,0.041520684728370984,0.041520684728370984,0.0,0.0,0.042775326263722255,0.042503160914718195,0.4,0.4,0.043082310530045916,0.041695952137163254,0.0,0.0,0.04231257829134358,0.0423307621326365,0.0,0.0,0.0,0.0,0.0,0.0,0.0,0.0
CURRENT_BEST_WITH_DIVERGENCE_ALERTS,2025-05-08,QQQM,XLI,0.054437938840066945,0.04560763419141946,0.008830304648647487,1.4659354177296837,0.0014659354177296838,0.7276768216215829,0.85,V2_TQQQ_TO_QQQM_OVERLAY,0.7574375280932721,1.8976061503855233,-1.8486154357104834,2.1352761089206527,-0.4259181466242251,0.5226653012445522,0.047576720099873404,-0.08390361860654014,-1.5581639378289402,-2.856270716458862,-0.40948801844414473,2.038096008850124,0.483411431025881,0.044392437529566564,0.04758796975667923,0.0,0.014534490553414381,0.044962982495089676,-0.0010435564624031723,0.0,hybrid,off,0.045566028304689796,0.054437938840066945,0.7,0.26703229113515814,0.038274525123082416,0.040543627843240365,0.0,0.0,0.04384345570188861,0.04338899318503265,0.0,0.0,0.04560763419141946,0.04560763419141946,0.30000000000000004,0.30000000000000004,0.04193451852421423,0.0422061658956577,0.0,0.0,0.0,0.0,0.43296770886484176,0.0,0.0,0.0
CURRENT_BEST_WITH_DIVERGENCE_ALERTS,2025-05-22,QQQM,XLE,0.014739450282274903,0.00564250791588908,0.009096942366385823,0.6105766294702873,0.0006105766294702874,0.736564745546194,0.85,V2_TQQQ_TO_QQQM_OVERLAY,0.45707061413661826,1.8456248703242206,-1.4802519438027963,1.8439537425366925,-1.5790360967470427,0.28651156174753545,-0.6303214136810564,-0.9631260716198347,-1.3608119524365696,-1.8564944810336153,-0.3716432957698854,2.877042319203645,1.1341246140010686,-0.035893360474857694,0.0730676002865025,-0.042087572312488275,-0.010055244840934563,0.05292746283803762,-0.015213453649829844,1.0,hybrid,off,0.005234324416129551,0.014739450282274903,0.7,0.26174397640001457,0.00620486658387522,0.00564250791588908,0.30000000000000004,0.30000000000000004,0.004865891771708904,0.004591649403226933,0.0,0.0,0.004922336939277837,0.004607176232437309,0.0,0.0,0.005339083340557466,0.004857520304747548,0.0,0.0,0.0,0.0,0.43825602359998544,0.0,0.0,0.0
CURRENT_BEST_WITH_DIVERGENCE_ALERTS,2025-06-06,XLE,QQQM,0.013020031548610062,0.007516808798726397,0.005503222749883664,0.8765120471999708,0.0008765120471999708,0.0,0.85,V2_TQQQ_TO_QQQM_OVERLAY,1.654700876507758,1.3172029212759409,-1.1361039653543863,1.4589496974276934,-0.1372259540418975,-0.07120876099633397,-0.00016504996736549718,-0.09920362773177122,-0.847060338330511,-1.3186206783782883,-0.11093444639685213,1.393149744683208,0.38144826066817017,0.06050545367939031,0.05633044642480445,0.0,0.020631598641914328,0.030660858386493572,0.0,0.0,hybrid,off,0.004351768362377105,0.007516808798726397,0.30000000000000004,0.30000000000000004,0.005800289503092023,0.013020031548610062,0.7,0.7,0.00431203008707914,0.003319209561174485,0.0,0.0,0.00431203008707914,0.004311947562095457,0.0,0.0,0.00540618584133809,0.005356584027472204,0.0,0.0,0.0,0.0,0.0,0.0,0.0,0.0
CURRENT_BEST_WITH_DIVERGENCE_ALERTS,2025-06-23,XLE,XLB,0.012917150269774401,0.008040163825163415,0.004876986444610987,0.8,0.0008,0.0,0.85,V2_TQQQ_TO_QQQM_OVERLAY,1.1631438489552721,0.6860049526988605,-0.2616436284991451,1.2387783729875315,0.2507691778396656,-0.7871082744501137,-0.03565027359068531,-0.06522568416509125,-0.9984095912333899,-0.2641954415780834,0.06293014150500861,0.6460807845614827,0.28299101933723153,0.0273633091316694,0.04447505755155756,-0.004089098633033084,0.010045849590829548,0.004397403641668296,-0.003957727551881174,0.0,hybrid,off,0.007660598554307594,0.008021944919954161,0.0,0.0,0.007650234987157131,0.012917150269774401,0.6,0.6,0.007980248234946767,0.007727643709170575,0.0,0.0,0.007980248234946767,0.007980248234946767,0.0,0.0,0.008040163825163415,0.008040163825163415,0.4,0.4,0.0,0.0,0.0,0.0,0.0,0.0
CURRENT_BEST_WITH_DIVERGENCE_ALERTS,2025-07-08,XLB,QQQM,0.01115791232587925,0.010218868501848237,0.0009390438240310123,1.2,0.0012,0.0,0.595,V2_TQQQ_TO_QQQM_OVERLAY,0.2446022461575159,0.8012579335404344,-0.3343455137559479,1.4306967970064377,1.4221798648466744,0.5265740478086032,0.4761442006645606,1.018405829847253,-0.8889562692422179,-0.8647142335623116,-0.18392113806242347,-0.14848853659270256,-0.22283132745800072,0.01943858321850822,0.07430143324031979,0.0,0.001100842196276819,0.039076812529341254,-0.006858155151306944,0.0,hybrid,off,0.006571840005714584,0.010218868501848237,0.4,0.4,0.006571840005714584,0.006420038151197268,0.0,0.0,0.006571840005714584,0.008700566441774754,0.0,0.0,0.006571840005714583,0.007606559480127598,0.0,0.0,0.006571840005714584,0.01115791232587925,0.6,0.6,0.0,0.0,0.0,0.0,0.0,0.0
CURRENT_BEST_WITH_DIVERGENCE_ALERTS,2025-07-22,XLB,XLI,0.011024153757241742,0.009487454516904612,0.0015366992403371294,0.8,0.0008,0.0,0.476,V2_TQQQ_TO_QQQM_OVERLAY,-0.8815942418210635,0.4502529279279258,-0.5905122314201181,0.5167357708719692,1.6086745086699188,-0.0670618796019336,0.7556774040697998,1.033280907171915,0.11102281196688571,-1.0939653603496933,-0.1483554912466698,-0.6584848336076499,-0.6312957927326371,-0.011045300479284759,0.0008218750557140719,-0.013808538435723827,0.008203556830865821,0.016274373415004595,-0.005038327824344213,0.0,hybrid,off,0.006360211469861223,0.006878410712600546,0.0,0.0,0.007384568779941806,0.007024366437599465,0.0,0.0,0.006360211469861223,0.00880086330937283,0.0,0.0,0.006360211469861223,0.009487454516904612,0.4,0.4,0.006360211469861223,0.011024153757241742,0.6,0.6,0.0,0.0,0.0,0.0,0.0,0.0
CURRENT_BEST_WITH_DIVERGENCE_ALERTS,2025-08-05,QQQM,XLE,0.0012994703587735242,0.0012533169378056597,4.6153420967864466e-05,2.0,0.002,0.0,0.0952,V2_TQQQ_TO_QQQM_OVERLAY,0.07055351701860887,-0.00817285657312379,-0.104758630551862,-0.0692385818054746,-1.896370272429688,-1.3015701066321064,-0.9633769752084178,-1.5691711556285697,0.07428961455817652,0.007277097276020141,0.08195074486025856,1.4471300709487283,0.8263745903484921,-0.030301750959206397,-0.01975028491162778,-0.03718483093049063,-0.012588749141582145,-0.0019475341908670174,-0.014066361422978235,1.0,hybrid,off,0.0013239545352687896,0.0012994703587735242,0.6,0.6,0.0011122099037684419,0.0012533169378056597,0.4,0.4,0.0011329153503458992,0.001065350611615521,0.0,0.0,0.0012205596363518052,0.0012205596363518052,0.0,0.0,0.0011329153503458992,0.0011329153503458992,0.0,0.0,0.0,0.0,0.0,0.0,0.0,0.0
CURRENT_BEST_WITH_DIVERGENCE_ALERTS,2025-08-19,XLE,XLB,0.0086098058992324,0.0066381241129775575,0.001971681786254843,1.2,0.0012,0.0,0.0952,V2_TQQQ_TO_QQQM_OVERLAY,-1.025817183037859,-0.555606086959733,0.21628733289928193,-0.36862421539098844,-2.683255828737609,-0.9193428499510939,-1.2892008553453602,-1.892055651886178,-0.1648953993086902,-0.11203634541608237,0.09898847365691574,1.3628104391925882,0.9042011966752657,-0.02002722213333108,0.026892245437572848,-0.03537419561876132,-0.018510706868197557,0.016305234413847236,-0.019044772681887534,0.0,hybrid,off,0.00631459688449727,0.005845001522367451,0.0,0.0,0.0086098058992324,0.0086098058992324,0.6,0.6,0.006314596884497269,0.005951314150258547,0.0,0.0,0.006314596884497269,0.005925279685278562,0.0,0.0,0.007005812578906337,0.0066381241129775575,0.4,0.4,0.0,0.0,0.0,0.0,0.0,0.0
CURRENT_BEST_WITH_DIVERGENCE_ALERTS,2025-09-03,XSOE,XLE,0.0017101018967394634,0.0016835769973056569,2.6524899433806506e-05,1.2,0.0012,0.0,0.0952,V2_TQQQ_TO_QQQM_OVERLAY,-0.7414776647405377,-0.5160072129974536,0.2489709433885032,-0.21978357281873012,0.1777678239645569,-1.027503870917825,0.0368627067026379,-0.020243569366989095,0.0454531512723079,-0.06256159560196511,0.12586368539860276,-0.5751542582542977,-0.2455041775971773,-0.03655583972719523,-0.014154619871221796,-0.049028107197749304,-0.004792967157858374,0.0011520036979286719,-0.017914708632514653,1.0,hybrid,off,0.0018900544669209264,0.0013554560454878202,0.0,0.0,0.0016835769973056569,0.0016835769973056569,0.4,0.4,0.001890054466920926,0.0017101018967394634,0.6,0.6,0.0018900544669209264,0.0014419067688216205,0.0,0.0,0.0017906822500223763,0.0013674316462619208,0.0,0.0,0.0,0.0,0.0,0.0,0.0,0.0
CURRENT_BEST_WITH_DIVERGENCE_ALERTS,2025-09-17,XLE,XLB,0.013468099439156072,0.007163458111627675,0.0063046413275283965,1.2,0.0012,0.0,0.272,V2_TQQQ_TO_QQQM_OVERLAY,-0.038623222915076194,-0.05011230819750159,0.2345500375263651,0.28371345235172457,0.0447422516223159,-1.1696587337081514,-0.18986674299096895,-0.25179599199883573,-0.1607666550905451,-0.10249918996726137,-0.09383059813663192,0.09104697356223528,0.1484481991478872,0.02218853864555337,0.07196990023706684,-0.00019321947543460283,0.01602112423071711,0.035204410237760664,-0.002914649092567001,0.0,hybrid,off,0.004958835414219548,0.0048498568479190315,0.0,0.0,0.013468099439156072,0.013468099439156072,0.7,0.5249999999999999,0.0049588354142195475,0.004561322941762523,0.0,0.0,0.004958835414219548,0.004536645346672091,0.0,0.0,0.007562193175422496,0.007163458111627675,0.30000000000000004,0.30000000000000004,0.0,0.0,0.0,0.175,0.0,0.0
CURRENT_BEST_WITH_DIVERGENCE_ALERTS,2025-10-01,QQQM,XLE,0.012462883010178954,0.0105104368593785,0.0019524461508004538,1.1999999999999997,0.0011999999999999997,0.0,0.595,V2_TQQQ_TO_QQQM_OVERLAY,-0.43214986143961015,1.2433058639444856,-0.6087161246371862,1.5539565839335878,0.14621472603236904,-1.034585461049729,-0.593391656862079,-0.4364749836312861,0.45205526413675445,-0.7395538155230658,-0.22738835510203853,1.5598947703074526,0.692450412329597,0.026904382646778968,0.06888936857921091,0.0,0.011980901963520862,0.023649585908579684,0.0,0.0,hybrid,off,0.004972404544905978,0.012462883010178954,0.6,0.6,0.01150508155053409,0.0105104368593785,0.4,0.4,0.004972404544905978,0.004663881789593663,0.0,0.0,0.004972404544905978,0.004675708716474938,0.0,0.0,0.007057554941399117,0.006839317449583474,0.0,0.0,0.0,0.0,0.0,0.0,0.0,0.0
CURRENT_BEST_WITH_DIVERGENCE_ALERTS,2025-10-15,QQQM,XLB,0.009902625904650183,0.00688217333769998,0.003020452566950203,1.1762910791848609,0.0011762910791848608,0.4340150855650068,0.7224999999999999,V2_TQQQ_TO_QQQM_OVERLAY,-0.6241645492628722,0.8954502232624517,0.3095049152247832,1.564010048526401,0.6887956513714102,-1.0843870788639518,0.13415104106021253,0.0963195273005501,0.22013698117773364,-0.03162304528519651,-0.4387616368666327,0.6081468289247618,0.48869006344477034,-0.013377224097704588,0.04089181094251071,-0.013377224097704588,-0.015215902169777196,-0.0018120801519336815,-0.015215902169777196,0.0,hybrid,off,0.006352121177022517,0.009902625904650183,0.6,0.41185446040756957,0.007157240341785656,0.006440880163175695,0.0,0.0,0.006352121177022517,0.006571020011353927,0.0,0.0,0.00628233227341966,0.00572522342601505,0.0,0.0,0.007408331693582112,0.00688217333769998,0.4,0.4,0.0,0.0,0.1881455395924304,0.0,0.0,0.0
CURRENT_BEST_WITH_DIVERGENCE_ALERTS,2025-10-29,QQQM,XLB,0.013414441633087642,0.006603056865796572,0.00681138476729107,0.40956051658435144,0.00040956051658435147,0.6603794922430356,0.85,V2_TQQQ_TO_QQQM_OVERLAY,-0.25563166762917583,1.442474342105744,-0.6259753885945674,1.596006508265031,0.5931663930412076,0.9700160766278478,-0.3116350248355083,0.4232546204573032,0.017025079955564362,-0.6236323688271972,-0.3303118837922596,1.2254575657257536,0.48488438399762523,0.08964200849458948,0.07634540143696555,0.0,0.0502689175549933,0.05611586630316845,0.0,0.0,hybrid,off,0.005241249770318407,0.013414441633087642,0.7,0.3070742021153938,0.005106348745987617,0.003952369272303022,0.0,0.0,0.005241249770318407,0.006169885903237663,0.0,0.0,0.005241249770318407,0.005085432257900653,0.0,0.0,0.005428490751179639,0.006603056865796572,0.30000000000000004,0.30000000000000004,0.0,0.0,0.39292579788460613,0.0,0.0,0.0
CURRENT_BEST_WITH_DIVERGENCE_ALERTS,2025-11-12,QQQM,XLB,0.0037559058428695354,0.0030374056010855003,0.000718500241784035,0.7858515957692123,0.0007858515957692122,0.0,0.3808,V2_TQQQ_TO_QQQM_OVERLAY,-0.7424133712648907,0.24951034082529758,-0.3627424701517239,0.46467210069259324,-0.12545378960030476,0.6490838493791125,-0.39926473433652293,-0.017125300032939855,0.4715717118622685,-0.5354977725201367,0.07781929341265453,0.43288298973470096,0.11463280578013099,-0.01898708757052836,-0.032073641419068544,-0.032073641419068544,-0.0033906854797307595,-0.023224759721571342,-0.023224759721571342,0.0,hybrid,off,0.0024745001534044637,0.0037559058428695354,0.6,0.6,0.0024189130431261324,0.0022193047704658943,0.0,0.0,0.0024745001534044637,0.0019630876045586,0.0,0.0,0.002515946366501683,0.002515946366501683,0.0,0.0,0.002647955291458033,0.0030374056010855003,0.4,0.4,0.0,0.0,0.0,0.0,0.0,0.0
CURRENT_BEST_WITH_DIVERGENCE_ALERTS,2025-11-26,XLE,XLB,0.0021129862269928658,0.0018547170597465856,0.0002582691672462802,1.2,0.0012,0.0,0.056644,V2_TQQQ_TO_QQQM_OVERLAY,-1.1076631806901789,-1.0811101233605562,0.7021315660915319,-0.765252237152225,-0.014069832191215076,0.7124567665350325,0.24712027830098604,0.2870102756810779,0.6435222354317427,0.5798087236107797,0.28625680049830154,-1.2638348675969142,-0.47744829412153567,0.034728952958801296,-0.02763041664471566,-0.058817849988062165,0.024174952157701046,-0.010910780505479556,-0.0338821399714363,0.0,hybrid,off,0.00221496207094843,0.00107884081910545,0.0,0.0,0.0021129862269928658,0.0021129862269928658,0.6,0.6,0.002618595509669562,0.0011643133065669194,0.0,0.0,0.0021129862269928658,0.0008491494080281083,0.0,0.0,0.0022190522762276614,0.0018547170597465856,0.4,0.4,0.0,0.0,0.0,0.0,0.0,0.0
CURRENT_BEST_WITH_DIVERGENCE_ALERTS,2025-12-11,XLI,XLB,0.0063215418764071985,0.004992852445725991,0.0013286894306812078,1.2,0.0012,0.0,0.476,V2_TQQQ_TO_QQQM_OVERLAY,-0.8066008533746993,0.10721414350029188,-0.1420627265262923,0.6602797158330537,0.6002929067968554,0.9261642586750207,0.7217650035774283,0.755801434836269,0.46011109051739624,0.06595056942536184,0.39796372565520816,-0.5900219819835588,-0.41083827980065224,0.026903446914543272,0.07937815423400374,-0.0057218006329979865,0.004250209303278352,0.01830616012846975,-0.003250926575130264,0.0,hybrid,off,0.0033045872147930283,0.003665786302827971,0.0,0.0,0.003029997035370485,0.002944225720570252,0.0,0.0,0.0033045872147930283,0.004050852677488593,0.0,0.0,0.0033045872147930283,0.0063215418764071985,0.6,0.6,0.0033790318817502013,0.004992852445725991,0.4,0.4,0.0,0.0,0.0,0.0,0.0,0.0
CURRENT_BEST_WITH_DIVERGENCE_ALERTS,2025-12-26,XLB,XLI,0.009651673986962706,0.008914150772835083,0.0007375232141276222,0.3999999999999999,0.0003999999999999999,0.0,0.476,V2_TQQQ_TO_QQQM_OVERLAY,0.4385699705348007,0.1964511557477572,-0.45980929321044506,0.607721057868063,1.2339868568895376,1.1755084947292571,0.9899887823712209,1.2209104888377558,0.30614965165841157,-0.37757979913741013,0.3784287668280143,-0.9475596462422458,-0.7524595050295254,0.04793853754146826,-0.025536058490869817,-0.031111746888230485,0.025709543677955526,-0.001332040028998227,-0.00457863623979915,0.0,hybrid,off,0.0048232425525570125,0.004355160917726681,0.0,0.0,0.004633705504306512,0.005353684520777907,0.0,0.0,0.0048232425525570125,0.006432000096048909,0.0,0.0,0.004823242552557013,0.008914150772835083,0.4,0.4,0.004769120491973217,0.009651673986962706,0.6,0.6,0.0,0.0,0.0,0.0,0.0,0.0
CURRENT_BEST_WITH_DIVERGENCE_ALERTS,2026-01-12,XLE,XLI,0.02530326834543425,0.020226120020459606,0.0050771483249746445,1.4,0.0014,0.0,0.23120000000000002,V2_TQQQ_TO_QQQM_OVERLAY,1.7566098154524885,-0.38151462574134437,0.36073696595904947,0.20914094003659825,1.106220713644556,1.0379833253762263,1.5353326298079228,1.3627430846778767,0.4127344334066185,0.04651735164998854,0.1486068056255883,-1.727707339904741,-0.8923296175592247,0.03864053477393581,0.07943408795127915,0.0,0.014974639035695292,0.005294296018939937,0.0,0.0,hybrid,off,0.009918524813571424,0.004927061628119577,0.0,0.0,0.016520219268171807,0.02530326834543425,0.7,0.7,0.014787399912504395,0.014432522293481052,0.0,0.0,0.014828206580684759,0.020226120020459606,0.30000000000000004,0.30000000000000004,0.01542010854473356,0.019549927443667053,0.0,0.0,0.0,0.0,0.0,0.0,0.0,0.0
CURRENT_BEST_WITH_DIVERGENCE_ALERTS,2026-01-27,XLE,XLI,0.05666970564427992,0.02984819911226809,0.026821506532011832,0.8,0.0008,0.0,0.85,V2_TQQQ_TO_QQQM_OVERLAY,1.2245178912092543,0.9856580743031716,0.31161759439500686,1.8764659274567301,0.3692889418351812,0.6075939594808115,1.0632966421801127,0.7331204376772118,-0.2761905059621733,0.19519763239173246,-0.26144388877394714,0.2461254138025537,0.27232228603953496,0.04069955040804696,0.06275161010584474,0.0,0.03786403845969377,0.006234585028797479,0.0,0.0,hybrid,off,0.007077549604702108,0.008256220836221354,0.0,0.0,0.05133564264767619,0.05666970564427992,0.8,0.4,0.024403811003673472,0.02381240525624675,0.0,0.0,0.025867990647955395,0.02984819911226809,0.19999999999999996,0.19999999999999996,0.02445726196346108,0.02531843704142615,0.0,0.0,0.0,0.0,0.0,0.4,0.0,0.0
CURRENT_BEST_WITH_DIVERGENCE_ALERTS,2026-02-10,XLE,XLI,0.023921828695480696,0.019214296689123698,0.004707532006356999,1.0,0.001,0.0,0.035402499999999996,V2_TQQQ_TO_QQQM_OVERLAY,0.4631281197585355,-0.40471974485327694,1.1092166440276823,0.6800855940209686,-0.07308171543581628,0.8638133003824332,1.181273250709913,0.5539116058768363,-0.23262297535739299,0.3843804729461962,-0.17226386569082305,-0.9901099300278943,-0.1503793004056636,0.016751452634027775,0.0009968978342447254,-0.02686012428463913,-0.007998023592967196,-0.031056369022010588,-0.034437827597850856,0.0,hybrid,off,-0.0007612002226884126,-0.00441928220775336,0.0,0.0,0.023882945771185774,0.023921828695480696,0.6,0.3,0.01826264245771748,0.016112274723458574,0.0,0.0,0.018375830846669737,0.019214296689123698,0.4,0.2,0.018960086858176652,0.017074418563329592,0.0,0.0,0.0,0.5,0.0,0.0,0.0,0.0
CURRENT_BEST_WITH_DIVERGENCE_ALERTS,2026-02-25,XLE,XLI,0.00658281093062742,0.004531795797457008,0.002051015133170412,1.0,0.001,0.0,0.14160999999999999,V2_TQQQ_TO_QQQM_OVERLAY,0.7373564481819818,-0.18521433535461862,0.6278081609220152,0.6374000586501831,-0.1669732776183516,0.7034300668913063,0.7166917590233148,0.27632008723351253,-0.08401587143836038,0.2261052579070238,-0.010841167288793072,-0.4826764982590027,-0.03848263458659551,0.028162769819021438,0.04715031289377958,0.0,0.017844290682697883,0.008142038564500353,-0.02657618315372967,0.0,hybrid,off,0.0027020151263386105,0.000456262549227831,0.0,0.0,0.0028960286897175115,0.00658281093062742,0.6,0.6,0.0027739105617164595,0.0012793751030795615,0.0,0.0,0.0028667526269257073,0.004531795797457008,0.4,0.4,0.0028667526269257073,0.0026083849156199827,0.0,0.0,0.0,0.0,0.0,0.0,0.0,0.0
CURRENT_BEST_WITH_DIVERGENCE_ALERTS,2026-03-11,XLE,XSOE,0.03953983295447572,-0.00880773262931216,0.048347565583787874,1.0999999999999999,0.0010999999999999998,0.0,0.272,V2_TQQQ_TO_QQQM_OVERLAY,1.6765664360781514,0.0704898282500066,0.3022224261005002,-0.6148985367231878,-0.018693133023359565,0.4220975628008929,-0.242752481766723,0.016615110778041467,0.7686485520709897,0.7562019463245385,-0.30206054954983147,0.155245848003053,0.2140364792420319,0.0016103750985183574,-0.07040765498759705,-0.07040765498759705,-0.004614653406539104,-0.014261527714674038,-0.014261527714674038,2.0,hybrid,off,-0.016630840822890357,-0.02104492636040756,0.0,0.0,0.031213392636684965,0.03953983295447572,0.9,0.45,-0.006955551404671167,-0.00880773262931216,0.09999999999999998,0.09999999999999998,-0.012625283510434737,-0.013169283877415637,0.0,0.0,-0.012057788381895555,-0.012571566506266405,0.0,0.0,0.0,0.0,0.0,0.45,0.0,0.0
CURRENT_BEST_WITH_DIVERGENCE_ALERTS,2026-03-25,XSOE,XLB,0.027621660310804312,0.01213364507680586,0.015488015233998452,1.8,0.0018000000000000002,0.0,0.136,V2_TQQQ_TO_QQQM_OVERLAY,0.7637376081238701,-0.11360898900090119,0.30552572894200936,-0.616852646378771,-0.3321243765171662,0.18350085060480711,-0.4790740730743876,-0.24846802319176364,1.0823884021855672,1.3215274065205882,0.1604206401298004,0.24066805764740157,0.2666111261652447,0.02057396930240607,0.009859086754712143,-0.061242723411603306,-0.010811396476468338,-0.031566926958398134,-0.045378262069387776,2.0,hybrid,off,0.006029343584105549,0.004315643558151976,0.0,0.0,0.007207434071345969,0.011026122111965318,0.0,0.0,0.028688151302225944,0.027621660310804312,0.8,0.8,0.008630931123671873,0.008080984811576255,0.0,0.0,0.013085994176881503,0.01213364507680586,0.19999999999999996,0.19999999999999996,0.0,0.0,0.0,0.0,0.0,0.0
CURRENT_BEST_WITH_DIVERGENCE_ALERTS,2026-04-09,XSOE,QQQM,0.030951995081062257,0.029966680224985203,0.000985314856077054,0.8,0.0008,0.0,0.476,V2_TQQQ_TO_QQQM_OVERLAY,-0.23477000597490183,0.42667857887375027,-0.3089547981416869,1.2554465374582788,-0.3859917427271168,-0.15511607973477753,0.16352310819186372,-0.15480436994500957,0.6202327270412271,0.3939690858407126,0.7069840309174323,0.5394245433054863,0.20007280672661698,0.11842021483739118,0.09668359365258361,0.0,0.04431134766238687,0.038226283090920576,0.0,0.0,hybrid,off,0.026475338231757243,0.029966680224985203,0.4,0.4,0.02505255058677888,0.02471120772367988,0.0,0.0,0.03084681335461289,0.030951995081062257,0.6,0.6,0.023578236730268917,0.023578236730268917,0.0,0.0,0.0227598466647707,0.0227598466647707,0.0,0.0,0.0,0.0,0.0,0.0,0.0,0.0
CURRENT_BEST_WITH_DIVERGENCE_ALERTS,2026-04-23,QQQM,XSOE,0.03949124160639092,0.024552389967733852,0.014938851638657068,1.303813076470663,0.0013038130764706632,0.9312950546219022,1.0,V2_TQQQ_TO_QQQM_OVERLAY,-1.2895499235058998,2.23941179348096,-1.4735257049185284,2.776161383826496,0.4212770460575726,0.10536585864487094,-0.16208319775941468,0.22571348622448864,0.6831063541617534,-1.871482483318543,-0.313546638308455,2.0907580787009126,0.665044565253136,0.08634066133086882,0.16472544804439693,0.0,0.017179326689226615,0.06762736266413749,-0.00522933481306509,0.0,hybrid,off,0.02605654394572989,0.03949124160639092,0.7,0.04809346176466845,0.02472615067103459,0.022934621236249824,0.0,0.0,0.02469807431903584,0.024552389967733852,0.30000000000000004,0.30000000000000004,0.02184578853746361,0.021764746938583903,0.0,0.0,0.021159251135921285,0.021159251135921285,0.0,0.0,0.0,0.0,0.6519065382353315,0.0,0.0,0.0
CURRENT_BEST_WITH_DIVERGENCE_ALERTS,2026-05-07,QQQM,XSOE,0.04044108283466608,0.01894428302705091,0.021496799807615173,0.29618692352933707,0.0002961869235293371,1.0,1.0,V2_TQQQ_TO_QQQM_OVERLAY,-1.4110701998249089,2.7975478170079047,-1.880668620929367,2.59509563401581,-0.2364849047368542,-0.2712346130909432,-1.0859490584858624,-0.49176549825948657,0.6063801132762353,-2.1422370552523127,-0.6904499066967893,3.420693383289833,1.300148581602153,0.06700758517884498,0.11646253912310933,-0.028626729111024485,0.04081484312717154,0.06673623519371619,-0.0009776073093108462,0.0,hybrid,off,0.025840455080303634,0.04044108283466608,0.8,0.0,0.017834856483544156,0.015596818229937831,0.0,0.0,0.01967193916298239,0.01894428302705091,0.19999999999999996,0.19999999999999996,0.01793960019825336,0.01739662566901043,0.0,0.0,0.017565103771061845,0.0173192210219321,0.0,0.0,0.0,0.0,0.8,0.0,0.0,0.0
CURRENT_BEST_WITH_DIVERGENCE_ALERTS,2026-05-21,QQQM,XSOE,0.03374123897916473,0.025211775876228523,0.008529463102936206,0.7459979635835307,0.0007459979635835307,0.7176487700978735,0.85,V2_TQQQ_TO_QQQM_OVERLAY,-0.32685292596837767,1.661640070407929,-1.2507402070864204,1.3771511866334045,-0.32454358785943127,-0.0995757499156233,-0.8418398516551865,-0.45304688163697704,0.9191628017779874,-1.049664925163362,-0.24715673258648724,2.212213503418016,0.8270320192162413,-0.010037108765203251,0.06570410481363198,-0.015109924275012343,-0.007288180708367009,0.02827477486568508,-0.007288180708367009,0.0,hybrid,off,0.025479604808398223,0.03374123897916473,0.7,0.27299898179176524,0.0189096917338706,0.017580379677544257,0.0,0.0,0.02631477123836211,0.025211775876228523,0.30000000000000004,0.30000000000000004,0.0190680927918893,0.018647172866061705,0.0,0.0,0.019561476428597915,0.019334952987779427,0.0,0.0,0.0,0.0,0.4270010182082347,0.0,0.0,0.0
CURRENT_BEST_WITH_DIVERGENCE_ALERTS,2026-06-05,XSOE,XLB,0.01640530643475786,0.010698999973374874,0.005706306461382985,1.4,0.0014,0.0,0.08092,V2_TQQQ_TO_QQQM_OVERLAY,-0.16592093380752956,-0.038637561421488505,0.5421974931451597,-0.092709243108376,0.09532437319829913,-0.12579885262345536,-0.30062597406961133,-0.07772166095473897,0.7487532791878165,0.25813650000988325,-0.4208463032729176,0.06518679887754436,0.2559910765845905,-0.051504166263385276,0.028701574544829578,-0.12329446041874681,-0.04477563182454536,-0.013119852487073924,-0.05494260157149056,4.0,hybrid,off,0.011311214968892308,0.010190636535350843,0.0,0.0,0.008784936255420978,0.008784936255420978,0.0,0.0,0.018003363508947382,0.01640530643475786,0.7,0.7,0.010940434801424632,0.009964479313763345,0.0,0.0,0.011620735711721645,0.010698999973374874,0.30000000000000004,0.30000000000000004,0.0,0.0,0.0,0.0,0.0,0.0
CURRENT_BEST_WITH_DIVERGENCE_ALERTS,2026-06-22,QQQM,XLI,0.012954983846203767,0.008557592873208909,0.004397390972994858,2.0,0.002,0.579913032433162,0.85,V2_TQQQ_TO_QQQM_OVERLAY,-0.5134008029937369,1.5499546814496878,-0.5490263899485323,2.109935022277815,-0.05192885504061205,0.29666507569567185,0.5929392457994608,0.16312336781354225,0.8483746204861599,0.5205834797744765,0.3143309595249902,1.3009114231973204,0.5609362979389794,0.09907097501793016,0.21407449265475753,0.0,0.024381931647350363,0.04787907556524962,-0.00969412697863381,0.0,hybrid,off,0.0036124065919796436,0.012954983846203767,0.6,0.3042443534590874,0.009344448638236963,0.008104484893077213,0.0,0.0,0.0032139273091326124,0.0028844345680137428,0.0,0.0,0.005499415558201141,0.008557592873208909,0.4,0.4,0.0064097525067859824,0.0064097525067859824,0.0,0.0,0.0,0.0,0.2957556465409126,0.0,0.0,0.0
