asset,active_rebalances,active_pct,avg_weight_all,avg_weight_when_active,max_weight
TQQQ,23,0.3333333333333333,0.1328675780051809,0.39860273401554275,0.75
UXI,11,0.15942028985507245,0.03315895655689549,0.20799709112961723,0.35
ERX,12,0.17391304347826086,0.025785280832632013,0.14826536478763405,0.25
QQQM,26,0.37681159420289856,0.11495850895134083,0.30508219683240445,0.7
XLE,31,0.4492753623188406,0.2321857336601216,0.516800503953174,0.7
XSOE,18,0.2608695652173913,0.10869565217391303,0.41666666666666663,0.8
XLI,16,0.2318840579710145,0.0595946666315103,0.2570019998483882,0.4
XLB,31,0.4492753623188406,0.20579710144927538,0.4580645161290323,0.6
BIL,6,0.08695652173913043,0.08695652173913043,1.0,1.0
