date,original_turnover,restored_embedded_cost,overlay_final_turnover,overlay_transaction_cost,overlay_slippage,gross_overlay_return_delta,final_overlay_return,effective_technology_exposure
2023-10-18,0.0,0.0,0.0,0.0,0.0,0.0,0.0001093869275492,0.0
2023-10-19,0.0,0.0,0.0,0.0,0.0,0.0,0.0004364680141548,0.0
2023-10-20,0.0,0.0,0.0,0.0,0.0,0.0,0.0002178106272083,0.0
2023-10-23,0.0,0.0,0.0,0.0,0.0,0.0,0.0001094909225181,0.0
2023-10-24,0.0,0.0,0.0,0.0,0.0,0.0,0.0001088228118109,0.0
2023-10-25,0.0,0.0,0.0,0.0,0.0,0.0,0.0001089984142277,0.0
2023-10-26,0.0,0.0,0.0,0.0,0.0,0.0,0.0004360398510248,0.0
2023-10-27,0.0,0.0,0.0,0.0,0.0,0.0,0.0003266297579098,0.0
2023-10-30,0.0,0.0,0.0,0.0,0.0,0.0,0.000108997102119,0.0
2023-10-31,0.0,0.0,0.0,0.0,0.0,0.0,0.0,0.0
2023-11-01,0.9999999999999998,0.0009999999999999998,0.9999999999999998,0.0009999999999999998,0.0009999999999999998,0.0,0.002092639444798,0.0
2023-11-02,0.0,0.0,0.0,0.0,0.0,0.0,0.0242142018480607,0.0
2023-11-03,0.0,0.0,0.0,0.0,0.0,0.0,0.0130593620122583,0.0
2023-11-06,0.0,0.0,0.0,0.0,0.0,0.0,-0.0059001276402576,0.0
2023-11-07,0.0,0.0,0.0,0.0,0.0,0.0,-0.0086874429799499,0.0
2023-11-08,0.0,0.0,0.0,0.0,0.0,0.0,0.0057314372868411,0.0
2023-11-09,0.0,0.0,0.0,0.0,0.0,0.0,-0.0090062797130896,0.0
2023-11-10,0.0,0.0,0.0,0.0,0.0,0.0,0.0133877529797994,0.0
2023-11-13,0.0,0.0,0.0,0.0,0.0,0.0,-0.0004270589770663,0.0
2023-11-14,0.0,0.0,0.0,0.0,0.0,0.0,0.0288895470780362,0.0
2023-11-15,0.9999999999999998,0.0009999999999999998,0.9999999999999998,0.0009999999999999998,0.0009999999999999998,-4.552137046491611e-20,-0.0005412734010860998,0.9028512268520557
2023-11-16,0.0,0.0,0.0,0.0,0.0,-4.898075812609013e-20,-0.0019492659229034,0.9028512268520557
2023-11-17,0.0,0.0,0.0,0.0,0.0,-1.3985264948681463e-20,0.000394715319818,0.9028512268520557
2023-11-20,0.0,0.0,0.0,0.0,0.0,-6.7100974407125885e-19,0.0156976629139435,0.9028512268520557
2023-11-21,0.0,0.0,0.0,0.0,0.0,3.211474343542076e-19,-0.0078619990999276,0.9028512268520557
2023-11-22,0.0,0.0,0.0,0.0,0.0,-2.2922667791366316e-19,0.0026451897358085994,0.9028512268520557
2023-11-24,0.0,0.0,0.0,0.0,0.0,7.954969488890318e-20,-0.0010993704354428,0.9028512268520557
2023-11-27,0.0,0.0,0.0,0.0,0.0,5.541529658301875e-20,-0.0018018679509247,0.9028512268520557
2023-11-28,0.0,0.0,0.0,0.0,0.0,-1.456313632096727e-19,0.0065540152472127,0.9028512268520557
2023-11-29,0.0,0.0,0.0,0.0,0.0,4.1516953877611207e-20,-0.0020184637435584,0.9028512268520557
2023-11-30,0.7141675744703921,0.0007141675744703922,0.5893709478441349,0.000589370947844135,0.000589370947844135,-0.001074286599378685,-0.003950041198637363,1.3333945654030306
2023-12-01,0.0,0.0,0.0,0.0,0.0,0.0004322923661104795,0.01088426320454778,1.3333945654030306
2023-12-04,0.0,0.0,0.0,0.0,0.0,-0.001212277872925386,-0.012621109438333887,1.3333945654030306
2023-12-05,0.0,0.0,0.0,0.0,0.0,-0.0024493432879724598,-0.004404273490218959,1.3333945654030306
2023-12-06,0.0,0.0,0.0,0.0,0.0,-0.0009757146042735231,-0.007405067544060423,1.3333945654030306
2023-12-07,0.0,0.0,0.0,0.0,0.0,0.005327183645368645,0.025152756663635742,1.3333945654030306
2023-12-08,0.0,0.0,0.0,0.0,0.0,0.0014412912023081211,0.008913752878862221,1.3333945654030306
2023-12-11,0.0,0.0,0.0,0.0,0.0,0.009082258982879352,0.03184868896289455,1.3333945654030306
2023-12-12,0.0,0.0,0.0,0.0,0.0,0.0002371809243955727,0.012721348020075872,1.3333945654030306
2023-12-13,0.6959318789641995,0.0006959318789641995,0.5711352523379423,0.0005711352523379423,0.0005711352523379423,0.008101024330153472,0.021171153998624286,1.5022969455918356
2023-12-14,0.4,0.0004,0.4,0.0004,0.0004,0.013457127424700177,0.04002128431047318,1.1022969455918354
2023-12-15,0.0,0.0,0.0,0.0,0.0,0.002226955926120767,0.001097128551796467,1.1022969455918354
2023-12-18,0.0,0.0,0.0,0.0,0.0,-0.0016033076725101912,-0.003126230677498891,1.1022969455918354
2023-12-19,0.0,0.0,0.0,0.0,0.0,0.0024736723953848122,0.013427744657188413,1.1022969455918354
2023-12-20,0.0,0.0,0.0,0.0,0.0,-0.014198583852770317,-0.03980939118490262,1.1022969455918354
2023-12-21,0.0,0.0,0.0,0.0,0.0,0.01296159208254753,0.03637538719137813,1.1022969455918354
2023-12-22,0.0,0.0,0.0,0.0,0.0,0.0012702994444929784,0.006919616915673178,1.1022969455918354
2023-12-26,0.0,0.0,0.0,0.0,0.0,0.009144396666512226,0.024948088217390828,1.1022969455918354
2023-12-27,0.0,0.0,0.0,0.0,0.0,0.0008385870895513248,0.0037911077188810247,1.1022969455918354
2023-12-28,0.0,0.0,0.1023268876651301,0.0001023268876651301,0.0001023268876651301,-0.00075783744894588,-0.00361056876511304,1.3069507209220959
2023-12-29,1.0,0.001,1.0,0.001,0.001,0.0,-0.003,0.0
2024-01-02,0.0,0.0,0.0,0.0,0.0,0.0,0.0001093146979922,0.0
2024-01-03,0.0,0.0,0.0,0.0,0.0,0.0,0.0003283721823574,0.0
2024-01-04,0.0,0.0,0.0,0.0,0.0,0.0,0.0003280788769517,0.0
2024-01-05,0.0,0.0,0.0,0.0,0.0,0.0,0.0001094164846691,0.0
2024-01-08,0.0,0.0,0.0,0.0,0.0,0.0,0.0001092190826319,0.0
2024-01-09,0.0,0.0,0.0,0.0,0.0,0.0,0.0001092998606913,0.0
2024-01-10,0.0,0.0,0.0,0.0,0.0,0.0,0.0002186685265077,0.0
2024-01-11,0.0,0.0,0.0,0.0,0.0,0.0,0.0005465981401762,0.0
2024-01-12,0.9999999999999998,0.0009999999999999998,0.9999999999999998,0.0009999999999999998,0.0009999999999999998,0.0016717988784935402,-0.0038315121258681592,0.748565597885081
2024-01-16,0.9782236568407258,0.0009782236568407258,0.9782236568407258,0.0009782236568407258,0.0009782236568407258,0.0,-0.009867234374850226,0.7
2024-01-17,0.0,0.0,0.0,0.0,0.0,0.0,-0.0083504008131244,0.7
2024-01-18,0.0,0.0,0.0,0.0,0.0,0.0,0.0130886335525042,0.7
2024-01-19,0.0,0.0,0.0,0.0,0.0,0.0,0.016769132617794,0.7
2024-01-22,0.0,0.0,0.0,0.0,0.0,0.0,-0.0010013784067342,0.7
2024-01-23,0.0,0.0,0.0,0.0,0.0,0.0,0.0046370909351804,0.7
2024-01-24,0.0,0.0,0.0,0.0,0.0,0.0,0.0065244536731903,0.7
2024-01-25,0.0,0.0,0.0,0.0,0.0,0.0,-6.41148065257058e-05,0.7
2024-01-26,0.0,0.0,0.0,0.0,0.0,0.0,-0.0030624763650246,0.7
2024-01-29,0.0,0.0,0.0,0.0,0.0,0.0,0.0073061722824598,0.7
2024-01-30,0.4,0.0004,0.4,0.0004,0.0004,0.0,-0.000163632452467,0.6
2024-01-31,0.0,0.0,0.0,0.0,0.0,0.0,-0.0119222692339045,0.6
2024-02-01,0.0,0.0,0.0,0.0,0.0,0.0,0.009339378279115,0.6
2024-02-02,0.0,0.0,0.0,0.0,0.0,0.0,0.0056363506061344,0.6
2024-02-05,0.0,0.0,0.0,0.0,0.0,0.0,-0.0022905885377457,0.6
2024-02-06,0.0,0.0,0.0,0.0,0.0,0.0,0.0008965837182527,0.6
2024-02-07,0.0,0.0,0.0,0.0,0.0,0.0,0.0067402920835582,0.6
2024-02-08,0.0,0.0,0.0,0.0,0.0,0.0,0.0052884317761977,0.6
2024-02-09,0.0,0.0,0.0,0.0,0.0,0.0,-0.0003199703356759,0.6
2024-02-12,0.0,0.0,0.0,0.0,0.0,0.0,0.0020827227664117,0.6
2024-02-13,0.5720014400924953,0.0005720014400924954,0.5613342933949969,0.0005613342933949969,0.0005613342933949969,-7.182970197358314e-05,-0.029554279139177277,1.2400288018499053
2024-02-14,0.0,0.0,0.0,0.0,0.0,0.00019875335621091187,0.02369094525665301,1.2400288018499053
2024-02-15,0.0,0.0,0.0,0.0,0.0,-5.014343823849774e-05,0.011403575335267702,1.2400288018499053
2024-02-16,0.0,0.0,0.0,0.0,0.0,4.32034582557805e-05,-0.008734708935122818,1.2400288018499053
2024-02-20,0.0,0.0,0.0,0.0,0.0,-0.00018555466259952185,-0.01814478122248922,1.2400288018499053
2024-02-21,0.0,0.0,0.0,0.0,0.0,3.1346359368330064e-05,0.00373074044728853,1.2400288018499053
2024-02-22,0.0,0.0,0.0,0.0,0.0,0.00042552601353474664,0.057305521576999544,1.2400288018499053
2024-02-23,0.0,0.0,0.0,0.0,0.0,-0.00014188324751615198,-0.012151117064618352,1.2400288018499053
2024-02-26,0.0,0.0,0.0,0.0,0.0,0.00018108260032106773,0.010394738512651169,1.2400288018499053
2024-02-27,0.0,0.0,0.277345814134959,0.000277345814134959,0.000277345814134959,0.000366351134767442,-0.0023130289508658764,0.7280057603699809
2024-02-28,0.5720014400924953,0.0005720014400924954,0.5720014400924953,0.0005720014400924954,0.0005720014400924954,0.0,-0.005057233808068895,0.4
2024-02-29,0.0,0.0,0.0,0.0,0.0,0.0,0.0060976821855823,0.4
2024-03-01,0.0,0.0,0.0,0.0,0.0,0.0,0.0129817609932948,0.4
2024-03-04,0.0,0.0,0.0,0.0,0.0,0.0,-0.0046587971999693,0.4
2024-03-05,0.0,0.0,0.0,0.0,0.0,0.0,0.0005177200278074,0.4
2024-03-06,0.0,0.0,0.0,0.0,0.0,0.0,0.004473034925559,0.4
2024-03-07,0.0,0.0,0.0,0.0,0.0,0.0,0.0100074576729926,0.4
2024-03-08,0.0,0.0,0.0,0.0,0.0,0.0,-0.0017616080106172,0.4
2024-03-11,0.0,0.0,0.0,0.0,0.0,0.0,0.003977336945149,0.4
2024-03-12,0.0,0.0,0.0,0.0,0.0,0.0,0.0041212937213873,0.4
2024-03-13,1.0,0.001,1.0,0.001,0.001,0.0,0.0039804589931645,0.0
2024-03-14,0.0,0.0,0.0,0.0,0.0,0.0,-0.0056949491049224,0.0
2024-03-15,0.0,0.0,0.0,0.0,0.0,0.0,0.0004688205715771,0.0
2024-03-18,0.0,0.0,0.0,0.0,0.0,0.0,0.002352707888798,0.0
2024-03-19,0.0,0.0,0.0,0.0,0.0,0.0,0.0055446856993955,0.0
2024-03-20,0.0,0.0,0.0,0.0,0.0,0.0,0.0131126353437693,0.0
2024-03-21,0.0,0.0,0.0,0.0,0.0,0.0,0.0088920421001511,0.0
2024-03-22,0.0,0.0,0.0,0.0,0.0,0.0,-0.005598036377638,0.0
2024-03-25,0.0,0.0,0.0,0.0,0.0,0.0,-0.0046588595675791,0.0
2024-03-26,0.0,0.0,0.0,0.0,0.0,0.0,-0.0025420508045337,0.0
2024-03-27,0.6703333796957021,0.000670333379695702,0.6703333796957021,0.000670333379695702,0.000670333379695702,0.0,0.012995378675162598,0.0
2024-03-28,0.0,0.0,0.0,0.0,0.0,0.0,0.0061442277740795,0.0
2024-04-01,0.0,0.0,0.0,0.0,0.0,0.0,0.0008518185020486,0.0
2024-04-02,0.0,0.0,0.0,0.0,0.0,0.0,0.0068396554934772,0.0
2024-04-03,0.0,0.0,0.0,0.0,0.0,0.0,0.0075036856503793,0.0
2024-04-04,0.0,0.0,0.0,0.0,0.0,0.0,-0.0056060202376261,0.0
2024-04-05,0.0,0.0,0.0,0.0,0.0,0.0,0.0154883420891389,0.0
2024-04-08,0.0,0.0,0.0,0.0,0.0,0.0,-0.0047727747132319,0.0
2024-04-09,0.0,0.0,0.0,0.0,0.0,0.0,-0.0009912630794605,0.0
2024-04-10,0.0,0.0,0.0,0.0,0.0,0.0,-0.0028310599277773,0.0
2024-04-11,0.92,0.00092,0.92,0.00092,0.00092,0.0,-0.0025922527614512,0.0
2024-04-12,0.0,0.0,0.0,0.0,0.0,0.0,0.0001092742470867,0.0
2024-04-15,0.0,0.0,0.0,0.0,0.0,0.0,0.000218341749274,0.0
2024-04-16,0.0,0.0,0.0,0.0,0.0,0.0,0.0001091470432805,0.0
2024-04-17,0.0,0.0,0.0,0.0,0.0,0.0,0.0001092265344613,0.0
2024-04-18,0.0,0.0,0.0,0.0,0.0,0.0,0.0005457074547421,0.0
2024-04-19,0.0,0.0,0.0,0.0,0.0,0.0,0.0001088810092246,0.0
2024-04-22,0.0,0.0,0.0,0.0,0.0,0.0,0.0002181036436186,0.0
2024-04-23,0.0,0.0,0.0,0.0,0.0,0.0,0.000109028042396,0.0
2024-04-24,0.0,0.0,0.0,0.0,0.0,0.0,-0.0001017536262935,0.0
2024-04-25,1.0,0.001,1.0,0.001,0.001,0.0,0.0015550650297283001,0.0
2024-04-26,0.0,0.0,0.0,0.0,0.0,0.0,0.0086065800574821,0.0
2024-04-29,0.0,0.0,0.0,0.0,0.0,0.0,0.0086093938621825,0.0
2024-04-30,0.0,0.0,0.0,0.0,0.0,0.0,-0.0150980398640533,0.0
2024-05-01,0.0,0.0,0.0,0.0,0.0,0.0,0.0027773858255402,0.0
2024-05-02,0.0,0.0,0.0,0.0,0.0,0.0,0.0091406621537213,0.0
2024-05-03,0.0,0.0,0.0,0.0,0.0,0.0,0.0095972199315428,0.0
2024-05-06,0.0,0.0,0.0,0.0,0.0,0.0,0.0040855866552901,0.0
2024-05-07,0.0,0.0,0.0,0.0,0.0,0.0,0.0022202381805503,0.0
2024-05-08,0.0,0.0,0.0,0.0,0.0,0.0,-0.0032374738675081,0.0
2024-05-09,0.20000000000000004,0.00020000000000000004,0.20000000000000004,0.00020000000000000004,0.00020000000000000004,0.0,0.0076824167199449995,0.0
2024-05-10,0.0,0.0,0.0,0.0,0.0,0.0,0.000398693024544,0.0
2024-05-13,0.0,0.0,0.0,0.0,0.0,0.0,0.0018231013818769,0.0
2024-05-14,0.0,0.0,0.0,0.0,0.0,0.0,0.0039221939801933,0.0
2024-05-15,0.0,0.0,0.0,0.0,0.0,0.0,0.0048361741198318,0.0
2024-05-16,0.0,0.0,0.0,0.0,0.0,0.0,-0.0025517249724497,0.0
2024-05-17,0.0,0.0,0.0,0.0,0.0,0.0,0.0069253056616194,0.0
2024-05-20,0.0,0.0,0.0,0.0,0.0,0.0,-0.0004731871759359,0.0
2024-05-21,0.0,0.0,0.0,0.0,0.0,0.0,-0.002032277709002,0.0
2024-05-22,0.5,0.0005,0.5,0.0005,0.0005,0.008335370595138798,0.008329648650133296,1.4560284323283068
2024-05-23,0.49999999999999994,0.0004999999999999999,0.5,0.0005,0.0005,-0.001693644867814177,-0.009575263632446379,1.9560284323283068
2024-05-24,0.0,0.0,0.0,0.0,0.0,0.009720781597335613,0.033020031088481214,1.9560284323283068
2024-05-28,0.0,0.0,0.0,0.0,0.0,0.009607910038778634,0.029025080042521235,1.9560284323283068
2024-05-29,0.0,0.0,0.0,0.0,0.0,-0.010270668282986544,-0.033713447068796344,1.9560284323283068
2024-05-30,0.0,0.0,0.0,0.0,0.0,-0.003505628210002243,-0.013972117837602743,1.9560284323283068
2024-05-31,0.0,0.0,0.0,0.0,0.0,-0.005727974823008037,-0.015254157933198736,1.9560284323283068
2024-06-03,0.0,0.0,0.0,0.0,0.0,-0.00046365209422377234,0.0013611130836551277,1.9560284323283068
2024-06-04,0.0,0.0,0.0,0.0,0.0,-0.0036468260620341267,-0.010798650895979226,1.9560284323283068
2024-06-05,0.0,0.0,0.0,0.0,0.0,0.023091055807281033,0.07530404839563834,1.9560284323283068
2024-06-06,0.8780142161641535,0.0008780142161641535,0.788732627128864,0.000788732627128864,0.000788732627128864,-0.0008610748708875432,-0.0034660414002163176,1.5560284323283067
2024-06-07,0.20490783927630773,0.00020490783927630773,0.11562625024101818,0.00011562625024101818,0.00011562625024101818,2.474321061641554e-20,-0.005938941893928827,1.3657871646802149
2024-06-10,0.0,0.0,0.0,0.0,0.0,-1.0925451878459444e-19,0.004189802697468,1.3657871646802149
2024-06-11,0.0,0.0,0.0,0.0,0.0,-1.9154226789218258e-19,0.0091274001035428,1.3657871646802149
2024-06-12,0.0,0.0,0.0,0.0,0.0,-3.588326741058622e-19,0.0186641027466225,1.3657871646802149
2024-06-13,0.0,0.0,0.0,0.0,0.0,-1.550714746871215e-19,0.0064576196815815,1.3657871646802149
2024-06-14,0.0,0.0,0.0,0.0,0.0,-1.42899904082781e-19,0.002812467250271,1.3657871646802149
2024-06-17,0.0,0.0,0.0,0.0,0.0,-3.4062231611180382e-19,0.019518189965692,1.3657871646802149
2024-06-18,0.0,0.0,0.0,0.0,0.0,-8.348017824939094e-21,-0.000181636208492,1.3657871646802149
2024-06-20,0.0,0.0,0.0,0.0,0.0,2.1546232144151354e-19,-0.0075580987954441,1.3657871646802149
2024-06-21,0.0,0.0,0.0,0.0,0.0,8.125676658692723e-20,-0.0042693231546659,1.3657871646802149
2024-06-24,0.49389544204068103,0.000493895442040681,0.49389544204068103,0.000493895442040681,0.000493895442040681,6.107776160984167e-19,-0.012991790112136681,1.1779962805988529
2024-06-25,0.0,0.0,0.0,0.0,0.0,-6.318035766870181e-19,0.0078788328578116,1.1779962805988529
2024-06-26,0.0,0.0,0.0,0.0,0.0,-1.2100184863406916e-19,0.0008660241044417999,1.1779962805988529
2024-06-27,0.0,0.0,0.0,0.0,0.0,-1.375860218357922e-19,0.0031540048421954,1.1779962805988529
2024-06-28,0.0,0.0,0.0,0.0,0.0,3.0248968924784003e-19,-0.0060774071700153,1.1779962805988529
2024-07-01,0.0,0.0,0.0,0.0,0.0,-3.435737473972709e-19,0.0023623682625512994,1.1779962805988529
2024-07-02,0.0,0.0,0.0,0.0,0.0,-5.793810079925016e-19,0.0142947390630619,1.1779962805988529
2024-07-03,0.0,0.0,0.0,0.0,0.0,-4.598188408673663e-19,0.0111287495378223,1.1779962805988529
2024-07-05,0.0,0.0,0.0,0.0,0.0,-5.851653167943699e-19,0.0105859134356671,1.1779962805988529
2024-07-08,0.0,0.0,0.0,0.0,0.0,-1.3865725867841015e-19,0.0031835305452007,1.1779962805988529
2024-07-09,0.45922300567395863,0.0004592230056739586,0.4592230056739586,0.00045922300567395857,0.00045922300567395857,0.0,-0.004513825359998259,1.2964422919467702
2024-07-10,0.0,0.0,0.0,0.0,0.0,0.0,0.018915464598053,1.2964422919467702
2024-07-11,0.0,0.0,0.0,0.0,0.0,0.0,-0.0171908602870076,1.2964422919467702
2024-07-12,0.0,0.0,0.0,0.0,0.0,0.0,0.0106539723674372,1.2964422919467702
2024-07-15,0.0,0.0,0.0,0.0,0.0,0.0,0.0021368253247464,1.2964422919467702
2024-07-16,0.0,0.0,0.0,0.0,0.0,0.0,0.0087984865764649,1.2964422919467702
2024-07-17,0.0,0.0,0.0,0.0,0.0,0.0,-0.0330238325720731,1.2964422919467702
2024-07-18,0.0,0.0,0.0,0.0,0.0,0.0,-0.0106062072349005,1.2964422919467702
2024-07-19,0.0,0.0,0.0,0.0,0.0,0.0,-0.0152237306141607,1.2964422919467702
2024-07-22,0.0,0.0,0.0,0.0,0.0,0.0,0.0202952299680199,1.2964422919467702
2024-07-23,0.7,0.0007,0.7,0.0007,0.0007,0.0,-0.0097324068512267,0.0
2024-07-24,0.0,0.0,0.0,0.0,0.0,0.0,-0.0051453372306857,0.0
2024-07-25,0.0,0.0,0.0,0.0,0.0,0.0,0.0114767501469229,0.0
2024-07-26,0.0,0.0,0.0,0.0,0.0,0.0,0.0084368896364579,0.0
2024-07-29,0.0,0.0,0.0,0.0,0.0,0.0,-0.0032681586886542,0.0
2024-07-30,0.0,0.0,0.0,0.0,0.0,0.0,0.0077100179419971,0.0
2024-07-31,0.0,0.0,0.0,0.0,0.0,0.0,0.00691935173202,0.0
2024-08-01,0.0,0.0,0.0,0.0,0.0,0.0,-0.0123800430771662,0.0
2024-08-02,0.0,0.0,0.0,0.0,0.0,0.0,-0.0112864146920827,0.0
2024-08-05,0.0,0.0,0.0,0.0,0.0,0.0,-0.0171991048154231,0.0
2024-08-06,0.55,0.00055,0.55,0.00055,0.00055,0.0,0.0040567813940502,0.0
2024-08-07,0.0,0.0,0.0,0.0,0.0,0.0,0.0044822209613173,0.0
2024-08-08,0.0,0.0,0.0,0.0,0.0,0.0,0.02045296386408,0.0
2024-08-09,0.0,0.0,0.0,0.0,0.0,0.0,0.0031324106456839,0.0
2024-08-12,0.0,0.0,0.0,0.0,0.0,0.0,0.0044029435922052,0.0
2024-08-13,0.0,0.0,0.0,0.0,0.0,0.0,-0.0015951803742486,0.0
2024-08-14,0.0,0.0,0.0,0.0,0.0,0.0,0.0009388362750564,0.0
2024-08-15,0.0,0.0,0.0,0.0,0.0,0.0,0.01161624276875,0.0
2024-08-16,0.0,0.0,0.0,0.0,0.0,0.0,0.0042486660025344,0.0
2024-08-19,0.0,0.0,0.0,0.0,0.0,0.0,0.0076204432731893,0.0
2024-08-20,0.563137587416342,0.000563137587416342,0.563137587416342,0.000563137587416342,0.000563137587416342,0.0,-0.022458357071961844,0.0
2024-08-21,0.0,0.0,0.0,0.0,0.0,0.0,0.0054121134475356,0.0
2024-08-22,0.0,0.0,0.0,0.0,0.0,0.0,0.0011696870606856,0.0
2024-08-23,0.0,0.0,0.0,0.0,0.0,0.0,0.0164242908901937,0.0
2024-08-26,0.0,0.0,0.0,0.0,0.0,0.0,0.007339587634288,0.0
2024-08-27,0.0,0.0,0.0,0.0,0.0,0.0,-0.0062654894480969,0.0
2024-08-28,0.0,0.0,0.0,0.0,0.0,0.0,-0.006531607821396,0.0
2024-08-29,0.0,0.0,0.0,0.0,0.0,0.0,0.0111055925866302,0.0
2024-08-30,0.0,0.0,0.0,0.0,0.0,0.0,0.0068224816717791,0.0
2024-09-03,0.0,0.0,0.0,0.0,0.0,0.0,-0.0258460665589766,0.0
2024-09-04,0.9999999999999999,0.0009999999999999998,0.9999999999999999,0.0009999999999999998,0.0009999999999999998,0.0,-0.0028759142485412,0.0
2024-09-05,0.0,0.0,0.0,0.0,0.0,0.0,-0.0001190329536408,0.0
2024-09-06,0.0,0.0,0.0,0.0,0.0,0.0,0.0003869308989622,0.0
2024-09-09,0.0,0.0,0.0,0.0,0.0,0.0,0.0,0.0
2024-09-10,0.0,0.0,0.0,0.0,0.0,0.0,0.0003277463957296,0.0
2024-09-11,0.0,0.0,0.0,0.0,0.0,0.0,0.0,0.0
2024-09-12,0.0,0.0,0.0,0.0,0.0,0.0,0.0001090041841318,0.0
2024-09-13,0.0,0.0,0.0,0.0,0.0,0.0,0.0009127200733337,0.0
2024-09-16,0.0,0.0,0.0,0.0,0.0,0.0,0.0004662029224327,0.0
2024-09-17,0.0,0.0,0.0,0.0,0.0,0.0,-5.073328872057898e-05,0.0
2024-09-18,1.0,0.001,1.0,0.001,0.001,0.0,-0.0040534223231619,0.0
2024-09-19,0.0,0.0,0.0,0.0,0.0,0.0,0.013372693415755,0.0
2024-09-20,0.0,0.0,0.0,0.0,0.0,0.0,-0.0024889506350543,0.0
2024-09-23,0.0,0.0,0.0,0.0,0.0,0.0,0.0100062540709319,0.0
2024-09-24,0.0,0.0,0.0,0.0,0.0,0.0,0.0048987117935345,0.0
2024-09-25,0.0,0.0,0.0,0.0,0.0,0.0,-0.0131833317443439,0.0
2024-09-26,0.0,0.0,0.0,0.0,0.0,0.0,-0.002629836052673,0.0
2024-09-27,0.0,0.0,0.0,0.0,0.0,0.0,0.0095720281948636,0.0
2024-09-30,0.0,0.0,0.0,0.0,0.0,0.0,0.0009721896652102,0.0
2024-10-01,0.0,0.0,0.0,0.0,0.0,0.0,0.0124714950471516,0.0
2024-10-02,0.19999999999999996,0.00019999999999999996,0.19999999999999996,0.00019999999999999996,0.00019999999999999996,0.0,0.0011887309621773001,0.0
2024-10-03,0.0,0.0,0.0,0.0,0.0,0.0,0.0004137895185386,0.0
2024-10-04,0.0,0.0,0.0,0.0,0.0,0.0,0.0066403715111841,0.0
2024-10-07,0.0,0.0,0.0,0.0,0.0,0.0,-0.0003486607629263,0.0
2024-10-08,0.0,0.0,0.0,0.0,0.0,0.0,-0.0132196035116009,0.0
2024-10-09,0.0,0.0,0.0,0.0,0.0,0.0,0.0062273813934061,0.0
2024-10-10,0.0,0.0,0.0,0.0,0.0,0.0,0.0040955706022197,0.0
2024-10-11,0.0,0.0,0.0,0.0,0.0,0.0,0.0063764662381736,0.0
2024-10-14,0.0,0.0,0.0,0.0,0.0,0.0,0.0032690125426715,0.0
2024-10-15,0.0,0.0,0.0,0.0,0.0,0.0,-0.0135142763684398,0.0
2024-10-16,0.19999999999999996,0.00019999999999999996,0.19999999999999996,0.00019999999999999996,0.00019999999999999996,0.0,0.0053876507532885,0.0
2024-10-17,0.0,0.0,0.0,0.0,0.0,0.0,0.003477999877266,0.0
2024-10-18,0.0,0.0,0.0,0.0,0.0,0.0,0.0005184339814884,0.0
2024-10-21,0.0,0.0,0.0,0.0,0.0,0.0,-0.0043993852407474,0.0
2024-10-22,0.0,0.0,0.0,0.0,0.0,0.0,-0.0009694327422034,0.0
2024-10-23,0.0,0.0,0.0,0.0,0.0,0.0,-0.0049914729829362,0.0
2024-10-24,0.0,0.0,0.0,0.0,0.0,0.0,-0.0036905842914005,0.0
2024-10-25,0.0,0.0,0.0,0.0,0.0,0.0,-0.0022590178882317,0.0
2024-10-28,0.0,0.0,0.0,0.0,0.0,0.0,-0.0004362313369137,0.0
2024-10-29,0.0,0.0,0.0,0.0,0.0,0.0,-0.0119234580006464,0.0
2024-10-30,0.0,0.0,0.0,0.0,0.0,0.0,0.0035332398263498,0.0
2024-10-31,0.0,0.0,0.0,0.0,0.0,0.0,-0.0015348406972949,0.0
2024-11-01,0.0,0.0,0.0,0.0,0.0,0.0,-0.0049063460636791,0.0
2024-11-04,0.0,0.0,0.0,0.0,0.0,0.0,0.0122574109405496,0.0
2024-11-05,0.0,0.0,0.0,0.0,0.0,0.0,0.0046177957425209,0.0
2024-11-06,0.0,0.0,0.0,0.0,0.0,0.0,0.0280655900565088,0.0
2024-11-07,0.0,0.0,0.0,0.0,0.0,0.0,-0.001199274697308,0.0
2024-11-08,0.0,0.0,0.0,0.0,0.0,0.0,0.0003444182858991,0.0
2024-11-11,0.0,0.0,0.0,0.0,0.0,0.0,0.0016559149519756,0.0
2024-11-12,0.0,0.0,0.0,0.0,0.0,0.0,-0.0099862009184635,0.0
2024-11-13,0.0,0.0,0.0,0.0,0.0,0.0,0.005622293318545,0.0
2024-11-14,0.0,0.0,0.0,0.0,0.0,0.0,-0.0009945772729082,0.0
2024-11-15,0.0,0.0,0.0,0.0,0.0,0.0,-0.0036705329047307,0.0
2024-11-18,0.0,0.0,0.0,0.0,0.0,0.0,0.0110918347343243,0.0
2024-11-19,0.0,0.0,0.0,0.0,0.0,0.0,-0.0051173088403035,0.0
2024-11-20,0.0,0.0,0.0,0.0,0.0,0.0,0.0093109447495419,0.0
2024-11-21,0.0,0.0,0.0,0.0,0.0,0.0,0.0097474295173729,0.0
2024-11-22,0.0,0.0,0.0,0.0,0.0,0.0,0.0031496408849355,0.0
2024-11-25,0.0,0.0,0.0,0.0,0.0,0.0,-0.0077196581220223,0.0
2024-11-26,0.0,0.0,0.0,0.0,0.0,0.0,-0.0038055747658261,0.0
2024-11-27,0.6298915772946536,0.0006298915772946536,0.6298915772946536,0.0006298915772946536,0.0006298915772946536,0.0,-0.0056407946292054536,0.3605246814677754
2024-11-29,0.0,0.0,0.0,0.0,0.0,0.0,0.0062284168792159,0.3605246814677754
2024-12-02,0.0,0.0,0.0,0.0,0.0,0.0,-0.0036825409232767,0.3605246814677754
2024-12-03,0.0,0.0,0.0,0.0,0.0,0.0,0.0009862565474805,0.3605246814677754
2024-12-04,0.0,0.0,0.0,0.0,0.0,0.0,-0.0140645381616556,0.3605246814677754
2024-12-05,0.0,0.0,0.0,0.0,0.0,0.0,0.0019872238082121,0.3605246814677754
2024-12-06,0.0,0.0,0.0,0.0,0.0,0.0,-0.0093713706382719,0.3605246814677754
2024-12-09,0.0,0.0,0.0,0.0,0.0,0.0,-0.0042231638669366,0.3605246814677754
2024-12-10,0.0,0.0,0.0,0.0,0.0,0.0,-0.0068404179173532,0.3605246814677754
2024-12-11,0.0,0.0,0.0,0.0,0.0,0.0,0.007996095530092,0.3605246814677754
2024-12-12,1.0,0.001,1.0,0.001,0.001,0.0,-0.0027817519131195,0.0
2024-12-13,0.0,0.0,0.0,0.0,0.0,0.0,0.0003273891094273,0.0
2024-12-16,0.0,0.0,0.0,0.0,0.0,0.0,0.0001092412918295,0.0
2024-12-17,0.0,0.0,0.0,0.0,0.0,0.0,0.0001092293594731,0.0
2024-12-18,0.0,0.0,0.0,0.0,0.0,0.0,0.0,0.0
2024-12-19,0.0,0.0,0.0,0.0,0.0,0.0,0.000142177058596,0.0
2024-12-20,0.0,0.0,0.0,0.0,0.0,0.0,0.0004382212317479,0.0
2024-12-23,0.0,0.0,0.0,0.0,0.0,0.0,0.0,0.0
2024-12-24,0.0,0.0,0.0,0.0,0.0,0.0,0.0002189263266547,0.0
2024-12-26,0.0,0.0,0.0,0.0,0.0,0.0,0.0002190549944582,0.0
2024-12-27,0.07999999999999999,7.999999999999999e-05,0.07999999999999999,7.999999999999999e-05,7.999999999999999e-05,0.0,0.0003579257660656,0.0
2024-12-30,0.0,0.0,0.0,0.0,0.0,0.0,0.0,0.0
2024-12-31,0.0,0.0,0.0,0.0,0.0,0.0,0.001091487481453,0.0
2025-01-02,0.0,0.0,0.0,0.0,0.0,0.0,0.0011348820685444,0.0
2025-01-03,0.0,0.0,0.0,0.0,0.0,0.0,0.0008485269306326,0.0
2025-01-06,0.0,0.0,0.0,0.0,0.0,0.0,-5.0824707338810015e-05,0.0
2025-01-07,0.0,0.0,0.0,0.0,0.0,0.0,0.000218855812641,0.0
2025-01-08,0.0,0.0,0.0,0.0,0.0,0.0,0.0002184552936266,0.0
2025-01-10,0.0,0.0,0.0,0.0,0.0,0.0,0.0004687957522802,0.0
2025-01-13,0.0,0.0,0.0,0.0,0.0,0.0,0.0017839694386529,0.0
2025-01-14,1.0,0.001,1.0,0.001,0.001,0.0,0.008047790277781998,0.0
2025-01-15,0.0,0.0,0.0,0.0,0.0,0.0,0.0100209953398679,0.0
2025-01-16,0.0,0.0,0.0,0.0,0.0,0.0,0.0043115927108864,0.0
2025-01-17,0.0,0.0,0.0,0.0,0.0,0.0,0.0057317881674505,0.0
2025-01-21,0.0,0.0,0.0,0.0,0.0,0.0,0.0114802048917299,0.0
2025-01-22,0.0,0.0,0.0,0.0,0.0,0.0,-0.0024458188799659,0.0
2025-01-23,0.0,0.0,0.0,0.0,0.0,0.0,0.0020099199206302,0.0
2025-01-24,0.0,0.0,0.0,0.0,0.0,0.0,0.0013121701827252,0.0
2025-01-27,0.0,0.0,0.0,0.0,0.0,0.0,-0.0063951451147271,0.0
2025-01-28,0.0,0.0,0.0,0.0,0.0,0.0,0.0014274933852968,0.0
2025-01-29,0.5850000000000001,0.0005850000000000001,0.5850000000000001,0.0005850000000000001,0.0005850000000000001,0.0,-0.0013945432538048001,0.0
2025-01-30,0.0,0.0,0.0,0.0,0.0,0.0,0.0077362933810163,0.0
2025-01-31,0.0,0.0,0.0,0.0,0.0,0.0,-0.0192288948456725,0.0
2025-02-03,0.0,0.0,0.0,0.0,0.0,0.0,0.0055766568086712,0.0
2025-02-04,0.0,0.0,0.0,0.0,0.0,0.0,0.0159111921821224,0.0
2025-02-05,0.0,0.0,0.0,0.0,0.0,0.0,0.0044405205506394,0.0
2025-02-06,0.0,0.0,0.0,0.0,0.0,0.0,-0.009674457618992,0.0
2025-02-07,0.0,0.0,0.0,0.0,0.0,0.0,-0.0041168444091246,0.0
2025-02-10,0.0,0.0,0.0,0.0,0.0,0.0,0.0162432585956096,0.0
2025-02-11,0.0,0.0,0.0,0.0,0.0,0.0,0.0078446170057531,0.0
2025-02-12,0.6037749300478626,0.0006037749300478627,0.6037749300478626,0.0006037749300478627,0.0006037749300478627,0.0,-0.007706582642596163,0.0
2025-02-13,0.0,0.0,0.0,0.0,0.0,0.0,0.0105424932873211,0.0
2025-02-14,0.0,0.0,0.0,0.0,0.0,0.0,-0.0028337530056184,0.0
2025-02-18,0.0,0.0,0.0,0.0,0.0,0.0,0.0113719862473805,0.0
2025-02-19,0.0,0.0,0.0,0.0,0.0,0.0,-0.0064543731225207,0.0
2025-02-20,0.0,0.0,0.0,0.0,0.0,0.0,-0.0046909195668878,0.0
2025-02-21,0.0,0.0,0.0,0.0,0.0,0.0,-0.019948505233999,0.0
2025-02-24,0.0,0.0,0.0,0.0,0.0,0.0,-0.0029266001758549,0.0
2025-02-25,0.0,0.0,0.0,0.0,0.0,0.0,0.0082741768219477,0.0
2025-02-26,0.0,0.0,0.0,0.0,0.0,0.0,-0.0006239648783087,0.0
2025-02-27,0.49017788299489434,0.0004901778829948944,0.49017788299489434,0.0004901778829948944,0.0004901778829948944,0.0,-0.012117015587443793,0.0
2025-02-28,0.0,0.0,0.0,0.0,0.0,0.0,0.0011541242168534,0.0
2025-03-03,0.0,0.0,0.0,0.0,0.0,0.0,-0.0110578215192398,0.0
2025-03-04,0.0,0.0,0.0,0.0,0.0,0.0,-0.0048930783796267,0.0
2025-03-05,0.0,0.0,0.0,0.0,0.0,0.0,0.0273684459855725,0.0
2025-03-06,0.0,0.0,0.0,0.0,0.0,0.0,-0.0058370786720248,0.0
2025-03-07,0.0,0.0,0.0,0.0,0.0,0.0,0.0043365383209505,0.0
2025-03-10,0.0,0.0,0.0,0.0,0.0,0.0,-0.0224345601812482,0.0
2025-03-11,0.0,0.0,0.0,0.0,0.0,0.0,-7.591110214914663e-05,0.0
2025-03-12,0.0,0.0,0.0,0.0,0.0,0.0,-0.0002567507119833,0.0
2025-03-13,0.6,0.0006,0.6,0.0006,0.0006,0.0,-0.006321083060479,0.0
2025-03-14,0.0,0.0,0.0,0.0,0.0,0.0,0.0195874275498321,0.0
2025-03-17,0.0,0.0,0.0,0.0,0.0,0.0,0.014088163398857,0.0
2025-03-18,0.0,0.0,0.0,0.0,0.0,0.0,-0.0030356298563489,0.0
2025-03-19,0.0,0.0,0.0,0.0,0.0,0.0,0.006306706080899,0.0
2025-03-20,0.0,0.0,0.0,0.0,0.0,0.0,-0.0034117319902526,0.0
2025-03-21,0.0,0.0,0.0,0.0,0.0,0.0,-0.0044139745464284,0.0
2025-03-24,0.0,0.0,0.0,0.0,0.0,0.0,0.0054300677026315,0.0
2025-03-25,0.0,0.0,0.0,0.0,0.0,0.0,0.0008683765839072,0.0
2025-03-26,0.0,0.0,0.0,0.0,0.0,0.0,-0.0025739349022557,0.0
2025-03-27,1.0,0.001,1.0,0.001,0.001,0.0,-0.0027819709459463,0.0
2025-03-28,0.0,0.0,0.0,0.0,0.0,0.0,-0.0002380181389121,0.0
2025-03-31,0.0,0.0,0.0,0.0,0.0,0.0,0.0008828282602931,0.0
2025-04-01,0.0,0.0,0.0,0.0,0.0,0.0,0.0006820841056077,0.0
2025-04-02,0.0,0.0,0.0,0.0,0.0,0.0,-5.058964410459927e-05,0.0
2025-04-03,0.0,0.0,0.0,0.0,0.0,0.0,0.0001093110774117,0.0
2025-04-04,0.0,0.0,0.0,0.0,0.0,0.0,0.0003282465879159,0.0
2025-04-07,0.0,0.0,0.0,0.0,0.0,0.0,0.0001091759935343,0.0
2025-04-08,0.0,0.0,0.0,0.0,0.0,0.0,0.000218415412327,0.0
2025-04-09,0.0,0.0,0.0,0.0,0.0,0.0,0.0,0.0
2025-04-10,0.9999999999999999,0.0009999999999999998,0.9999999999999999,0.0009999999999999998,0.0009999999999999998,0.0,-0.0506373607662629,0.3279999999999999
2025-04-11,0.0,0.0,0.0,0.0,0.0,0.0,0.0217134215820441,0.3279999999999999
2025-04-14,0.0,0.0,0.0,0.0,0.0,0.0,0.0040409842622078,0.3279999999999999
2025-04-15,0.0,0.0,0.0,0.0,0.0,0.0,1.0489451982562624e-05,0.3279999999999999
2025-04-16,0.0,0.0,0.0,0.0,0.0,0.0,-0.0037111079266437,0.3279999999999999
2025-04-17,0.0,0.0,0.0,0.0,0.0,0.0,0.0111063721592007,0.3279999999999999
2025-04-21,0.0,0.0,0.0,0.0,0.0,0.0,-0.018534472061967,0.3279999999999999
2025-04-22,0.0,0.0,0.0,0.0,0.0,0.0,0.0222133605021925,0.3279999999999999
2025-04-23,0.0,0.0,0.0,0.0,0.0,0.0,0.0040249499497891,0.3279999999999999
2025-04-24,0.0,0.0,0.0,0.0,0.0,0.0,0.0196344405100781,0.3279999999999999
2025-04-25,0.6719999999999999,0.000672,0.6719999999999999,0.000672,0.000672,0.0,0.0031050672117261006,0.6
2025-04-28,0.0,0.0,0.0,0.0,0.0,0.0,0.002418486835142,0.6
2025-04-29,0.0,0.0,0.0,0.0,0.0,0.0,0.0054457475576533,0.6
2025-04-30,0.0,0.0,0.0,0.0,0.0,0.0,-0.0007147246440129,0.6
2025-05-01,0.0,0.0,0.0,0.0,0.0,0.0,0.0033237777869238,0.6
2025-05-02,0.0,0.0,0.0,0.0,0.0,0.0,0.021251819048014,0.6
2025-05-05,0.0,0.0,0.0,0.0,0.0,0.0,-9.34434741283849e-05,0.6
2025-05-06,0.0,0.0,0.0,0.0,0.0,0.0,-0.0043988300873452,0.6
2025-05-07,0.0,0.0,0.0,0.0,0.0,0.0,-0.0034409870529741,0.6
2025-05-08,1.0,0.001,1.0,0.001,0.001,0.00628710976896844,0.01542819639601464,1.1392940499291175
2025-05-09,0.5,0.0005,0.5,0.0005,0.0005,0.004608249128822073,0.013289673844873373,1.6392940499291175
2025-05-12,0.0,0.0,0.0,0.0,0.0,0.030524149791004283,0.10784117732625087,1.6392940499291175
2025-05-13,0.0,0.0,0.0,0.0,0.0,0.012337814975947516,0.04279938236661862,1.6392940499291175
2025-05-14,0.0,0.0,0.0,0.0,0.0,0.0017353247931252446,0.007752089972722144,1.6392940499291175
2025-05-15,0.0,0.0,0.0,0.0,0.0,-0.002836371558313824,-0.008327935204629024,1.6392940499291175
2025-05-16,0.0,0.0,0.0,0.0,0.0,-0.0006481015172281741,-0.000648865056900446,1.6392940499291175
2025-05-19,0.0,0.0,0.0,0.0,0.0,-0.002562650145226826,-0.007684864987190826,1.6392940499291175
2025-05-20,0.0,0.0,0.0,0.0,0.0,-0.0007555646115404029,-0.0031823549905803028,1.6392940499291175
2025-05-21,0.0,0.0,0.0,0.0,0.0,-0.007659553842453984,-0.028400150390217985,1.6392940499291175
2025-05-22,0.7,0.0007,0.7,0.0007,0.0007,1.208959639545751e-19,0.0010112834658976,1.3392940499291175
2025-05-23,0.5878377156756293,0.0005878377156756292,0.5878377156756294,0.0005878377156756293,0.0005878377156756293,3.953426105850021e-19,-0.01920655379829353,1.914969481280376
2025-05-27,0.0,0.0,0.0,0.0,0.0,-9.829506186919613e-19,0.047191003567117,1.914969481280376
2025-05-28,0.0,0.0,0.0,0.0,0.0,1.842956488706312e-19,-0.012133690503378,1.914969481280376
2025-05-29,0.0,0.0,0.0,0.0,0.0,-8.378764190065268e-20,0.0056372234747879,1.914969481280376
2025-05-30,0.0,0.0,0.0,0.0,0.0,6.611776998494534e-20,-0.0054865113895586,1.914969481280376
2025-06-02,0.0,0.0,0.0,0.0,0.0,-3.2722591140776076e-19,0.0186666544656237,1.914969481280376
2025-06-03,0.0,0.0,0.0,0.0,0.0,-3.246711012973544e-19,0.0185714235844399,1.914969481280376
2025-06-04,0.0,0.0,0.0,0.0,0.0,-1.0930056455801646e-19,-0.0009089422500995001,1.914969481280376
2025-06-05,0.0,0.0,0.0,0.0,0.0,3.1749079774685355e-19,-0.015159574540175,1.914969481280376
2025-06-06,0.0,0.0,0.0,0.0,0.0,-4.1244333181398503e-19,0.024059899363736,1.914969481280376
2025-06-09,0.48,0.00048,0.4799999999999999,0.00047999999999999996,0.00047999999999999996,0.0,0.0016837417303019,0.66
2025-06-10,0.0,0.0,0.0,0.0,0.0,0.0,0.0199212786479123,0.66
2025-06-11,0.0,0.0,0.0,0.0,0.0,0.0,0.0083494202341452,0.66
2025-06-12,0.0,0.0,0.0,0.0,0.0,0.0,0.0046921982843082,0.66
2025-06-13,0.0,0.0,0.0,0.0,0.0,0.0,0.0067590274347733,0.66
2025-06-16,0.0,0.0,0.0,0.0,0.0,0.0,0.0063264963683865,0.66
2025-06-17,0.0,0.0,0.0,0.0,0.0,0.0,0.0017613257203394,0.66
2025-06-18,0.0,0.0,0.0,0.0,0.0,0.0,-0.0061443457699974,0.66
2025-06-20,0.0,0.0,0.0,0.0,0.0,0.0,0.005653939919479,0.66
2025-06-23,0.0,0.0,0.0,0.0,0.0,0.0,-0.0120163401764069,0.66
2025-06-24,0.558603873345216,0.000558603873345216,0.558603873345216,0.000558603873345216,0.000558603873345216,0.0,-0.00969591398305662,0.0
2025-06-25,0.0,0.0,0.0,0.0,0.0,0.0,-0.0077330459382286,0.0
2025-06-26,0.0,0.0,0.0,0.0,0.0,0.0,0.0166744614179499,0.0
2025-06-27,0.0,0.0,0.0,0.0,0.0,0.0,-0.0040461008963595,0.0
2025-06-30,0.0,0.0,0.0,0.0,0.0,0.0,-0.0054035634214316,0.0
2025-07-01,0.0,0.0,0.0,0.0,0.0,0.0,0.0175489934878739,0.0
2025-07-02,0.0,0.0,0.0,0.0,0.0,0.0,0.0197110745746811,0.0
2025-07-03,0.0,0.0,0.0,0.0,0.0,0.0,0.0014849216463177,0.0
2025-07-07,0.0,0.0,0.0,0.0,0.0,0.0,-0.0128579563955023,0.0
2025-07-08,0.0,0.0,0.0,0.0,0.0,0.0,0.0263294130528154,0.0
2025-07-09,0.6,0.0006,0.6,0.0006,0.0006,0.0,0.0070741809182139,0.81
2025-07-10,0.0,0.0,0.0,0.0,0.0,0.0,0.0108481872220068,0.81
2025-07-11,0.0,0.0,0.0,0.0,0.0,0.0,-0.0059847672775306,0.81
2025-07-14,0.0,0.0,0.0,0.0,0.0,0.0,-0.0111249640047878,0.81
2025-07-15,0.0,0.0,0.0,0.0,0.0,0.0,-0.0031248848319356,0.81
2025-07-16,0.0,0.0,0.0,0.0,0.0,0.0,-0.0009598481720096,0.81
2025-07-17,0.0,0.0,0.0,0.0,0.0,0.0,0.0097753255743812,0.81
2025-07-18,0.0,0.0,0.0,0.0,0.0,0.0,0.0011649719786177,0.81
2025-07-21,0.0,0.0,0.0,0.0,0.0,0.0,0.0060845845427705,0.81
2025-07-22,0.0,0.0,0.0,0.0,0.0,0.0,8.753635225179233e-05,0.81
2025-07-23,0.4,0.0004,0.4,0.0004,0.0004,0.0,0.013304102047127201,0.0
2025-07-24,0.0,0.0,0.0,0.0,0.0,0.0,-0.0067908127630652,0.0
2025-07-25,0.0,0.0,0.0,0.0,0.0,0.0,0.0139243081917107,0.0
2025-07-28,0.0,0.0,0.0,0.0,0.0,0.0,-0.0111538600000094,0.0
2025-07-29,0.0,0.0,0.0,0.0,0.0,0.0,-0.0112222699230561,0.0
2025-07-30,0.0,0.0,0.0,0.0,0.0,0.0,-0.0155600824887195,0.0
2025-07-31,0.0,0.0,0.0,0.0,0.0,0.0,-0.0079452227770058,0.0
2025-08-01,0.0,0.0,0.0,0.0,0.0,0.0,-0.0174492466284995,0.0
2025-08-04,0.0,0.0,0.0,0.0,0.0,0.0,0.0146065002690399,0.0
2025-08-05,0.0,0.0,0.0,0.0,0.0,0.0,0.0024155340208101,0.0
2025-08-06,1.0,0.001,1.0,0.001,0.001,0.0,0.0048922123840385,0.7198373401464053
2025-08-07,0.0,0.0,0.0,0.0,0.0,0.0,0.0020936335034122,0.7198373401464053
2025-08-08,0.0,0.0,0.0,0.0,0.0,0.0,0.0105883842954802,0.7198373401464053
2025-08-11,0.0,0.0,0.0,0.0,0.0,0.0,-0.0059113780060951,0.7198373401464053
2025-08-12,0.0,0.0,0.0,0.0,0.0,0.0,0.0130731155800113,0.7198373401464053
2025-08-13,0.0,0.0,0.0,0.0,0.0,0.0,0.005245627087968,0.7198373401464053
2025-08-14,0.0,0.0,0.0,0.0,0.0,0.0,-0.0012064623039871,0.7198373401464053
2025-08-15,0.0,0.0,0.0,0.0,0.0,0.0,-0.0033539827847509,0.7198373401464053
2025-08-18,0.0,0.0,0.0,0.0,0.0,0.0,-0.0030527014146355,0.7198373401464053
2025-08-19,0.0,0.0,0.0,0.0,0.0,0.0,-0.0091106541191149,0.7198373401464053
2025-08-20,0.6469685516906633,0.0006469685516906632,0.6469685516906633,0.0006469685516906632,0.0006469685516906632,0.0,0.002293636984241937,0.0
2025-08-21,0.0,0.0,0.0,0.0,0.0,0.0,0.0046031642513138,0.0
2025-08-22,0.0,0.0,0.0,0.0,0.0,0.0,0.0258279647208741,0.0
2025-08-25,0.0,0.0,0.0,0.0,0.0,0.0,-0.002370172520855,0.0
2025-08-26,0.0,0.0,0.0,0.0,0.0,0.0,0.0016010587612751,0.0
2025-08-27,0.0,0.0,0.0,0.0,0.0,0.0,0.0091082299587555,0.0
2025-08-28,0.0,0.0,0.0,0.0,0.0,0.0,0.0049290701371631,0.0
2025-08-29,0.0,0.0,0.0,0.0,0.0,0.0,0.0025581058676443,0.0
2025-09-02,0.0,0.0,0.0,0.0,0.0,0.0,0.0002326765054071,0.0
2025-09-03,0.0,0.0,0.0,0.0,0.0,0.0,-0.0087608206943996,0.0
2025-09-04,0.6,0.0006,0.6,0.0006,0.0006,0.0,-0.0019566774637896998,0.0
2025-09-05,0.0,0.0,0.0,0.0,0.0,0.0,0.0077929947170516,0.0
2025-09-08,0.0,0.0,0.0,0.0,0.0,0.0,0.0059607309850248,0.0
2025-09-09,0.0,0.0,0.0,0.0,0.0,0.0,0.0023844254569012,0.0
2025-09-10,0.0,0.0,0.0,0.0,0.0,0.0,0.0096163671639783,0.0
2025-09-11,0.0,0.0,0.0,0.0,0.0,0.0,0.0079567519082001,0.0
2025-09-12,0.0,0.0,0.0,0.0,0.0,0.0,-0.0007484053482156,0.0
2025-09-15,0.0,0.0,0.0,0.0,0.0,0.0,0.0037256366660816,0.0
2025-09-16,0.0,0.0,0.0,0.0,0.0,0.0,0.0076409350327253,0.0
2025-09-17,0.0,0.0,0.0,0.0,0.0,0.0,0.0043375585924705,0.0
2025-09-18,0.75,0.00075,0.75,0.00075,0.00075,0.0,-0.0041280102936134995,0.0
2025-09-19,0.0,0.0,0.0,0.0,0.0,0.0,-0.0094174792334342,0.0
2025-09-22,0.0,0.0,0.0,0.0,0.0,0.0,-0.0009084429704987,0.0
2025-09-23,0.0,0.0,0.0,0.0,0.0,0.0,0.0110938463419626,0.0
2025-09-24,0.0,0.0,0.0,0.0,0.0,0.0,0.0054418299344498,0.0
2025-09-25,0.0,0.0,0.0,0.0,0.0,0.0,0.0025833351599863,0.0
2025-09-26,0.0,0.0,0.0,0.0,0.0,0.0,0.0096394412426977,0.0
2025-09-29,0.0,0.0,0.0,0.0,0.0,0.0,-0.008961024138646,0.0
2025-09-30,0.0,0.0,0.0,0.0,0.0,0.0,-0.0045116301313616,0.0
2025-10-01,0.0,0.0,0.0,0.0,0.0,0.0,-0.0026744045193749,0.0
2025-10-02,0.6399999999999999,0.0006399999999999999,0.6399999999999999,0.0006399999999999999,0.0006399999999999999,0.00400898091206179,0.009461364069399989,1.3305283684546814
2025-10-03,0.0,0.0,0.0,0.0,0.0,-0.0010631018828897668,-0.005999669519357767,1.3305283684546814
2025-10-06,0.0,0.0,0.0,0.0,0.0,0.005789572445090985,0.026356160371095984,1.3305283684546814
2025-10-07,0.0,0.0,0.0,0.0,0.0,-0.0044662223020343495,-0.017592998328635548,1.3305283684546814
2025-10-08,0.0,0.0,0.0,0.0,0.0,0.0059774368819253566,0.027603660985324657,1.3305283684546814
2025-10-09,0.0,0.0,0.0,0.0,0.0,-0.0006992136270033379,-0.009092197097009636,1.3305283684546814
2025-10-10,0.0,0.0,0.0,0.0,0.0,-0.009224986142205818,-0.07500107175867653,1.3305283684546814
2025-10-13,0.0,0.0,0.0,0.0,0.0,0.007819583660460023,0.049420623333230024,1.3305283684546814
2025-10-14,0.0,0.0,0.0,0.0,0.0,-0.003908209835469902,-0.016844764816695102,1.3305283684546814
2025-10-15,0.0,0.0,0.03044722651004697,3.044722651004697e-05,3.044722651004697e-05,0.006847412241560915,0.022866697414997722,1.391422821474775
2025-10-16,0.623351752108611,0.000623351752108611,0.6143754716691081,0.0006143754716691081,0.0006143754716691081,0.0006834324975617581,0.001059056810722553,1.451422821474775
2025-10-17,0.0,0.0,0.0,0.0,0.0,-0.0006408883321242346,-0.0031983666635578348,1.451422821474775
2025-10-20,0.0,0.0,0.0,0.0,0.0,0.0002668975412244024,0.025694908349401302,1.451422821474775
2025-10-21,0.0,0.0,0.0,0.0,0.0,-0.00041913009224613606,-0.008139299050692736,1.451422821474775
2025-10-22,0.0,0.0,0.0,0.0,0.0,-0.0011854877535951156,-0.023802299101303916,1.451422821474775
2025-10-23,0.0,0.0,0.0,0.0,0.0,0.0012176709534969551,0.030690092325502856,1.451422821474775
2025-10-24,0.0,0.0,0.0,0.0,0.0,0.00041217083635348094,0.01924773342854978,1.451422821474775
2025-10-27,0.0,0.0,0.0,0.0,0.0,0.0008823656657999755,0.03701731566850877,1.451422821474775
2025-10-28,0.0,0.0,0.0,0.0,0.0,-0.0005332862059250012,0.004444184248722799,1.451422821474775
2025-10-29,0.0,0.0,0.11698195070899353,0.00011698195070899353,0.00011698195070899353,0.004320252197841424,0.015125725525632138,1.685386722892762
2025-10-30,0.4535721473156531,0.0004535721473156531,0.453572147315653,0.000453572147315653,0.000453572147315653,8.630267638295617e-19,-0.03282277084636235,1.4028038537014558
2025-10-31,0.0,0.0,0.0,0.0,0.0,-2.6709237809812137e-19,0.0067022185831082,1.4028038537014558
2025-11-03,0.0,0.0,0.0,0.0,0.0,-2.722422130447514e-19,0.0063547539463656,1.4028038537014558
2025-11-04,0.0,0.0,0.0,0.0,0.0,1.126312512570151e-18,-0.0378789656865251,1.4028038537014558
2025-11-05,0.0,0.0,0.0,0.0,0.0,-3.549065304099888e-19,0.0133291315640591,1.4028038537014558
2025-11-06,0.0,0.0,0.0,0.0,0.0,1.0276641316211233e-18,-0.034822556729443,1.4028038537014558
2025-11-07,0.0,0.0,0.0,0.0,0.0,1.6973049886956973e-19,-0.0019405361220850997,1.4028038537014558
2025-11-10,0.0,0.0,0.0,0.0,0.0,-1.220510190398487e-18,0.0345938411719455,1.4028038537014558
2025-11-11,0.0,0.0,0.0,0.0,0.0,1.492803138221495e-19,-0.00031933200261109984,1.4028038537014558
2025-11-12,0.0,0.0,0.0,0.0,0.0,3.9045530432410683e-20,0.0024215476751117,1.4028038537014558
2025-11-13,0.23338687553151918,0.0002333868755315192,0.23338687553151918,0.0002333868755315192,0.0002333868755315192,1.135365150631142e-18,-0.02056441511627772,1.1260301026384174
2025-11-14,0.0,0.0,0.0,0.0,0.0,-3.767224391641974e-20,-0.0030044155036949,1.1260301026384174
2025-11-17,0.0,0.0,0.0,0.0,0.0,4.695117538161367e-19,-0.0149357388649708,1.1260301026384174
2025-11-18,0.0,0.0,0.0,0.0,0.0,6.745430074404309e-19,-0.0112794985555837,1.1260301026384174
2025-11-19,0.0,0.0,0.0,0.0,0.0,-3.255950626088719e-19,0.0066474770721216,1.1260301026384174
2025-11-20,0.0,0.0,0.0,0.0,0.0,1.3127584306866263e-18,-0.0300324706187507,1.1260301026384174
2025-11-21,0.0,0.0,0.0,0.0,0.0,-4.1672113541462656e-19,0.0178120731674656,1.1260301026384174
2025-11-24,0.0,0.0,0.0,0.0,0.0,-1.421372074934448e-18,0.0263192417195323,1.1260301026384174
2025-11-25,0.0,0.0,0.0,0.0,0.0,-3.409010727263708e-19,0.0126820506294053,1.1260301026384174
2025-11-26,0.0,0.0,0.0,0.0,0.0,-4.982649971854552e-19,0.0148220054495414,1.1260301026384174
2025-11-28,0.6,0.0006,0.6,0.0006,0.0006,0.0,0.008357899418682601,0.0
2025-12-01,0.0,0.0,0.0,0.0,0.0,0.0,0.0047867898496426,0.0
2025-12-02,0.0,0.0,0.0,0.0,0.0,0.0,-0.0113860198066757,0.0
2025-12-03,0.0,0.0,0.0,0.0,0.0,0.0,0.014055485804981,0.0
2025-12-04,0.0,0.0,0.0,0.0,0.0,0.0,0.0002108995660778,0.0
2025-12-05,0.0,0.0,0.0,0.0,0.0,0.0,-0.0037835193022067,0.0
2025-12-08,0.0,0.0,0.0,0.0,0.0,0.0,-0.0120672965468331,0.0
2025-12-09,0.0,0.0,0.0,0.0,0.0,0.0,0.0028708509341693,0.0
2025-12-10,0.0,0.0,0.0,0.0,0.0,0.0,0.0141378877071512,0.0
2025-12-11,0.0,0.0,0.0,0.0,0.0,0.0,0.0050982404287624,0.0
2025-12-12,0.5999999999999999,0.0005999999999999998,0.5999999999999999,0.0005999999999999998,0.0005999999999999998,0.0,-0.0076800828114016,0.0
2025-12-15,0.0,0.0,0.0,0.0,0.0,0.0,0.0010106108697348,0.0
2025-12-16,0.0,0.0,0.0,0.0,0.0,0.0,-0.0062208538784994,0.0
2025-12-17,0.0,0.0,0.0,0.0,0.0,0.0,-0.0125805298360888,0.0
2025-12-18,0.0,0.0,0.0,0.0,0.0,0.0,0.0065936615972167,0.0
2025-12-19,0.0,0.0,0.0,0.0,0.0,0.0,0.0091675711299795,0.0
2025-12-22,0.0,0.0,0.0,0.0,0.0,0.0,0.014482373091442,0.0
2025-12-23,0.0,0.0,0.0,0.0,0.0,0.0,0.0003329418737198,0.0
2025-12-24,0.0,0.0,0.0,0.0,0.0,0.0,0.00361693856684,0.0
2025-12-26,0.0,0.0,0.0,0.0,0.0,0.0,0.0001928810686785,0.0
2025-12-29,0.24714038007966493,0.0002471403800796649,0.24714038007966493,0.0002471403800796649,0.0002471403800796649,0.0,-0.007428483939573964,0.0
2025-12-30,0.0,0.0,0.0,0.0,0.0,0.0,-0.0019001335481346,0.0
2025-12-31,0.0,0.0,0.0,0.0,0.0,0.0,-0.0111171389267654,0.0
2026-01-02,0.0,0.0,0.0,0.0,0.0,0.0,0.0225042805388551,0.0
2026-01-05,0.0,0.0,0.0,0.0,0.0,0.0,0.0154925273921057,0.0
2026-01-06,0.0,0.0,0.0,0.0,0.0,0.0,0.022150638008975,0.0
2026-01-07,0.0,0.0,0.0,0.0,0.0,0.0,-0.0246165852160642,0.0
2026-01-08,0.0,0.0,0.0,0.0,0.0,0.0,0.0163972697398759,0.0
2026-01-09,0.0,0.0,0.0,0.0,0.0,0.0,0.0179587448594302,0.0
2026-01-12,0.0,0.0,0.0,0.0,0.0,0.0,0.0084070058559718,0.0
2026-01-13,0.8101779684234914,0.0008101779684234915,0.8101779684234914,0.0008101779684234915,0.0008101779684234915,0.0,0.010636172879908508,0.0
2026-01-14,0.0,0.0,0.0,0.0,0.0,0.0,0.0180654754705664,0.0
2026-01-15,0.0,0.0,0.0,0.0,0.0,0.0,-0.0036867798622631,0.0
2026-01-16,0.0,0.0,0.0,0.0,0.0,0.0,0.0043297121603483,0.0
2026-01-20,0.0,0.0,0.0,0.0,0.0,0.0,-0.0063027549288982,0.0
2026-01-21,0.0,0.0,0.0,0.0,0.0,0.0,0.026456679883669,0.0
2026-01-22,0.0,0.0,0.0,0.0,0.0,0.0,0.0024785345468901,0.0
2026-01-23,0.0,0.0,0.0,0.0,0.0,0.0,0.0015381953543607,0.0
2026-01-26,0.0,0.0,0.0,0.0,0.0,0.0,0.0020071507627061,0.0
2026-01-27,0.0,0.0,0.0,0.0,0.0,0.0,0.0101813749277223,0.0
2026-01-28,0.3403016940117999,0.0003403016940117999,0.3403016940117999,0.0003403016940117999,0.0003403016940117999,0.0,0.007979583058664,0.0
2026-01-29,0.0,0.0,0.0,0.0,0.0,0.0,0.0129961317136257,0.0
2026-01-30,0.0,0.0,0.0,0.0,0.0,0.0,0.0100184277381726,0.0
2026-02-02,0.0,0.0,0.0,0.0,0.0,0.0,-0.0155422707167487,0.0
2026-02-03,0.0,0.0,0.0,0.0,0.0,0.0,0.0381621632790043,0.0
2026-02-04,0.0,0.0,0.0,0.0,0.0,0.0,0.0239454976088645,0.0
2026-02-05,0.0,0.0,0.0,0.0,0.0,0.0,-0.012327061689898,0.0
2026-02-06,0.0,0.0,0.0,0.0,0.0,0.0,0.0316905182040301,0.0
2026-02-09,0.0,0.0,0.0,0.0,0.0,0.0,0.011282904960259,0.0
2026-02-10,0.0,0.0,0.0,0.0,0.0,0.0,0.0002443547132183,0.0
2026-02-11,0.504989717537622,0.000504989717537622,0.504989717537622,0.000504989717537622,0.000504989717537622,0.0,0.016900176816517478,0.0
2026-02-12,0.0,0.0,0.0,0.0,0.0,0.0,-0.0167300391789267,0.0
2026-02-13,0.0,0.0,0.0,0.0,0.0,0.0,0.0089557897324266,0.0
2026-02-17,0.0,0.0,0.0,0.0,0.0,0.0,-0.0030585197411873,0.0
2026-02-18,0.0,0.0,0.0,0.0,0.0,0.0,0.0090640111854,0.0
2026-02-19,0.0,0.0,0.0,0.0,0.0,0.0,0.0067692403098927,0.0
2026-02-20,0.0,0.0,0.0,0.0,0.0,0.0,0.0011525788973517,0.0
2026-02-23,0.0,0.0,0.0,0.0,0.0,0.0,-0.0020801291646125,0.0
2026-02-24,0.0,0.0,0.0,0.0,0.0,0.0,0.0042657001054866,0.0
2026-02-25,0.0,0.0,0.0,0.0,0.0,0.0,-0.006100100195523,0.0
2026-02-26,0.3787111866414293,0.0003787111866414293,0.3787111866414293,0.0003787111866414293,0.0003787111866414293,0.0,0.004782656528885271,0.0
2026-02-27,0.0,0.0,0.0,0.0,0.0,0.0,0.0146493530126216,0.0
2026-03-02,0.0,0.0,0.0,0.0,0.0,0.0,0.0209227283975452,0.0
2026-03-03,0.0,0.0,0.0,0.0,0.0,0.0,-0.0155062072865648,0.0
2026-03-04,0.0,0.0,0.0,0.0,0.0,0.0,-0.0043678654941832,0.0
2026-03-05,0.0,0.0,0.0,0.0,0.0,0.0,-0.0041339239438429,0.0
2026-03-06,0.0,0.0,0.0,0.0,0.0,0.0,-0.0038281159370471,0.0
2026-03-09,0.0,0.0,0.0,0.0,0.0,0.0,-0.0009884810288308,0.0
2026-03-10,0.0,0.0,0.0,0.0,0.0,0.0,-0.0133443777228598,0.0
2026-03-11,0.0,0.0,0.0,0.0,0.0,0.0,0.0199770259118566,0.0
2026-03-12,0.4,0.0004,0.4,0.0004,0.0004,0.0,0.0056941450750122,0.0
2026-03-13,0.0,0.0,0.0,0.0,0.0,0.0,0.0034298716342486,0.0
2026-03-16,0.0,0.0,0.0,0.0,0.0,0.0,0.0070986099909528,0.0
2026-03-17,0.0,0.0,0.0,0.0,0.0,0.0,0.0127986292948452,0.0
2026-03-18,0.0,0.0,0.0,0.0,0.0,0.0,-0.0035950568898888,0.0
2026-03-19,0.0,0.0,0.0,0.0,0.0,0.0,0.0184828848222051,0.0
2026-03-20,0.0,0.0,0.0,0.0,0.0,0.0,-0.0041056146071931,0.0
2026-03-23,0.0,0.0,0.0,0.0,0.0,0.0,0.0158213057972581,0.0
2026-03-24,0.0,0.0,0.0,0.0,0.0,0.0,0.0220359158828992,0.0
2026-03-25,0.0,0.0,0.0,0.0,0.0,0.0,-0.0028839936299111,0.0
2026-03-26,0.9000000000000001,0.0009000000000000002,0.9000000000000001,0.0009000000000000002,0.0009000000000000002,0.0,-0.030097280434433,0.0
2026-03-27,0.0,0.0,0.0,0.0,0.0,0.0,-0.0059261660532879,0.0
2026-03-30,0.0,0.0,0.0,0.0,0.0,0.0,-0.0070528024407945,0.0
2026-03-31,0.0,0.0,0.0,0.0,0.0,0.0,0.0335981311057078,0.0
2026-04-01,0.0,0.0,0.0,0.0,0.0,0.0,0.0071482587301664,0.0
2026-04-02,0.0,0.0,0.0,0.0,0.0,0.0,-0.0099306447371369,0.0
2026-04-06,0.0,0.0,0.0,0.0,0.0,0.0,0.0055141756200807,0.0
2026-04-07,0.0,0.0,0.0,0.0,0.0,0.0,0.0031650233763032,0.0
2026-04-08,0.0,0.0,0.0,0.0,0.0,0.0,0.0451338715363411,0.0
2026-04-09,1.0,0.001,1.0,0.001,0.001,0.0,0.0030933257104784,0.0
2026-04-10,1.0,0.001,1.0,0.001,0.001,0.015128246181053578,0.029051195972168875,1.452323667350273
2026-04-13,0.0,0.0,0.0,0.0,0.0,0.013976019052686904,0.028772667794631702,1.452323667350273
2026-04-14,0.0,0.0,0.0,0.0,0.0,0.014624347508325426,0.034033163094850126,1.452323667350273
2026-04-15,0.0,0.0,0.0,0.0,0.0,0.0022848515604937366,0.0032982187025146366,1.452323667350273
2026-04-16,0.0,0.0,0.0,0.0,0.0,0.006717734030098479,0.015207617515957379,1.452323667350273
2026-04-17,0.0,0.0,0.0,0.0,0.0,0.017815744631246876,0.041238078707626774,1.452323667350273
2026-04-20,0.0,0.0,0.0,0.0,0.0,0.003341024955764856,0.0038456710129760557,1.452323667350273
2026-04-21,0.0,0.0,0.0,0.0,0.0,0.005591912937459137,0.006311032874945338,1.452323667350273
2026-04-22,0.0,0.0,0.0,0.0,0.0,0.019055199847745296,0.0434009034406877,1.452323667350273
2026-04-23,0.6785456503076229,0.000678545650307623,0.3785456503076229,0.0003785456503076229,0.0003785456503076229,0.0009893937686675086,0.009921352662221284,1.195232366735027
2026-04-24,0.3238381663248633,0.0003238381663248633,0.3238381663248633,0.0003238381663248633,0.0003238381663248633,0.0,0.06872767978853883,2.0999999999999996
2026-04-27,0.0,0.0,0.0,0.0,0.0,0.0,-0.0109477792235804,2.0999999999999996
2026-04-28,0.0,0.0,0.0,0.0,0.0,0.0,-0.0484222025372648,2.0999999999999996
2026-04-29,0.0,0.0,0.0,0.0,0.0,0.0,0.0286568723527989,2.0999999999999996
2026-04-30,0.0,0.0,0.0,0.0,0.0,0.0,0.0400624789380899,2.0999999999999996
2026-05-01,0.0,0.0,0.0,0.0,0.0,0.0,0.020483836603635,2.0999999999999996
2026-05-04,0.0,0.0,0.0,0.0,0.0,0.0,-0.0096049000153767,2.0999999999999996
2026-05-05,0.0,0.0,0.0,0.0,0.0,0.0,0.06052676669473,2.0999999999999996
2026-05-06,0.0,0.0,0.0,0.0,0.0,0.0,0.0794313986645234,2.0999999999999996
2026-05-07,0.0,0.0,0.0,0.0,0.0,0.0,-0.0297967763130392,2.0999999999999996
2026-05-08,0.41400000000000015,0.00041400000000000014,0.41400000000000015,0.00041400000000000014,0.00041400000000000014,-3.2497291638983164e-19,0.0556177239177617,2.1390000000000002
2026-05-11,0.0,0.0,0.0,0.0,0.0,-4.217911151762453e-20,0.0071288644589547,2.1390000000000002
2026-05-12,0.0,0.0,0.0,0.0,0.0,1.2143037624806152e-19,-0.0260717770647163,2.1390000000000002
2026-05-13,0.0,0.0,0.0,0.0,0.0,-1.439530910246769e-19,0.028298682462611,2.1390000000000002
2026-05-14,0.0,0.0,0.0,0.0,0.0,-1.0426185931882053e-19,0.0171050780840261,2.1390000000000002
2026-05-15,0.0,0.0,0.0,0.0,0.0,2.0977862023625395e-19,-0.0416898777257385,2.1390000000000002
2026-05-18,0.0,0.0,0.0,0.0,0.0,5.990623522224208e-20,-0.0084329057338014,2.1390000000000002
2026-05-19,0.0,0.0,0.0,0.0,0.0,8.547387779603995e-20,-0.0146284674017702,2.1390000000000002
2026-05-20,0.0,0.0,0.0,0.0,0.0,-2.301429132810128e-19,0.0366453662005735,2.1390000000000002
2026-05-21,0.0,0.0,0.0,0.0,0.0,-2.741176681904951e-20,0.0059859278375867,2.1390000000000002
2026-05-22,0.2539082116753164,0.0002539082116753164,0.2539082116753164,0.0002539082116753164,0.0002539082116753164,0.0,0.005521426634633583,1.538183576649367
2026-05-26,0.0,0.0,0.0,0.0,0.0,0.0,0.0412170572802398,1.538183576649367
2026-05-27,0.0,0.0,0.0,0.0,0.0,0.0,-0.0015450755304954,1.538183576649367
2026-05-28,0.0,0.0,0.0,0.0,0.0,0.0,0.0138797572331477,1.538183576649367
2026-05-29,0.0,0.0,0.0,0.0,0.0,0.0,0.0061399405245052,1.538183576649367
2026-06-01,0.0,0.0,0.0,0.0,0.0,0.0,0.0159591599028944,1.538183576649367
2026-06-02,0.0,0.0,0.0,0.0,0.0,0.0,0.0107492273993737,1.538183576649367
2026-06-03,0.0,0.0,0.0,0.0,0.0,0.0,-0.0079771414422748,1.538183576649367
2026-06-04,0.0,0.0,0.0,0.0,0.0,0.0,-0.0116058241780384,1.538183576649367
2026-06-05,0.0,0.0,0.0,0.0,0.0,0.0,-0.0912331282202495,1.538183576649367
2026-06-08,0.7210000000000001,0.0007210000000000001,0.7210000000000001,0.0007210000000000001,0.0007210000000000001,0.0,0.0042521688712719,0.0
2026-06-09,0.0,0.0,0.0,0.0,0.0,0.0,0.0059209075354709,0.0
2026-06-10,0.0,0.0,0.0,0.0,0.0,0.0,-0.0162139560763496,0.0
2026-06-11,0.0,0.0,0.0,0.0,0.0,0.0,0.0383679318955302,0.0
2026-06-12,0.0,0.0,0.0,0.0,0.0,0.0,0.0063927536681688,0.0
2026-06-15,0.0,0.0,0.0,0.0,0.0,0.0,0.0263122350896052,0.0
2026-06-16,0.0,0.0,0.0,0.0,0.0,0.0,-0.0094825568048389,0.0
2026-06-17,0.0,0.0,0.0,0.0,0.0,0.0,-0.0021742303025011,0.0
