date,asset,adjusted_expected_return,realized_next_10d_return,was_top_asset,was_second_asset,score_decile
2023-10-17,QQQM,-0.027891229391753435,-0.047326783139893025,False,False,1.0
2023-10-17,SOXX,-0.028960512740358272,-0.07818132120818755,False,False,1.0
2023-10-17,IWM,-0.028811742526424704,-0.05961719008496369,False,False,1.0
2023-10-17,FEZ,-0.025731845248929575,-0.019303982351386195,False,False,1.0
2023-10-17,XLE,-0.024819104778585475,-0.06518147995599022,True,False,1.0
2023-10-17,XLB,-0.02815014828337164,-0.039282702303839234,False,False,1.0
2023-10-17,XLI,-0.027920914426059998,-0.046437152860489994,False,False,1.0
2023-10-17,XLF,-0.02750009841156338,-0.04033212544982678,False,False,1.0
2023-10-17,XLV,-0.024901549587010664,-0.049240489705833834,False,True,1.0
2023-10-17,XLP,-0.02574031950358532,0.001180400678801652,False,False,1.0
2023-10-17,XLU,-0.025933606602326034,-0.0010042261501487237,False,False,1.0
2023-10-17,XLRE,-0.025933606602326034,-0.040857888647157226,False,False,1.0
2023-10-17,TLT,-0.025933606602326038,-0.01958972474644738,False,False,1.0
2023-10-17,IEF,-0.02574031950358532,-0.002449533012537475,False,False,1.0
2023-10-17,GLD,-0.02574031950358532,0.03253128762223656,False,False,1.0
2023-10-17,XSOE,-0.02994131896515658,-0.03225783564881801,False,False,1.0
2023-10-31,QQQM,0.02348157296518413,0.09838535958428163,False,False,10.0
2023-10-31,SOXX,0.053980644311059665,0.1484665599315369,True,False,10.0
2023-10-31,IWM,0.02590952477772724,0.08473162289448433,False,True,10.0
2023-10-31,FEZ,0.023023285071812238,0.08505451589265833,False,False,10.0
2023-10-31,XLE,0.016001562032081546,-0.005047737561100218,False,False,9.0
2023-10-31,XLB,0.023559445920476443,0.045622131901493335,False,False,10.0
2023-10-31,XLI,0.022666891918538972,0.06445687076199547,False,False,10.0
2023-10-31,XLF,0.017691958581530075,0.06613122876193978,False,False,9.0
2023-10-31,XLV,0.018999058376460584,0.026658241003894245,False,False,10.0
2023-10-31,XLP,0.019012939610906027,0.029914467784335486,False,False,10.0
2023-10-31,XLU,0.0230937450752307,0.03836490920756708,False,False,10.0
2023-10-31,XLRE,0.020856468708862444,0.08580059676765095,False,False,10.0
2023-10-31,TLT,0.0245527785624851,0.07786891379855065,False,False,10.0
2023-10-31,IEF,0.010969210167188326,0.03535868459060265,False,False,8.0
2023-10-31,GLD,0.011296180235817023,-0.010701294257658978,False,False,8.0
2023-10-31,XSOE,0.022101980731882243,0.07248065769434242,False,False,10.0
2023-11-14,QQQM,0.002948403606366691,0.011795773303597601,False,False,2.0
2023-11-14,SOXX,0.0036395604307168697,0.01808783589098062,False,False,3.0
2023-11-14,IWM,0.004186085387724432,0.0029135772470476606,False,False,3.0
2023-11-14,FEZ,0.003928551604787013,0.027995676102335665,False,False,3.0
2023-11-14,XLE,0.0012488100723225145,-0.0087304407084291,False,False,2.0
2023-11-14,XLB,0.002447769433329304,0.026027780887737162,False,False,2.0
2023-11-14,XLI,0.0030771318304986758,0.011365870093126729,False,False,2.0
2023-11-14,XLF,0.0038377453508160325,0.02898536840090782,False,False,3.0
2023-11-14,XLV,0.0025636341054252154,0.014234232320158302,False,False,2.0
2023-11-14,XLP,0.002641980830828225,0.0010015434874439677,False,False,2.0
2023-11-14,XLU,0.003757876365125286,0.008228571657654227,False,False,3.0
2023-11-14,XLRE,0.004521552621773833,0.027545978497814705,False,True,3.0
2023-11-14,TLT,0.0038169063417278835,0.031744362093593326,False,False,3.0
2023-11-14,IEF,0.0027674300642077775,0.014810993414474671,False,False,2.0
2023-11-14,GLD,0.0034931178190447183,0.04074235870789922,False,False,3.0
2023-11-14,XSOE,0.004571028983211835,0.0028910861821866973,True,False,3.0
2023-11-29,QQQM,0.013833044894256583,0.035660920841358745,False,True,9.0
2023-11-29,SOXX,0.01539088772479915,0.06700689727140818,True,False,9.0
2023-11-29,IWM,0.012576568616850073,0.08017666983117633,False,False,8.0
2023-11-29,FEZ,0.010874307584101147,0.038126333853724326,False,False,8.0
2023-11-29,XLE,0.01098316427793801,-0.020114389345306627,False,False,8.0
2023-11-29,XLB,0.011311493480914727,0.029411703823610136,False,False,8.0
2023-11-29,XLI,0.010368065667071151,0.05515153980911891,False,False,7.0
2023-11-29,XLF,0.010624144254069372,0.04788722440868698,False,False,8.0
2023-11-29,XLV,0.010459076248601283,0.04850400644017383,False,False,7.0
2023-11-29,XLP,0.0103443977585748,0.03344774415754448,False,False,7.0
2023-11-29,XLU,0.011380520750921597,0.05552880803235971,False,False,8.0
2023-11-29,XLRE,0.011909093589492832,0.06688341020735833,False,False,8.0
2023-11-29,TLT,0.011500327892418127,0.048760019221492756,False,False,8.0
2023-11-29,IEF,0.010459076248601283,0.020724648909855814,False,False,7.0
2023-11-29,GLD,0.010486974395133651,-0.0100769677692083,False,False,8.0
2023-11-29,XSOE,0.01132878185423027,0.00900908399048106,False,False,8.0
2023-12-13,QQQM,0.02233189587729484,0.021357683607490685,False,False,10.0
2023-12-13,SOXX,0.034204773590851605,0.053602367724776334,True,False,10.0
2023-12-13,IWM,0.03088046989980784,0.05926694389970133,False,True,10.0
2023-12-13,FEZ,0.021032258805684927,0.0048331062976938455,False,False,10.0
2023-12-13,XLE,0.020541028394430047,0.030451930766458357,False,False,10.0
2023-12-13,XLB,0.020911635552961383,0.029524994970469676,False,False,10.0
2023-12-13,XLI,0.02150161235731106,0.027069264604452803,False,False,10.0
2023-12-13,XLF,0.02109384924401198,0.018998575725023503,False,False,10.0
2023-12-13,XLV,0.02067604998621476,0.006472021054576338,False,False,10.0
2023-12-13,XLP,0.020628118538869086,0.0017277663792401032,False,False,10.0
2023-12-13,XLU,0.025984566613441274,-0.02960369231371962,False,False,10.0
2023-12-13,XLRE,0.029895510462264317,0.03885274652963466,False,False,10.0
2023-12-13,TLT,0.02510130856480307,0.03367883321386955,False,False,10.0
2023-12-13,IEF,0.02067604998621476,0.014189911957341428,False,False,10.0
2023-12-13,GLD,0.020796195871476356,0.020465790321164024,False,False,10.0
2023-12-13,XSOE,0.020912574127684696,0.03781001696658026,False,False,10.0
2023-12-28,QQQM,-0.0017243809458913077,-0.004016807737266648,False,False,2.0
2023-12-28,SOXX,-0.00031363366032674463,-0.03957906334095329,True,False,2.0
2023-12-28,IWM,-0.0028254510036248215,-0.052979645506458284,False,False,1.0
2023-12-28,FEZ,-0.0027486367781874577,-0.016959642441621292,False,False,1.0
2023-12-28,XLE,-0.002799797642330515,-0.016065720893171376,False,False,1.0
2023-12-28,XLB,-0.0031500536334561373,-0.028295258592626604,False,False,1.0
2023-12-28,XLI,-0.0011225069689863056,-0.017699336532421173,False,True,2.0
2023-12-28,XLF,-0.003246638197585979,-0.0031816126614022666,False,False,1.0
2023-12-28,XLV,-0.00253612197245698,0.031415211856510084,False,False,1.0
2023-12-28,XLP,-0.0025948000133053247,0.012799108932279646,False,False,1.0
2023-12-28,XLU,-0.0025546384148119115,-0.0014191845411563042,False,False,1.0
2023-12-28,XLRE,-0.002954616369118214,-0.023703858333860017,False,False,1.0
2023-12-28,TLT,-0.00291104828870378,-0.032671998511616174,False,False,1.0
2023-12-28,IEF,-0.0026627478915462353,-0.0041394007700674695,False,False,1.0
2023-12-28,GLD,-0.0026441319965561736,-0.009192011780515097,False,False,1.0
2023-12-28,XSOE,-0.0031936395067747713,-0.028393330163224095,False,False,1.0
2024-01-12,QQQM,0.0001629503547336637,0.04537363083820001,False,False,2.0
2024-01-12,SOXX,0.01685804593634598,0.08360396177204765,True,False,9.0
2024-01-12,IWM,0.01024902469437662,0.031982487476682975,False,True,7.0
2024-01-12,FEZ,0.000868178435851491,0.027902012434936285,False,False,2.0
2024-01-12,XLE,0.0010404630351865932,0.01753758649961301,False,False,2.0
2024-01-12,XLB,-0.00015798985247363626,-0.006351221576885946,False,False,2.0
2024-01-12,XLI,-0.0002183526929633501,0.018374884956813498,False,False,2.0
2024-01-12,XLF,-9.216940844295981e-05,0.030585366768731026,False,False,2.0
2024-01-12,XLV,0.0014114440002589116,-0.0019214214261810136,False,False,2.0
2024-01-12,XLP,0.000868178435851491,0.003434112045148874,False,False,2.0
2024-01-12,XLU,0.006015388761685945,-0.02716377035716444,False,False,4.0
2024-01-12,XLRE,0.008933080698330785,-0.01947400514340769,False,False,6.0
2024-01-12,TLT,0.0007981460650850844,-0.01719822952731631,False,False,2.0
2024-01-12,IEF,0.0008681784358514912,-0.007274018111935399,False,False,2.0
2024-01-12,GLD,0.000868178435851491,-0.007274286194580704,False,False,2.0
2024-01-12,XSOE,-5.925918642762148e-05,-0.01033492382972423,False,False,2.0
2024-01-29,QQQM,0.0016569368642989923,0.016737437478169692,False,False,2.0
2024-01-29,SOXX,0.008120514579487946,0.04023238622549474,True,False,6.0
2024-01-29,IWM,0.000964661687214067,0.01780249053106675,False,False,2.0
2024-01-29,FEZ,0.0021277977418842813,0.012225366623307421,False,False,2.0
2024-01-29,XLE,0.0011485970461001167,0.0011885987962259037,False,False,2.0
2024-01-29,XLB,0.0003008223062293797,0.010612763502080957,False,False,2.0
2024-01-29,XLI,0.0017263561422088194,0.025838680308274853,False,False,2.0
2024-01-29,XLF,0.0026142862312060486,0.01316136080934216,False,False,2.0
2024-01-29,XLV,0.002969473659692255,0.028163789950898854,False,True,2.0
2024-01-29,XLP,0.001213964087741577,0.00793981991368753,False,False,2.0
2024-01-29,XLU,8.793371885414345e-06,-0.010227124767938411,False,False,2.0
2024-01-29,XLRE,0.002911212700249016,-0.012380843648741369,False,False,2.0
2024-01-29,TLT,0.0013105370092606854,-0.006300600839621029,False,False,2.0
2024-01-29,IEF,0.0002662493583267195,-0.007516666415486095,False,False,2.0
2024-01-29,GLD,0.00018823043062612626,-0.006477997179639816,False,False,2.0
2024-01-29,XSOE,-0.00043763084793295383,0.027007456399469998,False,False,2.0
2024-02-12,QQQM,0.009846631088189863,0.005357209201857671,False,True,7.0
2024-02-12,SOXX,0.017146074226302,0.021996270583251487,True,False,9.0
2024-02-12,IWM,0.008192731371679054,0.005124255530428057,False,False,6.0
2024-02-12,FEZ,0.008747328403940179,0.039304006812364234,False,False,6.0
2024-02-12,XLE,0.008754746462498655,0.0197078649592366,False,False,6.0
2024-02-12,XLB,0.007891792122571302,0.03377097710979715,False,False,6.0
2024-02-12,XLI,0.007898133361212291,0.026468562472128365,False,False,6.0
2024-02-12,XLF,0.00785095585883852,0.024197521344238027,False,False,6.0
2024-02-12,XLV,0.009171925925304122,0.017614690315902903,False,False,7.0
2024-02-12,XLP,0.008693809662925418,0.011679938047434835,False,False,6.0
2024-02-12,XLU,0.008693809662925418,0.015089242433173444,False,False,6.0
2024-02-12,XLRE,0.008693809662925418,0.0005227462324350896,False,False,6.0
2024-02-12,TLT,0.008693809662925418,-0.010962390269662392,False,False,6.0
2024-02-12,IEF,0.008693809662925418,-0.009409917165960957,False,False,6.0
2024-02-12,GLD,0.008747328403940179,0.0047565570346066455,False,False,6.0
2024-02-12,XSOE,0.007632370565972976,0.0150772941590811,False,False,5.0
2024-02-27,QQQM,0.014833291688070186,0.01371007101989874,False,False,9.0
2024-02-27,SOXX,0.030171603448005506,0.07350770856886069,True,False,10.0
2024-02-27,IWM,0.02338489967817434,0.004460759311960993,False,True,10.0
2024-02-27,FEZ,0.015747216033478183,0.028954221224640087,False,False,9.0
2024-02-27,XLE,0.01607386229192954,0.03551051606855271,False,False,9.0
2024-02-27,XLB,0.014850339071059607,0.042941086382193294,False,False,9.0
2024-02-27,XLI,0.014744916328708302,0.016552798761313214,False,False,9.0
2024-02-27,XLF,0.014689233011776642,0.016165143344865518,False,False,9.0
2024-02-27,XLV,0.016162887861665,0.0019759254954883065,False,False,9.0
2024-02-27,XLP,0.015747216033478183,0.01973398397252568,False,False,9.0
2024-02-27,XLU,0.016012461090151923,0.0252060877811513,False,False,9.0
2024-02-27,XLRE,0.015796955458897827,0.04072030904419899,False,False,9.0
2024-02-27,TLT,0.015796955458897827,0.024191766430500028,False,False,9.0
2024-02-27,IEF,0.0157028004932412,0.013672685465758727,False,False,9.0
2024-02-27,GLD,0.015747216033478183,0.06271273024538737,False,False,9.0
2024-02-27,XSOE,0.014321843833100792,0.02832467204286626,False,False,9.0
2024-03-12,QQQM,0.010941458082426395,0.000673065836504172,False,False,8.0
2024-03-12,SOXX,0.031858323586109086,-0.028995513715547427,True,False,10.0
2024-03-12,IWM,0.020749846471284115,0.003811227636694614,False,True,10.0
2024-03-12,FEZ,0.014218624813943996,0.004204564760244889,False,False,9.0
2024-03-12,XLE,0.014252392437955383,0.04888531066511437,False,False,9.0
2024-03-12,XLB,0.018502587378594254,0.014477940907998255,False,False,9.0
2024-03-12,XLI,0.016199719087847023,0.017372388892332502,False,False,9.0
2024-03-12,XLF,0.0125113615204507,0.017030620028965826,False,False,8.0
2024-03-12,XLV,0.015027328479282927,-0.004989148755639605,False,False,9.0
2024-03-12,XLP,0.014218624813943996,0.0008640889302624633,False,False,9.0
2024-03-12,XLU,0.014218624813943996,0.007944039141823067,False,False,9.0
2024-03-12,XLRE,0.014218624813943996,-0.032585250984967784,False,False,9.0
2024-03-12,TLT,0.014218624813943996,-0.011699281418077523,False,False,9.0
2024-03-12,IEF,0.014218624813943996,-0.0034838800321405072,False,False,9.0
2024-03-12,GLD,0.014218624813943998,0.009259753569670126,False,False,9.0
2024-03-12,XSOE,0.015410626352190334,-0.015787772057535232,False,False,9.0
2024-03-26,QQQM,0.009590591153689524,-0.011074521281016603,False,False,7.0
2024-03-26,SOXX,0.02244439993609277,-0.010723273137127398,True,False,10.0
2024-03-26,IWM,0.011204046446959767,-0.020665789170827398,False,False,8.0
2024-03-26,FEZ,0.012826455210090067,-0.018907558081987297,False,False,8.0
2024-03-26,XLE,0.01564012587027431,0.05673227794063429,False,False,9.0
2024-03-26,XLB,0.015418141549804028,0.0030657842529713264,False,False,9.0
2024-03-26,XLI,0.015809306271152273,0.0011296119793322568,False,True,9.0
2024-03-26,XLF,0.011915287179704585,-0.012318757040199024,False,False,8.0
2024-03-26,XLV,0.013258061119220031,-0.02867570516217277,False,False,9.0
2024-03-26,XLP,0.012826455210090067,-0.015370380447236154,False,False,8.0
2024-03-26,XLU,0.012826455210090067,0.02191399125685578,False,False,8.0
2024-03-26,XLRE,0.012826455210090067,-0.018794127383709558,False,False,8.0
2024-03-26,TLT,0.012905383707816845,-0.03467528947097509,False,False,8.0
2024-03-26,IEF,0.012826455210090067,-0.021832971184173044,False,False,8.0
2024-03-26,GLD,0.012980659709968298,0.06928189477776958,False,False,8.0
2024-03-26,XSOE,0.012222231779876162,0.006143347936875321,False,False,8.0
2024-04-10,QQQM,-0.014452183358584048,-0.027109350315921876,False,False,1.0
2024-04-10,SOXX,-0.008330404199003473,-0.05419747058037161,False,False,1.0
2024-04-10,IWM,-0.012490107188784867,-0.01617484418290771,False,False,1.0
2024-04-10,FEZ,-0.010578843149849745,0.0,False,False,1.0
2024-04-10,XLE,-0.00809310864708605,-0.016361512568915382,False,False,1.0
2024-04-10,XLB,-0.0024909076612613015,-0.035694709945186975,True,False,1.0
2024-04-10,XLI,-0.005307210180236324,-0.01611743026118606,False,True,1.0
2024-04-10,XLF,-0.009684743317975388,0.0056247839211562844,False,False,1.0
2024-04-10,XLV,-0.009605305110719156,-0.005155701560189407,False,False,1.0
2024-04-10,XLP,-0.010806041333216538,0.021800596268108485,False,False,1.0
2024-04-10,XLU,-0.011364402296387521,0.02962050700800578,False,False,1.0
2024-04-10,XLRE,-0.005441844387203875,-0.02527245810448997,False,False,1.0
2024-04-10,TLT,-0.015565529756303886,-0.020172917909863197,False,False,1.0
2024-04-10,IEF,-0.01085154081215093,-0.005105473399773741,False,False,1.0
2024-04-10,GLD,-0.011229390190785029,-0.004498869337958511,False,False,1.0
2024-04-10,XSOE,-0.009987879101731463,-0.017299918095696087,False,False,1.0
2024-04-24,QQQM,0.007845097674926775,0.03185371347658128,False,False,6.0
2024-04-24,SOXX,0.02685298106267036,0.04977452977320085,True,False,10.0
2024-04-24,IWM,0.009938839263793726,0.03085807727167955,False,False,7.0
2024-04-24,FEZ,0.011992199242871572,0.019271943472547237,False,False,8.0
2024-04-24,XLE,0.011860688733665267,-0.03212409719479847,False,False,8.0
2024-04-24,XLB,0.0160610066430011,0.02694126611004033,False,False,9.0
2024-04-24,XLI,0.013160777229721905,0.018510863068813332,False,False,9.0
2024-04-24,XLF,0.010873970389473806,0.0058366942935839106,False,False,8.0
2024-04-24,XLV,0.013014595325155939,0.008661224335466677,False,False,9.0
2024-04-24,XLP,0.011992199242871572,0.007770058249034317,False,False,8.0
2024-04-24,XLU,0.011992199242871572,0.052891743908601185,False,False,8.0
2024-04-24,XLRE,0.025178729776245252,0.011735518007775614,False,True,10.0
2024-04-24,TLT,0.011992199242871572,0.02382345395453833,False,False,8.0
2024-04-24,IEF,0.011992199242871572,0.013156875995795625,False,False,8.0
2024-04-24,GLD,0.011992199242871572,-0.004938490316846678,False,False,8.0
2024-04-24,XSOE,0.014596041442087654,0.04073177705516784,False,False,9.0
2024-05-08,QQQM,0.01922031399586174,0.035564431318737766,False,False,10.0
2024-05-08,SOXX,0.023991970035133814,0.07454803164846902,True,False,10.0
2024-05-08,IWM,0.01609500439932219,0.01374025651138977,False,False,9.0
2024-05-08,FEZ,0.014911378996113465,0.010313006722760587,False,False,9.0
2024-05-08,XLE,0.015263490705029466,-0.01095588232059197,False,False,9.0
2024-05-08,XLB,0.021767703183897202,0.007275057424736442,False,True,10.0
2024-05-08,XLI,0.017408536929355668,0.007720343890585291,False,False,9.0
2024-05-08,XLF,0.0163282184297556,0.014023143723096876,False,False,9.0
2024-05-08,XLV,0.014888155548674235,0.031179508119448585,False,False,9.0
2024-05-08,XLP,0.014888155548674238,0.016989280502446302,False,False,9.0
2024-05-08,XLU,0.014911378996113465,0.02476142872810283,False,False,9.0
2024-05-08,XLRE,0.020381495710126554,0.029403958051984924,False,False,10.0
2024-05-08,TLT,0.014888155548674235,0.01674229393789095,False,False,9.0
2024-05-08,IEF,0.014888155548674235,0.006160937099561448,False,False,9.0
2024-05-08,GLD,0.014911378996113465,0.030574017807445397,False,False,9.0
2024-05-08,XSOE,0.01796765711677173,0.019568848697870234,False,False,9.0
2024-05-22,QQQM,0.015952371860191335,0.016958038788450258,False,True,9.0
2024-05-22,SOXX,0.02659554661954352,0.023380221487147246,True,False,10.0
2024-05-22,IWM,0.009822710696953417,-0.014473871457076126,False,False,7.0
2024-05-22,FEZ,0.0089353797186632,0.017391552769745244,False,False,6.0
2024-05-22,XLE,0.008032654155423714,-0.0187879789673564,False,False,6.0
2024-05-22,XLB,0.013318982346128763,-0.007441477558072118,False,False,9.0
2024-05-22,XLI,0.008889600530666066,-0.0248185990054004,False,False,6.0
2024-05-22,XLF,0.009006383646009216,-0.015498283772999777,False,False,6.0
2024-05-22,XLV,0.0089353797186632,-0.0016380268030520284,False,False,6.0
2024-05-22,XLP,0.0089353797186632,0.00295553612144972,False,False,6.0
2024-05-22,XLU,0.0089353797186632,-0.01805280623534522,False,False,6.0
2024-05-22,XLRE,0.008970137904276886,0.0028826117194249434,False,False,6.0
2024-05-22,TLT,0.0089353797186632,0.019939852804284897,False,False,6.0
2024-05-22,IEF,0.0089353797186632,0.012141391866203888,False,False,6.0
2024-05-22,GLD,0.008970137904276886,-0.003089400448342605,False,False,6.0
2024-05-22,XSOE,0.00987605426648931,-0.010735183046950425,False,False,7.0
2024-06-06,QQQM,0.010800106031518814,0.03586795737354587,False,True,8.0
2024-06-06,SOXX,0.0341443398967015,0.038873472466987025,True,False,10.0
2024-06-06,IWM,0.007923200719748022,-0.01316719648211151,False,False,6.0
2024-06-06,FEZ,0.007252896972318203,-0.05109643498675387,False,False,5.0
2024-06-06,XLE,0.006662999799993104,-0.006640888539353629,False,False,5.0
2024-06-06,XLB,0.008326858405442323,-0.011686851147308941,False,False,6.0
2024-06-06,XLI,0.007252896972318203,0.006301227447048641,False,False,5.0
2024-06-06,XLF,0.007252896972318203,0.0009688089969113189,False,False,5.0
2024-06-06,XLV,0.007252896972318203,0.0036918239975169964,False,False,5.0
2024-06-06,XLP,0.007252896972318203,-0.004868828074172216,False,False,5.0
2024-06-06,XLU,0.007252896972318203,-0.018667706152751706,False,False,5.0
2024-06-06,XLRE,0.007252896972318203,0.00548734992877975,False,False,5.0
2024-06-06,TLT,0.007252896972318203,0.008046377733359256,False,False,5.0
2024-06-06,IEF,0.007252896972318203,0.004364262500003324,False,False,5.0
2024-06-06,GLD,0.007252896972318203,-0.02119124117802329,False,False,5.0
2024-06-06,XSOE,0.006884135850625604,0.010522939637505724,False,False,5.0
2024-06-21,QQQM,0.009188090181864561,0.037927112229268145,False,False,7.0
2024-06-21,SOXX,0.017643887186777982,0.03927451983927277,True,False,9.0
2024-06-21,IWM,0.005721601613751494,0.0096331033555217,False,False,4.0
2024-06-21,FEZ,0.006762464664255485,0.02548203756265921,False,False,5.0
2024-06-21,XLE,0.005003398494250455,0.00578422623652064,False,False,3.0
2024-06-21,XLB,0.005721601613751494,-0.011825226308926573,False,False,4.0
2024-06-21,XLI,0.005721601613751494,-0.009620679419862666,False,False,4.0
2024-06-21,XLF,0.005721601613751494,0.006388542879431025,False,False,4.0
2024-06-21,XLV,0.005721601613751494,-0.01358770556984068,False,False,4.0
2024-06-21,XLP,0.005721601613751494,0.0022314403130128113,False,False,4.0
2024-06-21,XLU,0.005721601613751494,-0.0031233628644681266,False,False,4.0
2024-06-21,XLRE,0.005721601613751494,0.0077966115850882645,False,False,4.0
2024-06-21,TLT,0.005721601613751494,-0.009631354217624177,False,False,4.0
2024-06-21,IEF,0.005721601613751494,0.0013515848467471336,False,False,4.0
2024-06-21,GLD,0.015495748210264922,0.015876728193920053,False,True,9.0
2024-06-21,XSOE,0.00516409007838114,0.025506696290154673,False,False,4.0
2024-07-08,QQQM,0.012427270818362047,-0.03033714809432786,False,True,8.0
2024-07-08,SOXX,0.018198486408094027,-0.05142705610945841,True,False,9.0
2024-07-08,IWM,0.010601572610581124,0.08903501428156901,False,False,8.0
2024-07-08,FEZ,0.010076158085754253,-0.004290815323132802,False,False,7.0
2024-07-08,XLE,0.008819285422784416,0.025013941353298152,False,False,6.0
2024-07-08,XLB,0.009769838589609326,0.025521590422873608,False,False,7.0
2024-07-08,XLI,0.009769838589609326,0.039301325274994525,False,False,7.0
2024-07-08,XLF,0.009769838589609326,0.040067667332526424,False,False,7.0
2024-07-08,XLV,0.009769838589609326,0.030988049465028533,False,False,7.0
2024-07-08,XLP,0.009769838589609326,0.011390001384976589,False,False,7.0
2024-07-08,XLU,0.009769838589609326,0.03060314173698475,False,False,7.0
2024-07-08,XLRE,0.009769838589609326,0.06564200313008994,False,False,7.0
2024-07-08,TLT,0.009769838589609326,-0.0011857308032362512,False,False,7.0
2024-07-08,IEF,0.009769838589609326,0.0031849420928355965,False,False,7.0
2024-07-08,GLD,0.009967357009018386,0.016545215500059385,False,False,7.0
2024-07-08,XSOE,0.00976250205111094,-0.008609618291266385,False,False,7.0
2024-07-22,QQQM,0.007863198435044363,-0.09637757637742717,False,False,6.0
2024-07-22,SOXX,0.006952261670758448,-0.17495123107928645,False,False,5.0
2024-07-22,IWM,0.0063427148765467685,-0.08211901487677109,False,False,4.0
2024-07-22,FEZ,0.009710725746489098,-0.06523023666412053,False,True,7.0
2024-07-22,XLE,0.009710725746489098,-0.05817629426367199,False,False,7.0
2024-07-22,XLB,0.008091807396896827,-0.026324474894382166,False,False,6.0
2024-07-22,XLI,0.007961969527490355,-0.04391946860646179,False,False,6.0
2024-07-22,XLF,0.008204940469869039,-0.052216497752320734,False,False,6.0
2024-07-22,XLV,0.01053319278860749,-0.012708444080075099,True,False,8.0
2024-07-22,XLP,0.009676118368235112,-0.005631019456092012,False,False,7.0
2024-07-22,XLU,0.009710725746489098,0.021775976906473815,False,False,7.0
2024-07-22,XLRE,0.009676118368235112,-0.006355334824108105,False,False,7.0
2024-07-22,TLT,0.009710725746489098,0.0699336048254815,False,False,7.0
2024-07-22,IEF,0.009676118368235112,0.03794102657089393,False,False,7.0
2024-07-22,GLD,0.009710725746489098,0.00306579200372048,False,False,7.0
2024-07-22,XSOE,0.008278810695482136,-0.059826280580442925,False,False,6.0
2024-08-05,QQQM,0.0189899038237727,0.10431521439559743,False,False,10.0
2024-08-05,SOXX,0.03721988059593727,0.15751128116098578,True,False,10.0
2024-08-05,IWM,0.019795919180883727,0.06429264074792651,False,False,10.0
2024-08-05,FEZ,0.02334889947958165,0.08277442579284999,False,True,10.0
2024-08-05,XLE,0.02308603401802416,0.053557037655231454,False,False,10.0
2024-08-05,XLB,0.012434168294713537,0.033738635601841205,False,False,8.0
2024-08-05,XLI,0.021120867771032444,0.059203962570923085,False,False,10.0
2024-08-05,XLF,0.01836115098079465,0.07762008140799082,False,False,9.0
2024-08-05,XLV,0.009269068915058508,0.04746996336933318,False,False,7.0
2024-08-05,XLP,0.011089411179815859,0.03963983445421615,False,False,8.0
2024-08-05,XLU,0.019614325715328874,0.036949866640092255,False,False,10.0
2024-08-05,XLRE,0.020002970995729164,0.035916424157395266,False,False,10.0
2024-08-05,TLT,0.010419449298572149,-0.00921075940492122,False,False,7.0
2024-08-05,IEF,0.010824128968988642,-0.005931614754828729,False,False,8.0
2024-08-05,GLD,0.013915662915463136,0.041037419355192783,False,False,9.0
2024-08-05,XSOE,0.01995319785115042,0.08142317780823372,False,False,10.0
2024-08-19,QQQM,0.008709212986510185,-0.040339129886818315,False,False,6.0
2024-08-19,SOXX,0.008933088845855695,-0.0921075463536617,True,False,6.0
2024-08-19,IWM,0.008773118426586315,-0.008596568850446462,False,True,6.0
2024-08-19,FEZ,0.006974333726280627,-0.0015482316406011387,False,False,5.0
2024-08-19,XLE,0.007461718096123556,-0.02272716322410606,False,False,5.0
2024-08-19,XLB,0.0056480990025236525,0.01252736975461266,False,False,4.0
2024-08-19,XLI,0.006705112532275274,0.006340984570385455,False,False,5.0
2024-08-19,XLF,0.006291944772358588,0.03158362536232229,False,False,4.0
2024-08-19,XLV,0.0056480990025236525,0.020155942817544847,False,False,4.0
2024-08-19,XLP,0.0056480990025236525,0.028595998912831266,False,False,4.0
2024-08-19,XLU,0.0056480990025236525,0.016682391151709997,False,False,4.0
2024-08-19,XLRE,0.0056480990025236525,0.0365710266185697,False,False,4.0
2024-08-19,TLT,0.0056480990025236525,0.0018197916700193328,False,False,4.0
2024-08-19,IEF,0.0056480990025236525,0.0052459065654821835,False,False,4.0
2024-08-19,GLD,0.005648099002523652,-0.0056992673923413895,False,False,4.0
2024-08-19,XSOE,0.00737248426302683,-0.03321740845444898,False,False,5.0
2024-09-03,QQQM,0.0014252987029824491,0.025357633458537476,False,False,2.0
2024-09-03,SOXX,-0.005638459223207581,0.03114750066192773,False,False,1.0
2024-09-03,IWM,0.0013511680281001876,0.02840423336899356,False,False,2.0
2024-09-03,FEZ,0.0016001704054816582,0.0005813507661673878,False,False,2.0
2024-09-03,XLE,0.0016001704054816582,-0.014268239506367575,False,False,2.0
2024-09-03,XLB,0.0016489604730525443,0.017256419618325802,False,False,2.0
2024-09-03,XLI,0.0016001704054816582,0.02652668796119828,False,False,2.0
2024-09-03,XLF,0.0017769610015690906,-0.0015417623501651212,True,False,2.0
2024-09-03,XLV,0.0016489604730525438,-0.008158328942373894,False,False,2.0
2024-09-03,XLP,0.0016489604730525443,0.004453117932398776,False,False,2.0
2024-09-03,XLU,0.0016489604730525438,0.03806764425620224,False,False,2.0
2024-09-03,XLRE,0.0016489604730525438,0.030927712705526078,False,False,2.0
2024-09-03,TLT,0.0016001704054816586,0.03161113502732249,False,False,2.0
2024-09-03,IEF,0.0016489604730525438,0.015807909975497303,False,False,2.0
2024-09-03,GLD,0.0016001704054816582,0.030613588333376907,False,False,2.0
2024-09-03,XSOE,0.0016816252872649154,0.01897907201369131,False,True,2.0
2024-09-17,QQQM,0.0045404813404421466,0.017750867084327826,False,False,3.0
2024-09-17,SOXX,0.0009581658876713229,0.020557576846066627,False,False,2.0
2024-09-17,IWM,0.0053978252285780265,-0.00353910865376994,False,False,4.0
2024-09-17,FEZ,0.006833751708727387,0.016965423651932987,False,False,5.0
2024-09-17,XLE,0.006882209712374777,0.031930833353941646,False,True,5.0
2024-09-17,XLB,0.005413415991130398,0.030290245993999543,False,False,4.0
2024-09-17,XLI,0.006558823434309642,0.030236067937643885,False,False,5.0
2024-09-17,XLF,0.005538289350203502,-0.001908210710251157,False,False,4.0
2024-09-17,XLV,0.007585694147455206,-0.011814309517011679,True,False,5.0
2024-09-17,XLP,0.006833751708727387,-0.003599583103757853,False,False,5.0
2024-09-17,XLU,0.006833751708727387,0.0366945082730088,False,False,5.0
2024-09-17,XLRE,0.006833751708727389,-0.0064173654185590845,False,False,5.0
2024-09-17,TLT,0.006833751708727387,-0.0201479417015189,False,False,5.0
2024-09-17,IEF,0.006833751708727387,-0.004880326201532337,False,False,5.0
2024-09-17,GLD,0.006833751708727387,0.034844545378214686,False,False,5.0
2024-09-17,XSOE,0.006020920368225761,0.0758856387213469,False,False,4.0
2024-10-01,QQQM,0.003945049947101299,0.01999415873539334,False,False,3.0
2024-10-01,SOXX,0.0067728077029991385,0.014411167123260515,False,False,5.0
2024-10-01,IWM,0.005060976339738114,0.02377350052903937,False,False,3.0
2024-10-01,FEZ,0.006159947409285646,-0.021942452269098855,False,False,4.0
2024-10-01,XLE,0.006271956258782512,-0.0002228625769035153,False,False,4.0
2024-10-01,XLB,0.009611640647921773,0.0020801236836505144,True,False,7.0
2024-10-01,XLI,0.008688671347590176,0.01970341314082158,False,True,6.0
2024-10-01,XLF,0.005488234238163649,0.040372571750984854,False,False,4.0
2024-10-01,XLV,0.006467443003519819,-0.0023496925737599428,False,False,4.0
2024-10-01,XLP,0.006030953349242738,-0.002780519273236748,False,False,4.0
2024-10-01,XLU,0.0060309533492427375,-0.010069893105241867,False,False,4.0
2024-10-01,XLRE,0.006030953349242738,-0.0027028876232597643,False,False,4.0
2024-10-01,TLT,0.006030953349242738,-0.0363486835364758,False,False,4.0
2024-10-01,IEF,0.006030953349242738,-0.020470719304844343,False,False,4.0
2024-10-01,GLD,0.006030953349242738,0.0012621536493766516,False,False,4.0
2024-10-01,XSOE,0.008147423401841544,-0.025794689387084957,False,False,6.0
2024-10-15,QQQM,0.012297428221384198,0.0187605241657951,False,False,8.0
2024-10-15,SOXX,0.013946602957530457,0.03523048618434155,False,True,9.0
2024-10-15,IWM,0.01256599405360374,-0.005962164177607199,False,False,8.0
2024-10-15,FEZ,0.013230125676188103,-0.003121378258065355,False,False,9.0
2024-10-15,XLE,0.014012615823227664,-0.021608304293992076,True,False,9.0
2024-10-15,XLB,0.012669196873978671,-0.02293954034642276,False,False,8.0
2024-10-15,XLI,0.012607449486398156,-0.018526569660376913,False,False,8.0
2024-10-15,XLF,0.012586721770000947,0.00042646117670375183,False,False,8.0
2024-10-15,XLV,0.013167097829122757,-0.029113626897727563,False,False,9.0
2024-10-15,XLP,0.01298054838154789,-0.02521504604449154,False,False,8.0
2024-10-15,XLU,0.01298054838154789,-0.01649931960338047,False,False,8.0
2024-10-15,XLRE,0.01298054838154789,-0.010614177740138953,False,False,8.0
2024-10-15,TLT,0.013021568052731199,-0.030344503762002262,False,False,9.0
2024-10-15,IEF,0.01306441543022766,-0.015283824093723974,False,False,9.0
2024-10-15,GLD,0.01298054838154789,0.04135490502874273,False,False,8.0
2024-10-15,XSOE,0.01286916143898318,0.0003080517896234536,False,False,8.0
2024-10-29,QQQM,0.011610816798984668,0.02584901715875043,False,False,8.0
2024-10-29,SOXX,0.012370093073555053,-0.05208819719410884,False,False,8.0
2024-10-29,IWM,0.011423622227076347,0.07089375954685995,False,False,8.0
2024-10-29,FEZ,0.011142456533155648,-0.057534157697945565,False,False,8.0
2024-10-29,XLE,0.0128484620270315,0.0676228840694062,True,False,8.0
2024-10-29,XLB,0.011142456533155648,-0.017741377275102388,False,False,8.0
2024-10-29,XLI,0.011091704905290167,0.046748371509391484,False,False,8.0
2024-10-29,XLF,0.011091704905290167,0.06010222021000167,False,False,8.0
2024-10-29,XLV,0.011292684692148756,-0.007951303605260196,False,False,8.0
2024-10-29,XLP,0.011091704905290167,0.00273588505583211,False,False,8.0
2024-10-29,XLU,0.011091704905290167,-0.009964607392688674,False,False,8.0
2024-10-29,XLRE,0.011091704905290167,-0.018945542267769788,False,False,8.0
2024-10-29,TLT,0.012417093312169175,-0.011561320198668734,False,True,8.0
2024-10-29,IEF,0.011292684692148756,-0.011305350475251719,False,False,8.0
2024-10-29,GLD,0.011091704905290167,-0.06263420483230941,False,False,8.0
2024-10-29,XSOE,0.010682304837283479,-0.03170237392809916,False,False,8.0
2024-11-12,QQQM,0.009288792094627856,-0.007104587599375378,False,False,7.0
2024-11-12,SOXX,0.007832434011348853,-0.03433273430368178,False,False,6.0
2024-11-12,IWM,0.008264999005715824,0.013307545338088866,False,False,6.0
2024-11-12,FEZ,0.010596437497276708,-0.011005010990842723,True,False,8.0
2024-11-12,XLE,0.0091957700085202,0.015355145099503309,False,False,7.0
2024-11-12,XLB,0.008235010358123464,0.020441289557485698,False,False,6.0
2024-11-12,XLI,0.008384394921374378,0.012327413622179595,False,False,6.0
2024-11-12,XLF,0.009642404498937,0.028548504778983963,False,True,7.0
2024-11-12,XLV,0.009065857986761598,-0.007132333802197466,False,False,6.0
2024-11-12,XLP,0.008904423139519004,0.024804624370100337,False,False,6.0
2024-11-12,XLU,0.008995560927114272,0.05618541703529378,False,False,6.0
2024-11-12,XLRE,0.008995560927114272,0.0446719895535157,False,False,6.0
2024-11-12,TLT,0.009216784877902614,0.01886162838691874,False,False,7.0
2024-11-12,IEF,0.009129240990422562,0.011355358544448801,False,False,6.0
2024-11-12,GLD,0.008995560927114272,0.012080790916962014,False,False,6.0
2024-11-12,XSOE,0.007183127010834882,-0.007310735958174774,False,False,5.0
2024-11-26,QQQM,0.009205388720732594,0.040547598266560625,False,False,7.0
2024-11-26,SOXX,0.012554730455825199,0.016198541693588364,True,False,8.0
2024-11-26,IWM,0.008269113526195705,-0.011844425842343687,False,False,6.0
2024-11-26,FEZ,0.011788449815415334,0.047448970132927926,False,True,8.0
2024-11-26,XLE,0.010012963058476446,-0.050619747266089754,False,False,7.0
2024-11-26,XLB,0.00832801203274871,-0.03942772551827678,False,False,6.0
2024-11-26,XLI,0.008583191509798563,-0.0350012522468941,False,False,6.0
2024-11-26,XLF,0.010026720794753185,-0.026583257759774548,False,False,7.0
2024-11-26,XLV,0.009545137329154187,-0.027570485613597318,False,False,7.0
2024-11-26,XLP,0.009348729940948127,-0.00750324982754047,False,False,7.0
2024-11-26,XLU,0.009348729940948125,-0.06357053849056349,False,False,7.0
2024-11-26,XLRE,0.009348729940948127,-0.041425343142340365,False,False,7.0
2024-11-26,TLT,0.009545137329154187,0.0016236359009824675,False,False,7.0
2024-11-26,IEF,0.009504889160814857,0.003926728738602225,False,False,7.0
2024-11-26,GLD,0.009566195929635743,0.032969787471664125,False,False,7.0
2024-11-26,XSOE,0.006351591755059453,0.023054686329882612,False,False,4.0
2024-12-11,QQQM,-0.009240578449640668,0.001040493657141317,False,True,1.0
2024-12-11,SOXX,-0.008847855109892801,0.022574254610822075,True,False,1.0
2024-12-11,IWM,-0.010765786286032596,-0.04802944798556541,False,False,1.0
2024-12-11,FEZ,-0.009249562598442144,-0.019058963668850515,False,False,1.0
2024-12-11,XLE,-0.009900931282730983,-0.05664286757453796,False,False,1.0
2024-12-11,XLB,-0.01056145293064864,-0.05279279760600064,False,False,1.0
2024-12-11,XLI,-0.010478128701933702,-0.02700026077300155,False,False,1.0
2024-12-11,XLF,-0.00925126728062602,-0.009649985728667154,False,False,1.0
2024-12-11,XLV,-0.00935587669621294,-0.013422862614394293,False,False,1.0
2024-12-11,XLP,-0.009857787708662595,-0.020916058641139212,False,False,1.0
2024-12-11,XLU,-0.009857787708662595,-0.00898978651671467,False,False,1.0
2024-12-11,XLRE,-0.009857787708662595,-0.04020610872656938,False,False,1.0
2024-12-11,TLT,-0.009734331606287163,-0.04380260132628078,False,False,1.0
2024-12-11,IEF,-0.009770528675855514,-0.01974386888722457,False,False,1.0
2024-12-11,GLD,-0.009857787708662595,-0.03143926991779311,False,False,1.0
2024-12-11,XSOE,-0.011763144806251458,-0.02736713695129589,False,False,1.0
2024-12-26,QQQM,-0.004681829470359541,-0.04540445500247703,True,False,1.0
2024-12-26,SOXX,-0.006107446682526749,-0.02684206820931001,False,True,1.0
2024-12-26,IWM,-0.008256685949977768,-0.03735379670786543,False,False,1.0
2024-12-26,FEZ,-0.007599602473808074,-0.005740136692807596,False,False,1.0
2024-12-26,XLE,-0.008499573339084932,0.06716341524064418,False,False,1.0
2024-12-26,XLB,-0.008601931727588611,-0.0028102962744190885,False,False,1.0
2024-12-26,XLI,-0.008351349414143476,-0.010352989357921949,False,False,1.0
2024-12-26,XLF,-0.0073980875670284245,-0.02952549690236128,False,False,1.0
2024-12-26,XLV,-0.007599602473808074,0.013323813332450918,False,False,1.0
2024-12-26,XLP,-0.007599602473808074,-0.04040663989263826,False,False,1.0
2024-12-26,XLU,-0.007599602473808074,-0.020969770864682324,False,False,1.0
2024-12-26,XLRE,-0.007599602473808074,-0.029116771046760803,False,False,1.0
2024-12-26,TLT,-0.007599602473808074,-0.027214838116419338,False,False,1.0
2024-12-26,IEF,-0.007599602473808074,-0.012456783138324101,False,False,1.0
2024-12-26,GLD,-0.007599602473808074,0.010984482200570023,False,False,1.0
2024-12-26,XSOE,-0.010399602840491459,-0.03960569167749217,False,False,1.0
2025-01-13,QQQM,0.018417716504219167,0.032045752872026156,False,False,9.0
2025-01-13,SOXX,0.024879269606437344,-0.01852619138592282,False,True,10.0
2025-01-13,IWM,0.018077835052809115,0.04372842257245524,False,False,9.0
2025-01-13,FEZ,0.018432112292252285,0.07051558338275132,False,False,9.0
2025-01-13,XLE,0.025458092652780814,-0.008310393562682039,True,False,10.0
2025-01-13,XLB,0.01963046287160508,0.04227342870300599,False,False,10.0
2025-01-13,XLI,0.017082889579653187,0.040566015654258214,False,False,9.0
2025-01-13,XLF,0.01878597245688617,0.07679397626121998,False,False,10.0
2025-01-13,XLV,0.018718717730927103,0.03576982204037238,False,False,9.0
2025-01-13,XLP,0.018018773348043318,0.029946521622121747,False,False,9.0
2025-01-13,XLU,0.018364842280537686,0.02516720523593019,False,False,9.0
2025-01-13,XLRE,0.019510222919060835,0.044606906327849805,False,False,10.0
2025-01-13,TLT,0.018018773348043318,0.03230726405459383,False,False,9.0
2025-01-13,IEF,0.017976625376621733,0.020950103991927094,False,False,9.0
2025-01-13,GLD,0.018524495867622226,0.03841453150321428,False,False,9.0
2025-01-13,XSOE,0.016838963548894244,0.028263729412185024,False,False,9.0
2025-01-28,QQQM,-0.0005051413065743262,0.012057174312678276,False,False,2.0
2025-01-28,SOXX,0.006565823818427779,0.029976518800702845,False,True,5.0
2025-01-28,IWM,0.0023402110042378397,-0.004630611922057604,False,False,2.0
2025-01-28,FEZ,0.0028712802678282274,0.029660963401850315,False,False,2.0
2025-01-28,XLE,0.007673330357672103,0.019441423882554876,True,False,5.0
2025-01-28,XLB,0.002543826794246599,0.005632945096661457,False,False,2.0
2025-01-28,XLI,0.004807783513462779,0.0025313616897129076,False,False,3.0
2025-01-28,XLF,0.002422414279607116,0.004286859891093675,False,False,2.0
2025-01-28,XLV,0.0036537934935002322,-0.0033443196798106367,False,False,3.0
2025-01-28,XLP,0.002877747939130538,0.02348894514284927,False,False,2.0
2025-01-28,XLU,0.0033981894972181454,0.03669372069874899,False,False,3.0
2025-01-28,XLRE,0.0033981894972181454,0.019541529847759254,False,False,3.0
2025-01-28,TLT,0.0034397237357680654,0.006298951958189303,False,False,3.0
2025-01-28,IEF,0.002778191527260942,0.0010367649669271728,False,False,2.0
2025-01-28,GLD,0.0028712802678282274,0.0478486649545824,False,False,2.0
2025-01-28,XSOE,0.00199816245818137,0.021269619404074014,False,False,2.0
2025-02-11,QQQM,0.008234241977810194,-0.025390875692027137,False,False,6.0
2025-02-11,SOXX,0.0150393657140639,-0.00891303131208554,True,False,9.0
2025-02-11,IWM,0.008638153332723587,-0.04439520621815862,False,False,6.0
2025-02-11,FEZ,0.008274169233903565,0.029367730228211375,False,False,6.0
2025-02-11,XLE,0.009715093779061228,-0.02312593407633101,False,False,7.0
2025-02-11,XLB,0.0101593076246335,-0.00728204789260678,False,False,7.0
2025-02-11,XLI,0.011155188580210104,-0.02604431413917052,False,True,8.0
2025-02-11,XLF,0.008890335634020976,-0.013387698093309863,False,False,6.0
2025-02-11,XLV,0.008796984686103803,0.012257684068206265,False,False,6.0
2025-02-11,XLP,0.008744752985323805,0.01724342143933355,False,False,6.0
2025-02-11,XLU,0.009313734600901558,0.005164463769167016,False,False,7.0
2025-02-11,XLRE,0.009026406862790805,0.00946519177266536,False,False,6.0
2025-02-11,TLT,0.008796984686103803,0.039918593042996386,False,False,6.0
2025-02-11,IEF,0.008722287098363944,0.021856257958559278,False,False,6.0
2025-02-11,GLD,0.008915400686207987,0.006133303567882331,False,False,6.0
2025-02-11,XSOE,0.009024076468035807,0.011214375949383237,False,False,6.0
2025-02-26,QQQM,0.00436698478955477,-0.07315467625716476,False,False,3.0
2025-02-26,SOXX,0.0025442689153296377,-0.10030294923765071,False,False,2.0
2025-02-26,IWM,0.0025593171793559257,-0.06760012595105369,False,False,2.0
2025-02-26,FEZ,0.0018517406705357224,0.013992343556876286,False,False,2.0
2025-02-26,XLE,0.0010355933876878025,-0.015146304330260985,False,False,2.0
2025-02-26,XLB,0.006906975061479224,-0.04153024390844218,True,False,5.0
2025-02-26,XLI,0.004449362110954471,-0.036222115790424225,False,False,3.0
2025-02-26,XLF,0.0030715996974587743,-0.06234011224672675,False,False,2.0
2025-02-26,XLV,0.0019315204530515994,-0.021783412553832426,False,False,2.0
2025-02-26,XLP,0.0018517406705357228,-0.028048912685784244,False,False,2.0
2025-02-26,XLU,0.001851740670535722,-0.03295744944412682,False,False,2.0
2025-02-26,XLRE,0.0018517406705357224,-0.027894762155979524,False,False,2.0
2025-02-26,TLT,0.0019315204530515999,-0.019760459476977577,False,False,2.0
2025-02-26,IEF,0.001851740670535722,-0.002178803423155129,False,False,2.0
2025-02-26,GLD,0.0018517406705357224,0.004832129498075766,False,False,2.0
2025-02-26,XSOE,0.005304514074995156,-0.013307923548303124,False,True,4.0
2025-03-12,QQQM,0.01916770897227235,0.017113592560404234,False,True,10.0
2025-03-12,SOXX,0.030568654251369346,0.01348290911938066,True,False,10.0
2025-03-12,IWM,0.01339121249782679,0.024621226130157714,False,False,9.0
2025-03-12,FEZ,0.012284036894198559,-0.006011149736348975,False,False,8.0
2025-03-12,XLE,0.01364911162041893,0.07668505409692461,False,False,9.0
2025-03-12,XLB,0.0140004044538066,0.025470139551210025,False,False,9.0
2025-03-12,XLI,0.0141186497799323,0.029977532969860388,False,False,9.0
2025-03-12,XLF,0.01395770937647272,0.05836039063316956,False,False,9.0
2025-03-12,XLV,0.010369490914169598,0.004840991603504152,False,False,7.0
2025-03-12,XLP,0.01202525856468609,0.007820091490987613,False,False,8.0
2025-03-12,XLU,0.012946058284211996,0.010490756861954997,False,False,8.0
2025-03-12,XLRE,0.012423797972133575,0.007856519707300169,False,False,8.0
2025-03-12,TLT,0.011331619478425604,-0.007678635985394755,False,False,8.0
2025-03-12,IEF,0.010221805343226592,-0.00021175676988094416,False,False,7.0
2025-03-12,GLD,0.011301033519086255,0.029260548422344046,False,False,8.0
2025-03-12,XSOE,0.015175458910916161,0.007064829417904317,False,False,9.0
2025-03-26,QQQM,-0.03735661966058607,-0.039614819278166236,False,False,1.0
2025-03-26,SOXX,-0.03800823645953807,-0.07482247743632109,False,False,1.0
2025-03-26,IWM,-0.03539854301169324,-0.07738704697873533,False,False,1.0
2025-03-26,FEZ,-0.03280943908705223,-0.04934924793929418,False,False,1.0
2025-03-26,XLE,-0.027872971495933666,-0.12177433500114088,False,False,1.0
2025-03-26,XLB,-0.006392255935628724,-0.06829711168094355,True,False,1.0
2025-03-26,XLI,-0.024910721884312002,-0.05119757817844928,False,False,1.0
2025-03-26,XLF,-0.029459075212705833,-0.06066038178561162,False,False,1.0
2025-03-26,XLV,-0.011258753943482058,-0.04131549391375999,False,False,1.0
2025-03-26,XLP,-0.01064468582316672,-0.007384434854334931,False,False,1.0
2025-03-26,XLU,-0.02477795537385787,-0.01885577499285096,False,False,1.0
2025-03-26,XLRE,-0.028852718892077835,-0.05586314018207705,False,False,1.0
2025-03-26,TLT,-0.011131465474694544,0.00021769971293239543,False,False,1.0
2025-03-26,IEF,-0.009145193530564425,0.005535337526721973,False,True,1.0
2025-03-26,GLD,-0.00919621547774233,0.025661353144898813,False,False,1.0
2025-03-26,XSOE,-0.02656821776356383,-0.07174743268927719,False,False,1.0
2025-04-09,QQQM,0.03223734542024688,0.004490483163575032,False,False,10.0
2025-04-09,SOXX,0.0338266493357764,-0.0032130307763518218,True,False,10.0
2025-04-09,IWM,0.032859857486923556,0.02309156015433178,False,False,10.0
2025-04-09,FEZ,0.03305807770463632,0.06598212455208574,False,False,10.0
2025-04-09,XLE,0.03322239489176124,0.0021854878789924204,False,True,10.0
2025-04-09,XLB,0.03253932136899873,0.03070826083879541,False,False,10.0
2025-04-09,XLI,0.03267312347755673,0.017829013252381953,False,False,10.0
2025-04-09,XLF,0.032519711284946816,0.02159656723854675,False,False,10.0
2025-04-09,XLV,0.026929703779564322,-0.009873184485349129,False,False,10.0
2025-04-09,XLP,0.02613690128954424,0.02193924930595914,False,False,10.0
2025-04-09,XLU,0.03104684838479206,0.03264445002044569,False,False,10.0
2025-04-09,XLRE,0.03297102783609141,0.03519522714340795,False,False,10.0
2025-04-09,TLT,0.015855065856109903,-0.007089221390086831,False,False,9.0
2025-04-09,IEF,0.01070534476253541,0.0023250287889911014,False,False,8.0
2025-04-09,GLD,0.017971197876974866,0.07950803158309427,False,False,9.0
2025-04-09,XSOE,0.032421566374890944,0.06080380936394891,False,False,10.0
2025-04-24,QQQM,0.039243071809321815,0.044962902663508775,False,False,10.0
2025-04-24,SOXX,0.08645910003411847,0.04758788182193552,True,False,10.0
2025-04-24,IWM,0.03915640581655344,0.036689745254958606,False,False,10.0
2025-04-24,FEZ,0.03800494705585391,0.021227310879389227,False,False,10.0
2025-04-24,XLE,0.03980113017055249,-0.011267207476738927,False,False,10.0
2025-04-24,XLB,0.040563775986980494,0.013214790863051107,False,True,10.0
2025-04-24,XLI,0.03864241101481186,0.05410007041119669,False,False,10.0
2025-04-24,XLF,0.03978976889335898,0.0333678116813525,False,False,10.0
2025-04-24,XLV,0.03273273601311486,-0.02365527277632251,False,False,10.0
2025-04-24,XLP,0.013412428864474584,0.004071486096808519,False,False,9.0
2025-04-24,XLU,0.02472466479800119,0.02103254134794641,False,False,10.0
2025-04-24,XLRE,0.03829963445571356,0.018969969838874112,False,False,10.0
2025-04-24,TLT,0.013431111945620907,-0.011334649363565763,False,False,9.0
2025-04-24,IEF,0.010834857607958225,-0.0027605224610941503,False,False,8.0
2025-04-24,GLD,0.02028565823425055,-0.011166301034251314,False,False,10.0
2025-04-24,XSOE,0.0380413278817946,0.027525868693760502,False,False,10.0
2025-05-08,QQQM,0.04095780312346046,0.05292739048494477,False,True,10.0
2025-05-08,SOXX,0.05916290126433701,0.0730676002865025,True,False,10.0
2025-05-08,IWM,0.03323353681982418,0.010040713842037752,False,False,10.0
2025-05-08,FEZ,0.03197169152235296,0.038602667117949574,False,False,10.0
2025-05-08,XLE,0.03425547847574717,0.0014704789042012667,False,False,10.0
2025-05-08,XLB,0.0321768635211878,0.018140932796941955,False,False,10.0
2025-05-08,XLI,0.03190521775282285,0.038897089751378955,False,False,10.0
2025-05-08,XLF,0.031189285429884236,0.00742078910855648,False,False,10.0
2025-05-08,XLV,0.019727281419045898,-0.0267629874962787,False,False,10.0
2025-05-08,XLP,0.012979585479121576,-0.000982918731188942,False,False,8.0
2025-05-08,XLU,0.013389280962574471,0.0,False,False,9.0
2025-05-08,XLRE,0.024772792433579924,-0.01764982756740019,False,False,10.0
2025-05-08,TLT,0.012989506871405291,-0.028877062208114812,False,False,8.0
2025-05-08,IEF,0.009885646932363268,-0.008273348264893676,False,False,7.0
2025-05-08,GLD,0.02085532551369127,-0.004989723621725117,False,False,10.0
2025-05-08,XSOE,0.029149705955987648,0.03498280947933985,False,False,10.0
2025-05-22,QQQM,0.013309825120955396,0.030661007948475705,True,False,9.0
2025-05-22,SOXX,0.008036911226668362,0.05633037175372135,False,True,6.0
2025-05-22,IWM,0.00505386433729494,0.04281487702187503,False,False,3.0
2025-05-22,FEZ,0.0036772324403646145,0.011436211138662333,False,False,3.0
2025-05-22,XLE,0.0033270648874908475,0.020555409347872367,False,False,3.0
2025-05-22,XLB,0.0031956701908194066,0.022242781945794432,False,False,3.0
2025-05-22,XLI,0.0033620733152711405,0.025762489595706706,False,False,3.0
2025-05-22,XLF,0.003678837440860525,0.020903904259932826,False,False,3.0
2025-05-22,XLV,0.00301274102268811,0.02933741383579025,False,False,2.0
2025-05-22,XLP,0.003585405759785012,0.004796977415781001,False,False,3.0
2025-05-22,XLU,0.0035854057597850112,0.013608082492179374,False,False,3.0
2025-05-22,XLRE,0.0036772324403646145,0.030765524697144553,False,False,3.0
2025-05-22,TLT,0.003585405759785012,0.01490019518904373,False,False,3.0
2025-05-22,IEF,0.003585405759785012,0.003396119052674118,False,False,3.0
2025-05-22,GLD,0.0037887975275457913,0.006829228412973176,False,False,3.0
2025-05-22,XSOE,0.003402987501890973,0.01857480279869872,False,False,3.0
2025-06-06,QQQM,0.008685512718310454,0.004397403641668296,False,False,6.0
2025-06-06,SOXX,0.009524422385236717,0.04447520207373645,False,True,7.0
2025-06-06,IWM,0.00636935145152499,0.0021500137453795976,False,False,4.0
2025-06-06,FEZ,0.005193090833754961,-0.017445906681756496,False,False,4.0
2025-06-06,XLE,0.012994426239036374,0.03980146430487075,True,False,8.0
2025-06-06,XLB,0.005143489082484523,-0.004523948686716239,False,False,3.0
2025-06-06,XLI,0.005193008620955436,-0.004361617169899246,False,False,4.0
2025-06-06,XLF,0.005194480835528794,-0.005574014403156746,False,False,4.0
2025-06-06,XLV,0.00492042541696334,-0.011825512227976676,False,False,3.0
2025-06-06,XLP,0.00519309083375496,0.003285578074059936,False,False,4.0
2025-06-06,XLU,0.00519309083375496,0.007563093783004904,False,False,4.0
2025-06-06,XLRE,0.00519309083375496,0.01338277577789282,False,False,4.0
2025-06-06,TLT,0.00519309083375496,0.01663731923656031,False,False,4.0
2025-06-06,IEF,0.00519309083375496,0.015185607491912112,False,False,4.0
2025-06-06,GLD,0.005519081923694059,0.019332833206901823,False,False,4.0
2025-06-06,XSOE,0.0042002702747073305,0.0011959035926694117,False,False,3.0
2025-06-23,QQQM,0.00981988811138076,0.039076812529341254,False,False,7.0
2025-06-23,SOXX,0.014626081764367522,0.07430136053256953,False,True,9.0
2025-06-23,IWM,0.01000997370308228,0.04476549140270669,False,False,7.0
2025-06-23,FEZ,0.009458518580624757,0.03930367324585471,False,False,7.0
2025-06-23,XLE,0.015056299305311376,0.02882715676259351,True,False,9.0
2025-06-23,XLB,0.009458518580624757,0.0493443658423498,False,False,7.0
2025-06-23,XLI,0.009458518580624757,0.0347560444991164,False,False,7.0
2025-06-23,XLF,0.009528556434946081,0.02735137009926758,False,False,7.0
2025-06-23,XLV,0.009790021914623592,0.021262238979690595,False,False,7.0
2025-06-23,XLP,0.009422564918405658,-0.0006142752876098223,False,False,7.0
2025-06-23,XLU,0.009422564918405658,-0.001230862791281373,False,False,7.0
2025-06-23,XLRE,0.009422564918405658,-0.015216587481140298,False,False,7.0
2025-06-23,TLT,0.009462343190914515,-0.004829658545659976,False,False,7.0
2025-06-23,IEF,0.009422564918405658,-0.0032722535019646948,False,False,7.0
2025-06-23,GLD,0.009539130782701768,-0.022245027674092088,False,False,7.0
2025-06-23,XSOE,0.009169967134380652,0.03619329520724146,False,False,7.0
2025-07-08,QQQM,0.008910890895197912,0.016274373415004595,False,False,6.0
2025-07-08,SOXX,0.009086928264961719,0.0008219380539553622,False,True,6.0
2025-07-08,IWM,0.0058247336566287135,0.00912995224582458,False,False,4.0
2025-07-08,FEZ,0.00526385082444005,-0.014098674281359913,False,False,4.0
2025-07-08,XLE,0.0053649877178598634,-0.03434637685268693,False,False,4.0
2025-07-08,XLB,0.00984992341225925,0.007672919343618023,True,False,7.0
2025-07-08,XLI,0.006298571798535205,0.01451031665583602,False,False,4.0
2025-07-08,XLF,0.0052646758242493145,0.009002190780912578,False,False,4.0
2025-07-08,XLV,0.00526385082444005,-0.010669056790596043,False,False,4.0
2025-07-08,XLP,0.00526385082444005,0.003319048301092531,False,False,4.0
2025-07-08,XLU,0.00526385082444005,0.04818835547625122,False,False,4.0
2025-07-08,XLRE,0.00526385082444005,0.03162740136355158,False,False,4.0
2025-07-08,TLT,0.00526385082444005,0.005695961272396355,False,False,4.0
2025-07-08,IEF,0.00526385082444005,0.007209395992559209,False,False,4.0
2025-07-08,GLD,0.00526385082444005,0.039255662472539754,False,False,4.0
2025-07-08,XSOE,0.0073925779462411315,0.018529185911084323,False,False,5.0
2025-07-22,QQQM,0.005659068024508329,-0.0019476669380683598,False,False,4.0
2025-07-22,SOXX,0.006669045053008096,-0.01975040956142271,False,False,5.0
2025-07-22,IWM,0.005456041359048111,-0.010838839263796363,False,False,4.0
2025-07-22,FEZ,0.005140860753189447,-0.023721383620732506,False,False,3.0
2025-07-22,XLE,0.004943011370036146,0.00046786689605604614,False,False,3.0
2025-07-22,XLB,0.009804813320707774,-0.037419936438424006,True,False,7.0
2025-07-22,XLI,0.008268123735008128,-0.0013907028714038594,False,True,6.0
2025-07-22,XLF,0.005141390752922418,-0.018602864741896097,False,False,3.0
2025-07-22,XLV,0.005140860753189447,-0.007713584782810923,False,False,3.0
2025-07-22,XLP,0.005140860753189447,-0.014089673013720216,False,False,3.0
2025-07-22,XLU,0.005140860753189447,0.01575539566355255,False,False,3.0
2025-07-22,XLRE,0.005140860753189447,-0.022232647785827342,False,False,3.0
2025-07-22,TLT,0.005140860753189447,0.024822590412322043,False,False,3.0
2025-07-22,IEF,0.005140860753189447,0.011081790099890299,False,False,3.0
2025-07-22,GLD,0.005140860753189447,-0.015627973255364358,False,False,3.0
2025-07-22,XSOE,0.007581517355023396,-0.00994886221661695,False,False,5.0
2025-08-05,QQQM,0.00010857831263791584,0.016305303085671907,False,False,2.0
2025-08-05,SOXX,0.00022854561694056214,0.026892247164452376,False,False,2.0
2025-08-05,IWM,0.0001740395934592061,0.024269794789373966,False,False,2.0
2025-08-05,FEZ,0.00013306352030146621,0.04721706369859735,False,False,2.0
2025-08-05,XLE,0.00027417794220509456,-0.005028574099269045,False,True,2.0
2025-08-05,XLB,0.00013306352030146602,0.017629269841180628,False,False,2.0
2025-08-05,XLI,0.00013306352030146613,0.003647160112768111,False,False,2.0
2025-08-05,XLF,0.00022780882137944522,0.0174080307441995,False,False,2.0
2025-08-05,XLV,0.0005229324508533386,0.03215096168391263,True,False,2.0
2025-08-05,XLP,0.00013306352030146602,0.028333488587639177,False,False,2.0
2025-08-05,XLU,0.00013306352030146602,-0.003588290891846757,False,False,2.0
2025-08-05,XLRE,0.00013306352030146613,-0.002632859522516906,False,False,2.0
2025-08-05,TLT,0.00013306352030146613,-0.01901961221795223,False,False,2.0
2025-08-05,IEF,0.00013306352030146621,-0.003760324674954907,False,False,2.0
2025-08-05,GLD,0.00013306352030146602,-0.018929215127640564,False,False,2.0
2025-08-05,XSOE,6.550006884921838e-05,0.020384744799229138,False,False,2.0
2025-08-19,QQQM,0.0024797837569580385,0.001152134645651337,False,False,2.0
2025-08-19,SOXX,0.0024735471834935953,-0.014154495690123947,False,False,2.0
2025-08-19,IWM,0.0025663005399870127,0.03297821557929037,False,False,2.0
2025-08-19,FEZ,0.0029493894901529527,-0.02402507089479311,False,False,2.0
2025-08-19,XLE,0.0029493894901529527,0.04007988440100618,False,False,2.0
2025-08-19,XLB,0.0025816931622798128,0.010216468918911481,False,False,2.0
2025-08-19,XLI,0.00256006396652257,-0.010306722431225324,False,False,2.0
2025-08-19,XLF,0.0026482836932802812,0.017110323566105867,False,False,2.0
2025-08-19,XLV,0.0031440522519681447,0.0010968517109162246,True,False,2.0
2025-08-19,XLP,0.002949389490152953,-0.026102877042531114,False,True,2.0
2025-08-19,XLU,0.002949389490152953,-0.026138562843669222,False,False,2.0
2025-08-19,XLRE,0.0029493894901529527,-0.0045596972500426824,False,False,2.0
2025-08-19,TLT,0.002949389490152953,0.002875299651766916,False,False,2.0
2025-08-19,IEF,0.002949389490152953,0.008535890272958868,False,False,2.0
2025-08-19,GLD,0.0029493894901529527,0.07491737300695278,False,False,2.0
2025-08-19,XSOE,0.0025860985259785847,0.004220483367432859,False,False,2.0
2025-09-03,QQQM,0.0038737247556798558,0.035204342575904324,False,False,3.0
2025-09-03,SOXX,0.00386058672694388,0.07196995910289616,False,False,3.0
2025-09-03,IWM,0.003973312379093166,0.02523907923377733,False,False,3.0
2025-09-03,FEZ,0.00440831865571709,0.021750051385615032,False,False,3.0
2025-09-03,XLE,0.00440831865571709,0.016951076788599195,False,False,3.0
2025-09-03,XLB,0.003985071256210519,-0.0010992886604100915,False,False,3.0
2025-09-03,XLI,0.0039601743503571915,0.008945377709086877,False,False,3.0
2025-09-03,XLF,0.004074692492676565,0.0108411170289604,False,False,3.0
2025-09-03,XLV,0.0046714640570385295,0.0021181582829752355,True,False,3.0
2025-09-03,XLP,0.00444739190435858,-0.004342853895988319,False,True,3.0
2025-09-03,XLU,0.00440831865571709,0.006202999588293956,False,False,3.0
2025-09-03,XLRE,0.00444739190435858,0.013259508197111192,False,False,3.0
2025-09-03,TLT,0.00444739190435858,0.041007076284155675,False,False,3.0
2025-09-03,IEF,0.00440831865571709,0.011576828566861375,False,False,3.0
2025-09-03,GLD,0.00440831865571709,0.026909203931516634,False,False,3.0
2025-09-03,XSOE,0.004228369792396924,0.0672457822615482,False,False,3.0
2025-09-17,QQQM,0.004955691900842093,0.023649585908579684,False,False,3.0
2025-09-17,SOXX,0.0050593452753289496,0.0688893604265235,False,False,3.0
2025-09-17,IWM,0.004595570867084667,0.015069718532380927,False,False,3.0
2025-09-17,FEZ,0.005064676829222093,0.038691498732783325,False,True,3.0
2025-09-17,XLE,0.005064676829222093,0.0012488260292236042,False,False,3.0
2025-09-17,XLB,0.004665936761405282,-0.01946906785569169,False,False,3.0
2025-09-17,XLI,0.0046424814632984104,0.021803784854242947,False,False,3.0
2025-09-17,XLF,0.004620066166107065,-0.009509025899160473,False,False,3.0
2025-09-17,XLV,0.005475616337514699,0.05048188965970968,True,False,4.0
2025-09-17,XLP,0.005064676829222093,-0.01810864778248633,False,False,3.0
2025-09-17,XLU,0.005064676829222093,0.050891527732260355,False,False,3.0
2025-09-17,XLRE,0.005064676829222093,0.01002995108302751,False,False,3.0
2025-09-17,TLT,0.005064676829222093,-0.00576114125464855,False,False,3.0
2025-09-17,IEF,0.005064676829222093,-0.002113580681606275,False,False,3.0
2025-09-17,GLD,0.005064676829222093,0.05656289132429371,False,False,3.0
2025-09-17,XSOE,0.004667156818410027,0.009906743504047189,False,False,3.0
2025-10-01,QQQM,0.014331247959923993,-0.0018120801519336815,True,False,9.0
2025-10-01,SOXX,0.010508204583879265,0.04089169569768836,False,True,8.0
2025-10-01,IWM,0.007711079833236186,0.03233123124929915,False,False,5.0
2025-10-01,FEZ,0.006840765811518699,-0.01113224592358264,False,False,5.0
2025-10-01,XLE,0.006089989513478141,-0.033803287654583625,False,False,4.0
2025-10-01,XLB,0.006622527485678581,0.00033819574358129323,False,False,5.0
2025-10-01,XLI,0.006544069192677098,-0.007802405511522226,False,False,4.0
2025-10-01,XLF,0.006842070811108619,-0.0028094304060110042,False,False,5.0
2025-10-01,XLV,0.006840765811518699,-0.006342782803585023,False,False,5.0
2025-10-01,XLP,0.007084634109726698,0.01252387892817386,False,False,5.0
2025-10-01,XLU,0.006840765811518699,0.0550822794950494,False,False,5.0
2025-10-01,XLRE,0.006840765811518699,-0.005459340744330965,False,False,5.0
2025-10-01,TLT,0.006840765811518699,0.015343301026082168,False,False,5.0
2025-10-01,IEF,0.006840765811518699,0.006321784408809483,False,False,5.0
2025-10-01,GLD,0.006840765811518699,0.08808250983530375,False,False,5.0
2025-10-01,XSOE,0.0065322413308578796,0.0036581624605438456,False,False,4.0
2025-10-15,QQQM,0.010881480425348733,0.05611586630316845,True,False,8.0
2025-10-15,SOXX,0.010406609450323644,0.07634540143696555,False,True,7.0
2025-10-15,IWM,0.007338794285112445,-0.013941684108127239,False,False,5.0
2025-10-15,FEZ,0.007330997906421861,0.018172995833700467,False,False,5.0
2025-10-15,XLE,0.006614641492418939,0.019578292838579925,False,False,5.0
2025-10-15,XLB,0.0068048347453941865,-0.015443583024914331,False,False,5.0
2025-10-15,XLI,0.006773883971216086,0.016251512077607888,False,False,5.0
2025-10-15,XLF,0.006743873196856789,-0.021600301874509897,False,False,5.0
2025-10-15,XLV,0.0076095548740247486,0.009960729259547385,False,False,5.0
2025-10-15,XLP,0.007330997906421861,-0.033446871935180145,False,False,5.0
2025-10-15,XLU,0.007330997906421863,-0.030139918084705508,False,False,5.0
2025-10-15,XLRE,0.007330997906421861,-0.02983288681895735,False,False,5.0
2025-10-15,TLT,0.007330997906421861,0.004742878285964203,False,False,5.0
2025-10-15,IEF,0.007330997906421861,-0.0015448430230371457,False,False,5.0
2025-10-15,GLD,0.007330997906421861,-0.06295984337792448,False,False,5.0
2025-10-15,XSOE,0.007549889452617507,0.039573048105787656,False,False,5.0
2025-10-29,QQQM,0.012743285393680366,-0.023224759721571342,True,False,8.0
2025-10-29,SOXX,0.00999169096249203,-0.032073641419068544,False,True,7.0
2025-10-29,IWM,0.005579814585504269,-0.012963854632282334,False,False,4.0
2025-10-29,FEZ,0.004570080144455859,0.0142157098478084,False,False,3.0
2025-10-29,XLE,0.00341609792611482,0.025451651841533085,False,False,3.0
2025-10-29,XLB,0.005744648176740891,0.009274125549125323,False,False,4.0
2025-10-29,XLI,0.004414263494327296,-0.0044492252563703705,False,False,3.0
2025-10-29,XLF,0.004571720144799182,0.030332062702570495,False,False,3.0
2025-10-29,XLV,0.00399308903528534,0.061397397058727154,False,False,3.0
2025-10-29,XLP,0.004827151594452637,0.009663156267669004,False,False,3.0
2025-10-29,XLU,0.004570080144455859,-0.0019979198601481896,False,False,3.0
2025-10-29,XLRE,0.004570080144455859,0.017712111068409975,False,False,3.0
2025-10-29,TLT,0.004570080144455859,-0.007074671798487087,False,False,3.0
2025-10-29,IEF,0.004570080144455859,0.0024245980931225652,False,False,3.0
2025-10-29,GLD,0.004680021123512342,0.06333330643078505,False,False,3.0
2025-10-29,XSOE,0.005498717760093076,-0.018657652113090895,False,False,4.0
2025-11-12,QQQM,0.005161830863860699,-0.010910840404797173,True,False,4.0
2025-11-12,SOXX,0.004961392169789655,-0.027630314546932877,False,True,3.0
2025-11-12,IWM,0.004093996051494597,0.015022262600566272,False,False,3.0
2025-11-12,FEZ,0.0038804297181324545,-0.023049349524156937,False,False,3.0
2025-11-12,XLE,0.0036808220993543874,-0.010747999427469401,False,False,3.0
2025-11-12,XLB,0.004269880430656392,0.00839477529394217,False,False,3.0
2025-11-12,XLI,0.003880429718132455,-0.010298651112182977,False,False,3.0
2025-11-12,XLF,0.00396746598508575,-0.01341530049730666,False,False,3.0
2025-11-12,XLV,0.003880429718132455,0.03664440332740582,False,False,3.0
2025-11-12,XLP,0.003920224928367338,0.020563793880022496,False,False,3.0
2025-11-12,XLU,0.003880429718132455,0.0007784520723970179,False,False,3.0
2025-11-12,XLRE,0.003880429718132455,0.0024172937178006393,False,False,3.0
2025-11-12,TLT,0.0038804297181324545,0.005770035589634626,False,False,3.0
2025-11-12,IEF,0.003880429718132455,0.008154469959048782,False,False,3.0
2025-11-12,GLD,0.003950329017525635,-0.007435413326249307,False,False,3.0
2025-11-12,XSOE,0.0033690171976015998,-0.021819603075165506,False,False,3.0
2025-11-26,QQQM,0.007975377816570118,0.01830622179717123,False,False,6.0
2025-11-26,SOXX,0.010045014646165947,0.07937804090044565,True,False,7.0
2025-11-26,IWM,0.007873953147353516,0.04245848084819359,False,False,6.0
2025-11-26,FEZ,0.008966788675549163,0.03538976584136755,False,False,6.0
2025-11-26,XLE,0.008823082066274369,0.029569946258463098,False,False,6.0
2025-11-26,XLB,0.008489676554617232,0.015187291752722931,False,False,6.0
2025-11-26,XLI,0.0077029430832155224,0.03226445937337452,False,False,5.0
2025-11-26,XLF,0.00815301236098153,0.03626065417455804,False,False,6.0
2025-11-26,XLV,0.008947028906191975,-0.030551608653300644,False,False,6.0
2025-11-26,XLP,0.009049476729536501,-0.001393983026467871,False,False,6.0
2025-11-26,XLU,0.008823082066274369,-0.043449127095331774,False,False,6.0
2025-11-26,XLRE,0.008966788675549163,-0.016156387179489307,False,False,6.0
2025-11-26,TLT,0.008966788675549163,-0.02355541390502336,False,False,6.0
2025-11-26,IEF,0.008823082066274369,-0.009565584156584483,False,False,6.0
2025-11-26,GLD,0.00912086897726304,0.026414687946767268,False,True,6.0
2025-11-26,XSOE,0.0076535669447045426,0.013566422750808993,False,False,5.0
2025-12-11,QQQM,0.006490224936865626,-0.001332040028998227,False,False,4.0
2025-12-11,SOXX,0.0076335065929649636,-0.025536058490869817,False,False,5.0
2025-12-11,IWM,0.006442812429696562,-0.021477452205521663,False,False,4.0
2025-12-11,FEZ,0.006129023464480038,0.004448389946256626,False,False,4.0
2025-12-11,XLE,0.006043251424803857,-0.030096212801076105,False,False,4.0
2025-12-11,XLB,0.007742843985500085,0.027216829435575907,False,True,5.0
2025-12-11,XLI,0.00914597707536213,0.00011700264021974327,True,False,6.0
2025-12-11,XLF,0.0066092155153342595,0.01721144428116328,False,False,5.0
2025-12-11,XLV,0.006129023464480038,0.02040969939967674,False,False,4.0
2025-12-11,XLP,0.006370565139568752,0.0007313185178743353,False,False,4.0
2025-12-11,XLU,0.006195849364863986,0.0014055517120772354,False,False,4.0
2025-12-11,XLRE,0.006170916556742708,0.003991295384174975,False,False,4.0
2025-12-11,TLT,0.006129023464480038,-0.0012307362728541937,False,False,4.0
2025-12-11,IEF,0.006129023464480038,0.0031410243806249127,False,False,4.0
2025-12-11,GLD,0.006409646237004752,0.05975994452139455,False,False,4.0
2025-12-11,XSOE,0.006875285212140387,0.01426021054491211,False,False,5.0
2025-12-26,QQQM,0.0056625506087724636,0.005294296018939937,False,False,4.0
2025-12-26,SOXX,0.008625434321100875,0.07943408795127915,False,False,6.0
2025-12-26,IWM,0.006457362241679107,0.04009237493022799,False,False,4.0
2025-12-26,FEZ,0.006130632055451426,0.03337445846313902,False,False,4.0
2025-12-26,XLE,0.006850612831284312,0.048416204630834514,False,False,5.0
2025-12-26,XLB,0.011013185431182224,0.0522663265804022,True,False,8.0
2025-12-26,XLI,0.010221537627920501,0.03791095784485088,False,True,7.0
2025-12-26,XLF,0.006549868697678253,-0.0059330705314132315,False,False,4.0
2025-12-26,XLV,0.006130632055451426,0.008522823087517617,False,False,4.0
2025-12-26,XLP,0.006130632055451426,0.02492635375282304,False,False,4.0
2025-12-26,XLU,0.006130632055451426,-0.004674951565593277,False,False,4.0
2025-12-26,XLRE,0.006130632055451426,0.0024678995233233803,False,False,4.0
2025-12-26,TLT,0.006130632055451426,-0.0007979364099904851,False,False,4.0
2025-12-26,IEF,0.006130632055451426,-0.0026960217707951983,False,False,4.0
2025-12-26,GLD,0.006234523323860225,0.013173731536696431,False,False,4.0
2025-12-26,XSOE,0.00773938900447261,0.050804302730530715,False,False,5.0
2026-01-12,QQQM,0.0018313306228553042,0.006234585028797479,False,False,2.0
2026-01-12,SOXX,0.007743693661682938,0.06275161010584474,False,False,6.0
2026-01-12,IWM,0.006261680642333406,0.012351810384792605,False,False,4.0
2026-01-12,FEZ,0.006652857433501321,0.021830147915014697,False,False,5.0
2026-01-12,XLE,0.016008223222862182,0.07186014785082517,True,False,9.0
2026-01-12,XLB,0.011038670565720193,0.030090659748748916,False,False,8.0
2026-01-12,XLI,0.012306764071636266,0.011583027916476363,False,True,8.0
2026-01-12,XLF,0.005771938409647605,-0.041417982818170995,False,False,4.0
2026-01-12,XLV,0.006977520717238902,-0.012263260011072918,False,False,5.0
2026-01-12,XLP,0.006652857433501321,0.037166485346605826,False,False,5.0
2026-01-12,XLU,0.006908851211322863,0.019962386955678646,False,False,5.0
2026-01-12,XLRE,0.006652857433501321,0.015509596039794626,False,False,5.0
2026-01-12,TLT,0.006652857433501321,0.001483052582152533,False,False,5.0
2026-01-12,IEF,0.006652857433501321,-0.0020793261006744057,False,False,5.0
2026-01-12,GLD,0.007593662386970273,0.12758447698056163,False,False,5.0
2026-01-12,XSOE,0.0065539734778987425,0.036686146981095735,False,False,4.0
2026-01-27,QQQM,0.00787786861303709,-0.031056369022010588,False,False,6.0
2026-01-27,SOXX,0.01644293314826993,0.0009969848539579385,False,True,9.0
2026-01-27,IWM,0.006765924367258983,0.005401722429904554,False,False,5.0
2026-01-27,FEZ,0.0066991987630481585,-0.002341120290705212,False,False,5.0
2026-01-27,XLE,0.01657018567722723,0.07871961528381655,True,False,9.0
2026-01-27,XLB,0.0075603739103023955,0.058623471550379724,False,False,5.0
2026-01-27,XLI,0.01067940352004287,0.053616963461194045,False,False,8.0
2026-01-27,XLF,0.006227507253584609,0.010377348354126514,False,False,4.0
2026-01-27,XLV,0.006979654565162964,-0.0007719788506701519,False,False,5.0
2026-01-27,XLP,0.0066991987630481585,0.04797974777620362,False,False,5.0
2026-01-27,XLU,0.0066991987630481585,0.017729624933294774,False,False,5.0
2026-01-27,XLRE,0.0066991987630481585,0.038545397240292045,False,False,5.0
2026-01-27,TLT,0.0066991987630481585,0.012171032870675225,False,False,5.0
2026-01-27,IEF,0.0066991987630481585,0.008802523959157371,False,False,5.0
2026-01-27,GLD,0.011907815841077158,-0.028775492609534936,False,False,8.0
2026-01-27,XSOE,0.006107790541645388,0.004921448499765724,False,False,4.0
2026-02-10,QQQM,0.006216911606610355,0.008142038564500353,False,False,4.0
2026-02-10,SOXX,0.01716978951213308,0.047150134928774845,False,True,9.0
2026-02-10,IWM,0.00984870397680316,-0.005936405849363169,False,False,7.0
2026-02-10,FEZ,0.009847103598041888,0.01701369169436906,False,False,7.0
2026-02-10,XLE,0.012787275175655331,0.024076073011208843,False,False,8.0
2026-02-10,XLB,0.0100160039331917,0.002835026423635423,False,False,7.0
2026-02-10,XLI,0.010713457252726079,0.009717630910487829,False,False,8.0
2026-02-10,XLF,0.007690417207236522,-0.031372534367195226,False,False,5.0
2026-02-10,XLV,0.01087328625199184,0.01609478957528676,False,False,8.0
2026-02-10,XLP,0.009805027519969438,0.021342528257958016,False,False,7.0
2026-02-10,XLU,0.00980502751996944,0.07149319462287052,False,False,7.0
2026-02-10,XLRE,0.00984710359804189,0.014005594135191979,False,False,7.0
2026-02-10,TLT,0.00980502751996944,0.015588010017288934,False,False,7.0
2026-02-10,IEF,0.00980502751996944,0.008600143231277668,False,False,7.0
2026-02-10,GLD,0.021997671188883346,0.02383222248423511,True,False,10.0
2026-02-10,XSOE,0.0076967358820802904,0.04102145832233983,False,False,5.0
2026-02-25,QQQM,0.0029936314061927865,-0.014261527714674038,False,False,2.0
2026-02-25,SOXX,0.005385219144665259,-0.0704075778140496,False,False,4.0
2026-02-25,IWM,0.003998651428301313,-0.04433432207954058,False,False,3.0
2026-02-25,FEZ,0.004895808509804685,-0.07888657187682346,False,False,3.0
2026-02-25,XLE,0.009913593607942762,0.03845462857769544,True,False,7.0
2026-02-25,XLB,0.0049959002607883884,-0.06068601678738472,False,False,3.0
2026-02-25,XLI,0.00656083514692651,-0.03479499089381277,False,True,5.0
2026-02-25,XLF,0.004199389113899824,-0.04299206959546231,False,False,3.0
2026-02-25,XLV,0.005804429502399808,-0.03155294556301269,False,False,4.0
2026-02-25,XLP,0.005239399762427488,-0.04965744403385852,False,False,4.0
2026-02-25,XLU,0.005239399762427488,-0.025126694635644098,False,False,4.0
2026-02-25,XLRE,0.005239399762427488,-0.023710797034150466,False,False,4.0
2026-02-25,TLT,0.005239399762427488,-0.027585845597484115,False,False,4.0
2026-02-25,IEF,0.005239399762427488,-0.010909628511855285,False,False,4.0
2026-02-25,GLD,0.005155614250273136,0.005956606663547914,False,False,4.0
2026-02-25,XSOE,0.003267570864030806,-0.06494313219206149,False,False,3.0
2026-03-11,QQQM,-0.014908512169336538,-0.031566926958398134,False,False,1.0
2026-03-11,SOXX,-0.013521244934169794,0.009859086754712143,False,False,1.0
2026-03-11,IWM,-0.009541755766550922,-0.0023019480539154813,False,False,1.0
2026-03-11,FEZ,-0.00791747801144159,-0.0302964547493354,False,False,1.0
2026-03-11,XLE,0.008088397317459136,0.06994988173071226,True,False,6.0
2026-03-11,XLB,-0.010430579972218204,-0.004218858045442975,False,False,1.0
2026-03-11,XLI,-0.010408457462574393,-0.023164088363988977,False,False,1.0
2026-03-11,XLF,-0.005664759728824966,-0.0009342622885759599,False,True,1.0
2026-03-11,XLV,-0.010300438430908675,-0.03931179713345123,False,False,1.0
2026-03-11,XLP,-0.010694852624302793,-0.0309870505531471,False,False,1.0
2026-03-11,XLU,-0.01516551218622336,-0.013074215835087277,False,False,1.0
2026-03-11,XLRE,-0.011822644964314283,-0.044077614616331195,False,False,1.0
2026-03-11,TLT,-0.009853980785918476,-0.0034427253191489093,False,False,1.0
2026-03-11,IEF,-0.010396397182483696,-0.006666699954127719,False,False,1.0
2026-03-11,GLD,-0.028930392546630632,-0.1258818724146823,False,False,1.0
2026-03-11,XSOE,-0.012322914098432608,-0.02587450187359397,False,False,1.0
2026-03-25,QQQM,0.006457416580155211,0.038226283090920576,False,False,4.0
2026-03-25,SOXX,0.015316086282657553,0.09668359365258361,False,False,9.0
2026-03-25,IWM,0.013568671068336105,0.040266766714510016,False,False,9.0
2026-03-25,FEZ,0.031790795650054576,0.0635510974833271,False,True,10.0
2026-03-25,XLE,0.007069321702109039,-0.05349181981421014,False,False,5.0
2026-03-25,XLB,0.013936844623220502,0.04573969034316905,False,False,9.0
2026-03-25,XLI,0.010457552014684932,0.04294358822984967,False,False,7.0
2026-03-25,XLF,0.009631158485451726,0.04033242209366339,False,False,7.0
2026-03-25,XLV,0.009873484650009567,0.02112964258806649,False,False,7.0
2026-03-25,XLP,0.018315860064536837,0.02380071366231662,False,False,9.0
2026-03-25,XLU,0.010739148825373347,0.04198900596194788,False,False,8.0
2026-03-25,XLRE,0.010033456693864868,0.06108762133609913,False,False,7.0
2026-03-25,TLT,0.007653636444326448,0.0023768846628404727,False,False,5.0
2026-03-25,IEF,0.006776125142072057,0.004068976068132502,False,False,5.0
2026-03-25,GLD,0.034162399568379055,0.05193493639868252,True,False,10.0
2026-03-25,XSOE,0.026805637572279172,0.046540172307810934,False,False,10.0
2026-04-09,QQQM,0.018062465755504586,0.06762736266413749,False,False,9.0
2026-04-09,SOXX,0.07316733844000235,0.16472544804439693,True,False,10.0
2026-04-09,IWM,0.014900020996940544,0.05176363980316556,False,False,9.0
2026-04-09,FEZ,0.014458182456339248,-0.008058438115660316,False,False,9.0
2026-04-09,XLE,0.013152080771417956,-0.006105042601393995,False,False,9.0
2026-04-09,XLB,0.01275274989632378,0.002709543716365559,False,False,8.0
2026-04-09,XLI,0.014375423163234018,0.010918234676041916,False,False,9.0
2026-04-09,XLF,0.013069897352919961,0.009156394183824856,False,False,9.0
2026-04-09,XLV,0.011954438942486269,-0.020692419166789877,False,False,8.0
2026-04-09,XLP,0.01149516999922272,0.0003595828507518828,False,False,8.0
2026-04-09,XLU,0.011664288849567177,-0.022481477675748596,False,False,8.0
2026-04-09,XLRE,0.011929305038156686,0.02878547031553813,False,False,8.0
2026-04-09,TLT,0.01134542533836238,-0.0017300217376310378,False,False,8.0
2026-04-09,IEF,0.01134542533836238,-0.000628608594859914,False,False,8.0
2026-04-09,GLD,0.020644084044768914,-0.015688143818902933,False,False,10.0
2026-04-09,XSOE,0.02966747099192875,0.039529490233840114,False,True,10.0
2026-04-23,QQQM,0.023337385063190264,0.06673623519371619,False,True,10.0
2026-04-23,SOXX,0.12360028058934767,0.11646253912310933,True,False,10.0
2026-04-23,IWM,0.011353269008935435,0.024462906997142264,False,False,8.0
2026-04-23,FEZ,0.010718928805872394,0.019773244613573215,False,False,8.0
2026-04-23,XLE,0.009653511914166617,-0.018076449556959306,False,False,7.0
2026-04-23,XLB,0.009526495890049818,-0.007913554912476695,False,False,7.0
2026-04-23,XLI,0.010233022569574656,-0.0004022019966161139,False,False,7.0
2026-04-23,XLF,0.00959968305455718,-0.004826237849050008,False,False,7.0
2026-04-23,XLV,0.008869176534543962,-0.010393943430361818,False,False,6.0
2026-04-23,XLP,0.009596043054929112,0.005989420873873552,False,False,7.0
2026-04-23,XLU,0.009596043054929112,-0.021045839109825493,False,False,7.0
2026-04-23,XLRE,0.009596043054929112,0.01000915111382894,False,False,7.0
2026-04-23,TLT,0.00946869098354741,-0.006744415270045878,False,False,7.0
2026-04-23,IEF,0.009441843788667853,-0.00364749598237335,False,False,7.0
2026-04-23,GLD,0.010616959953126828,0.0014847441494347802,False,False,8.0
2026-04-23,XSOE,0.01057324442208969,0.0690356924933575,False,False,8.0
2026-05-07,QQQM,0.023692085602161118,0.02827477486568508,False,True,10.0
2026-05-07,SOXX,0.07952508858895133,0.06570410481363198,True,False,10.0
2026-05-07,IWM,0.008033397083582977,0.0008147691926210232,False,False,6.0
2026-05-07,FEZ,0.008787881232803624,0.014429470139872613,False,False,6.0
2026-05-07,XLE,0.006786187461546141,0.056836451736513194,False,False,5.0
2026-05-07,XLB,0.007646213524083287,-0.026848240853253325,False,False,5.0
2026-05-07,XLI,0.007496927652352103,-0.019942547333133054,False,False,5.0
2026-05-07,XLF,0.007846048698438567,0.0034917402643077633,False,False,6.0
2026-05-07,XLV,0.006856799985179477,0.02370089142699805,False,False,5.0
2026-05-07,XLP,0.007842078697694701,0.008097184880095476,False,False,6.0
2026-05-07,XLU,0.007871733269680603,-0.0026595163112661524,False,False,6.0
2026-05-07,XLRE,0.00786594640854791,0.002252192910991768,False,False,6.0
2026-05-07,TLT,0.007842078697694701,-0.016695890069144403,False,False,6.0
2026-05-07,IEF,0.007842078697694701,-0.009608268730832759,False,False,6.0
2026-05-07,GLD,0.008265751176167246,-0.034029843149203765,False,False,6.0
2026-05-07,XSOE,0.007401116940150721,-0.005504883042966591,False,False,5.0
2026-05-21,QQQM,0.0176417501542347,-0.013119852487073924,False,True,9.0
2026-05-21,SOXX,0.13727645361753468,0.028701574544829578,True,False,10.0
2026-05-21,IWM,0.010338940360394644,-0.002973576427357294,False,False,7.0
2026-05-21,FEZ,0.009432748836374329,-0.009038390386557293,False,False,7.0
2026-05-21,XLE,0.008266762569705936,-0.024691432630202126,False,False,6.0
2026-05-21,XLB,0.008962033434359924,0.012195109815466676,False,False,6.0
2026-05-21,XLI,0.008754872295156898,0.021403830585934758,False,False,6.0
2026-05-21,XLF,0.008765045475272024,0.011018715387987488,False,False,6.0
2026-05-21,XLV,0.008183872012108772,0.03280464977800701,False,False,6.0
2026-05-21,XLP,0.008760025475529516,-0.01441058749781765,False,False,6.0
2026-05-21,XLU,0.009023121565021327,-0.014444490323531789,False,False,6.0
2026-05-21,XLRE,0.008760025475529516,0.004494350347464149,False,False,6.0
2026-05-21,TLT,0.008793215561598205,0.013946470767736807,False,False,6.0
2026-05-21,IEF,0.008760025475529516,0.0014350187311458207,False,False,6.0
2026-05-21,GLD,0.009705797144076754,-0.04976138633048999,False,False,7.0
2026-05-21,XSOE,0.008493079396499348,-0.017457989606485924,False,False,6.0
2026-06-05,QQQM,0.009959898345832845,0.04787907556524962,False,False,7.0
2026-06-05,SOXX,0.04965195495478197,0.21407449265475753,True,False,10.0
2026-06-05,IWM,0.009996081759369325,0.061207568719778394,False,False,7.0
2026-06-05,FEZ,0.011118302141259051,0.04134910590731988,False,False,8.0
2026-06-05,XLE,0.011430460512061926,-0.05583713834307891,False,False,8.0
2026-06-05,XLB,0.010999851094533213,0.023365811562342298,False,False,8.0
2026-06-05,XLI,0.009331821520746618,0.04631588320902247,False,False,7.0
2026-06-05,XLF,0.009118878871623501,0.03036544726967816,False,False,6.0
2026-06-05,XLV,0.010544888205595846,-0.014954576154792565,False,False,8.0
2026-06-05,XLP,0.009989617194285793,-0.008266884786939599,False,False,7.0
2026-06-05,XLU,0.010900974618305541,0.014781534339555646,False,False,8.0
2026-06-05,XLRE,0.010056910453982467,-0.006582962345107579,False,False,7.0
2026-06-05,TLT,0.009843085827041055,0.012109065220712534,False,False,7.0
2026-06-05,IEF,0.009666400387243661,0.004058915473287739,False,False,7.0
2026-06-05,GLD,0.016194210971931952,-0.029401358226345153,False,False,9.0
2026-06-05,XSOE,0.019603110800042296,0.1061971616462245,False,True,10.0
2026-06-22,QQQM,0.015876015835254467,-0.03869687227454377,True,False,9.0
2026-06-22,SOXX,0.00737222078562923,-0.15773805863087287,False,False,5.0
2026-06-22,IWM,0.007775572120440802,-0.006673788594993901,False,False,6.0
2026-06-22,FEZ,0.006576017239709337,0.0011672283336161549,False,False,5.0
2026-06-22,XLE,0.005069337864441758,0.010728782863923092,False,False,3.0
2026-06-22,XLB,0.006576017239709337,-0.002130968861442928,False,False,5.0
2026-06-22,XLI,0.009591615514187853,0.003190329050157148,False,True,7.0
2026-06-22,XLF,0.0072382764411595,0.04376160969708809,False,False,5.0
2026-06-22,XLV,0.005956035347067292,0.09582836943068429,False,False,4.0
2026-06-22,XLP,0.006576017239709337,0.03261134455127257,False,False,5.0
2026-06-22,XLU,0.006576017239709337,0.02191412154484995,False,False,5.0
2026-06-22,XLRE,0.006576017239709337,0.019763719282999803,False,False,5.0
2026-06-22,TLT,0.006576017239709337,-0.014260928162913689,False,False,5.0
2026-06-22,IEF,0.006576017239709337,9.739215406856516e-05,False,False,5.0
2026-06-22,GLD,0.006693227706667154,-0.01846123448639503,False,False,5.0
2026-06-22,XSOE,0.007584455929075486,-0.07340394533213213,False,False,5.0
