model,date,top_asset,second_asset,top_score,second_score,score_gap,turnover,tx_cost_applied,overlay_fraction,v2_tqqq_scale,v2_alert_action,war_strength,growth_strength,risk_off_strength,soxx_strength,copper_strength,copper_3m_strength,industrial_strength,materials_strength,usd_3m_strength,hyg_strength,credit_strength,tech_real_economy_divergence,crash_pressure,soxx_5d,soxx_10d,soxx_dd_21,qqqm_5d,qqqm_10d,qqqm_dd_21,breakdown_score,overlay_style,conditional_breakdown_defense_level,raw_pred_QQQM,adj_pred_QQQM,signal_w_QQQM,exec_w_QQQM,raw_pred_SOXX,adj_pred_SOXX,signal_w_SOXX,exec_w_SOXX,raw_pred_IWM,adj_pred_IWM,signal_w_IWM,exec_w_IWM,raw_pred_FEZ,adj_pred_FEZ,signal_w_FEZ,exec_w_FEZ,raw_pred_XLE,adj_pred_XLE,signal_w_XLE,exec_w_XLE,raw_pred_XLB,adj_pred_XLB,signal_w_XLB,exec_w_XLB,raw_pred_XLI,adj_pred_XLI,signal_w_XLI,exec_w_XLI,raw_pred_XLF,adj_pred_XLF,signal_w_XLF,exec_w_XLF,raw_pred_XLV,adj_pred_XLV,signal_w_XLV,exec_w_XLV,raw_pred_XLP,adj_pred_XLP,signal_w_XLP,exec_w_XLP,raw_pred_XLU,adj_pred_XLU,signal_w_XLU,exec_w_XLU,raw_pred_XLRE,adj_pred_XLRE,signal_w_XLRE,exec_w_XLRE,raw_pred_TLT,adj_pred_TLT,signal_w_TLT,exec_w_TLT,raw_pred_IEF,adj_pred_IEF,signal_w_IEF,exec_w_IEF,raw_pred_GLD,adj_pred_GLD,signal_w_GLD,exec_w_GLD,raw_pred_XSOE,adj_pred_XSOE,signal_w_XSOE,exec_w_XSOE,signal_w_BIL,exec_w_BIL,exec_w_TQQQ,exec_w_ERX,exec_w_UXI,exec_w_SOXL
FULL_UNIVERSE_EXPECTED_RETURNS_RESEARCH,2023-10-17,XLE,XLV,-0.02481910542441892,-0.02490155021903655,8.24447946176296e-05,0.0,0.0,0.0,0.0,HARD_EXIT_TO_BIL,-0.10600421878539998,-0.03618767682489003,0.9319671056239349,-0.08666950219294957,-0.3810564187625363,-0.044292558161265434,-0.3103442141849908,-0.25376354102258125,1.9100213543075666,0.01828701432630635,-0.9299706727323666,0.27556696312652107,0.5381270201254866,-0.010759951165947523,0.02943018946571585,-0.02065186787537332,-0.0007256298311346665,0.03774238753495829,-0.007923720421079472,0.0,hybrid,off,-0.025667294328248155,-0.027891214471717184,0.0,0.0,-0.026910186352727142,-0.0289605139850998,0.0,0.0,-0.02580179765059406,-0.02881174467442647,0.0,0.0,-0.02573184626337316,-0.02573184626337316,0.0,0.0,-0.02481910542441892,-0.02481910542441892,0.0,0.0,-0.02580179765059406,-0.028150150271877776,0.0,0.0,-0.025670369226877193,-0.027920916423292547,0.0,0.0,-0.025740320614098092,-0.027500085906187785,0.0,0.0,-0.025740320614098092,-0.02490155021903655,0.0,0.0,-0.025740320614098092,-0.025740320614098092,0.0,0.0,-0.025933607560564696,-0.025933607560564696,0.0,0.0,-0.025933607560564696,-0.025933607560564696,0.0,0.0,-0.025933607560564696,-0.025933607560564696,0.0,0.0,-0.025740320614098092,-0.025740320614098092,0.0,0.0,-0.025740320614098092,-0.025740320614098092,0.0,0.0,-0.02580179765059406,-0.029941299174117333,0.0,0.0,1.0,1.0,0.0,0.0,0.0,0.0
FULL_UNIVERSE_EXPECTED_RETURNS_RESEARCH,2023-10-31,SOXX,IWM,0.053737075247822765,0.026721959710338573,0.027015115537484192,2.0,0.002,0.0,0.136,V2_TQQQ_TO_QQQM_OVERLAY,0.4376971500914071,-0.8973965599775167,0.4818811168897633,-1.1520033133619019,0.7293716331824835,0.3933875772034103,0.40136955581378053,0.5687293177784978,1.3726127556149033,0.9511890867374073,0.31510832977550607,-1.4557426556895592,-0.6806931466578302,-0.0400772621415002,-0.07818150755129238,-0.0972187812624189,-0.023014737659492357,-0.047326695249250816,-0.054875412168721605,6.0,hybrid,off,0.02518179449829881,0.024410969193275907,0.0,0.0,0.054797213704980245,0.053737075247822765,0.5,0.5,0.02835173543259929,0.026721959710338573,0.5,0.5,0.02306360530717423,0.02306360530717423,0.0,0.0,0.016097704303801526,0.01697309860398434,0.0,0.0,0.022707958834297357,0.023594680144593663,0.0,0.0,0.02297952533462768,0.02284023698985698,0.0,0.0,0.018299743055622236,0.018301501548327187,0.0,0.0,0.019078377308481994,0.01951207031368278,0.0,0.0,0.019245707326271237,0.019245707326271237,0.0,0.0,0.023407303996442076,0.023407303996442076,0.0,0.0,0.0211225777943392,0.0211225777943392,0.0,0.0,0.0247535752441125,0.0247535752441125,0.0,0.0,0.011890622912799806,0.011890622912799806,0.0,0.0,0.011964714029504823,0.011964714029504823,0.0,0.0,0.023013344170357386,0.022383468961783625,0.0,0.0,0.0,0.0,0.0,0.0,0.0,0.0
FULL_UNIVERSE_EXPECTED_RETURNS_RESEARCH,2023-11-14,XSOE,XLRE,0.0046366163828133085,0.004423362556306279,0.00021325382650702954,2.0,0.002,0.0,0.1904,V2_TQQQ_TO_QQQM_OVERLAY,0.019261089843648826,0.0023909022717612423,-0.4655642637841239,-0.0021795428410312182,0.15845836655091883,0.07654760263724943,0.03193968687195986,0.07031869264446161,0.4956943538491315,0.42642157821722193,0.675294379200458,-0.08093704052426193,-0.23478792982820673,0.06424395673311278,0.14846657554805276,0.0,0.033914137005296,0.09838581083369569,0.0,0.0,hybrid,off,0.002002558015912988,0.002624221024965146,0.0,0.0,0.0033762710995853856,0.0033779447311756187,0.0,0.0,0.0036532852654234758,0.0039926060866139375,0.0,0.0,0.0037099006472589738,0.0037099006472589738,0.0,0.0,0.0011140103173125349,0.0011506197751824235,0.0,0.0,0.0022870447891053334,0.0022870447891053334,0.0,0.0,0.003142763636927896,0.003142763636927896,0.0,0.0,0.0029046592357491836,0.0039033359998000205,0.0,0.0,0.0028188745212829667,0.0028188745212829667,0.0,0.0,0.0028972207416538714,0.0028972207416538714,0.0,0.0,0.0037651925130311324,0.0037651925130311324,0.0,0.0,0.004423362556306279,0.004423362556306279,0.4,0.4,0.0036607926284869317,0.0036607926284869317,0.0,0.0,0.00302267001439463,0.00302267001439463,0.0,0.0,0.003664254975194551,0.003664254975194551,0.0,0.0,0.0041329873890211645,0.0046366163828133085,0.6,0.6,0.0,0.0,0.0,0.0,0.0,0.0
FULL_UNIVERSE_EXPECTED_RETURNS_RESEARCH,2023-11-29,SOXX,QQQM,0.015390874939457006,0.013833014936707386,0.0015578600027496194,2.0,0.002,0.0,0.595,V2_TQQQ_TO_QQQM_OVERLAY,-0.19090588623584792,0.7153286446970256,-1.0478746594743136,1.1550194162144394,-1.0240630459938487,0.15942007305072162,-0.4698136850681132,-0.6167618631523852,0.19069828716500797,-1.262026422158478,0.2790425118052685,1.4028490003723548,0.42255953643368743,0.00745979514905315,0.01808792913530133,-0.01137234111527008,0.003566128536757196,0.01179557521049679,-0.0022394908568361682,0.0,hybrid,off,0.010414805325467598,0.013833014936707386,0.4,0.4,0.012811109938983097,0.015390874939457006,0.6,0.6,0.011936310995543016,0.012576562302733569,0.0,0.0,0.010874309777256279,0.010874309777256279,0.0,0.0,0.011555439035876029,0.010983176120118407,0.0,0.0,0.011311496765023419,0.011311496765023419,0.0,0.0,0.010368068000599749,0.010368068000599749,0.0,0.0,0.010317191629953452,0.010624138392939247,0.0,0.0,0.010459078860917225,0.010459078860917225,0.0,0.0,0.010344400256098138,0.010344400256098138,0.0,0.0,0.01138052431958786,0.01138052431958786,0.0,0.0,0.011909097926575345,0.011909097926575345,0.0,0.0,0.011500332716563822,0.011500332716563822,0.0,0.0,0.010459078860917225,0.010459078860917225,0.0,0.0,0.010486976751350503,0.010486976751350503,0.0,0.0,0.011362288149277037,0.011328779962942714,0.0,0.0,0.0,0.0,0.0,0.0,0.0,0.0
FULL_UNIVERSE_EXPECTED_RETURNS_RESEARCH,2023-12-13,SOXX,IWM,0.03404393442677853,0.03071963332863838,0.003324301098140147,0.8,0.0008,0.0,0.68,V2_TQQQ_TO_QQQM_OVERLAY,-0.27536689333625847,0.10431221949617187,-0.1694658681807466,0.7093213192199955,-0.5238789897279729,-0.1989721140257238,0.3636305835308872,-0.1687582126932557,-0.4083681615282218,-0.5326138320404435,0.15350739227435073,0.1932705866213927,0.048176004700536984,0.09453643478039386,0.06700698723190657,0.0,0.04873754969150501,0.03566101759197027,0.0,0.0,hybrid,off,0.02091163438037541,0.02233192662625692,0.0,0.0,0.03269413749853521,0.03404393442677853,0.6,0.6,0.030569861078853885,0.03071963332863838,0.4,0.4,0.021032257341406208,0.021032257341406208,0.0,0.0,0.020624470237164794,0.020541020461567857,0.0,0.0,0.020911634380375414,0.020911634380375414,0.0,0.0,0.020853059800995208,0.02150163352099975,0.0,0.0,0.020925006479694183,0.02109386461119597,0.0,0.0,0.02067604856359937,0.02067604856359937,0.0,0.0,0.020628117216962283,0.020628117216962283,0.0,0.0,0.025984567889504012,0.025984567889504012,0.0,0.0,0.029734658689358307,0.029734658689358307,0.0,0.0,0.025101307552384402,0.025101307552384402,0.0,0.0,0.02067604856359937,0.02067604856359937,0.0,0.0,0.02079619472636973,0.02079619472636973,0.0,0.0,0.020805128454358116,0.02091258362895016,0.0,0.0,0.0,0.0,0.0,0.0,0.0,0.0
FULL_UNIVERSE_EXPECTED_RETURNS_RESEARCH,2023-12-28,SOXX,XLI,-0.0003136436278916173,-0.001410145724978055,0.0010965020970864377,2.0,0.002,0.0,0.0,HARD_EXIT_TO_BIL,0.09772816437079668,0.35770715849472956,0.23613098783443084,1.1265362299338426,-0.20284047763574847,-0.2739432279635979,0.5182408833968011,-0.035810860615130696,-1.1209702944602058,-0.13442493620111953,-0.09778249946279889,0.24970879381186945,0.24427767142089402,0.049912274901716236,0.05360211027230033,-0.0018746691314014408,0.020927543870084664,0.02135768161227314,-0.0004133454725184782,0.0,hybrid,off,-0.0030362524606548117,-0.0020120081243795167,0.0,0.0,-0.002072315679483097,-0.0003136436278916173,0.0,0.0,-0.002603592656059018,-0.0028254596207815687,0.0,0.0,-0.0030362524606548117,-0.0030362524606548117,0.0,0.0,-0.0029966992413040325,-0.003087408639358223,0.0,0.0,-0.0030362524606548117,-0.003437675139973344,0.0,0.0,-0.0031493322555214954,-0.001410145724978055,0.0,0.0,-0.0030856117020399295,-0.003534260578925348,0.0,0.0,-0.0030362524606548126,-0.0028237345716038247,0.0,0.0,-0.0028824155892425703,-0.0028824155892425703,0.0,0.0,-0.002711018642122667,-0.002711018642122667,0.0,0.0,-0.0032422312740866353,-0.0032422312740866353,0.0,0.0,-0.0031986640451396975,-0.0031986640451396975,0.0,0.0,-0.0029503635549015935,-0.0029503635549015935,0.0,0.0,-0.0029317473788607724,-0.0029317473788607724,0.0,0.0,-0.0029503635549015935,-0.003481262429192933,0.0,0.0,1.0,1.0,0.0,0.0,0.0,0.0
FULL_UNIVERSE_EXPECTED_RETURNS_RESEARCH,2024-01-12,SOXX,IWM,0.01679567173165603,0.010186653910993548,0.006609017820662481,2.0,0.002,0.0,0.08092,V2_TQQQ_TO_QQQM_OVERLAY,-0.11922948229919189,-0.6092854092785249,0.6036302626918737,-0.4708063179289146,-0.6517316334675147,-0.2859208053336785,-0.4068791816094224,-0.5155248424382405,-0.9929980239163678,0.31090474429329923,-0.07429564023115637,-0.09092451082158856,0.18689739858379636,0.028698556942504894,-0.03957890963185606,-0.04137938140311603,0.03232933537312643,-0.0040169903012523545,-0.004428675369016699,0.0,hybrid,off,0.0013316552948984086,0.00010057598544322126,0.0,0.0,0.018123658309578152,0.01679567173165603,0.5,0.5,0.011393914436377295,0.010186653910993548,0.5,0.5,0.0008058126386730133,0.0008058126386730133,0.0,0.0,0.000978097023574967,0.000978097023574967,0.0,0.0,0.0008058126386730133,-0.00022035880790317202,0.0,0.0,0.0008058126386730133,-0.0002807218341723595,0.0,0.0,0.0008058126386730135,-0.00015454201386556703,0.0,0.0,0.0008058126386730133,0.0013490798750956997,0.0,0.0,0.0008058126386730133,0.0008058126386730133,0.0,0.0,0.005953021052496426,0.005953021052496426,0.0,0.0,0.008870713165729687,0.008870713165729687,0.0,0.0,0.0007357801686284874,0.0007357801686284874,0.0,0.0,0.0008058126386730133,0.0008058126386730133,0.0,0.0,0.0008058126386730133,0.0008058126386730133,0.0,0.0,0.0008058126386730135,-0.00012163361684676475,0.0,0.0,0.0,0.0,0.0,0.0,0.0,0.0
FULL_UNIVERSE_EXPECTED_RETURNS_RESEARCH,2024-01-29,SOXX,XLV,0.008117970238816602,0.0029400980125173035,0.005177872226299299,1.0,0.001,0.0,0.11560000000000001,V2_TQQQ_TO_QQQM_OVERLAY,-0.6078167617152107,-0.28010313193441705,0.48472123669432343,-0.2496806739797274,-0.784105496786131,-0.829103445886464,-1.2395274659960565,-1.0334781892851401,-0.8514239937887139,-0.9097454362821881,-0.7843311598908642,0.750680496449841,0.644296792547634,0.0013097063165863343,0.08360404509147346,-0.019560439494165305,0.015264976470448666,0.04537363500506886,0.0,0.0,hybrid,off,0.0027908986397322737,0.0016275676716658975,0.0,0.0,0.009184356959544114,0.008117970238816602,0.5,0.5,0.001904733945828664,0.000935291472440017,0.0,0.0,0.0020984226750780503,0.0020984226750780503,0.0,0.0,0.0011192210903027849,0.0011192210903027849,0.0,0.0,0.0010954783047561006,0.00027145220237575075,0.0,0.0,0.002569483454830117,0.0016969852287803348,0.0,0.0,0.0035058854637765465,0.002584915114057332,0.0,0.0,0.0025038488994924123,0.0029400980125173035,0.5,0.5,0.001184589337142157,0.001184589337142157,0.0,0.0,-2.058208216788512e-05,-2.058208216788512e-05,0.0,0.0,0.002881837910364444,0.002881837910364444,0.0,0.0,0.0012811629086627958,0.0012811629086627958,0.0,0.0,0.00023687410369017023,0.00023687410369017023,0.0,0.0,0.00015885530125782737,0.00015885530125782737,0.0,0.0,0.0005024416374434554,-0.0004670008359451915,0.0,0.0,0.0,0.0,0.0,0.0,0.0,0.0
FULL_UNIVERSE_EXPECTED_RETURNS_RESEARCH,2024-02-12,SOXX,QQQM,0.01714605448106328,0.00984660165426774,0.00729945282679554,1.5,0.0015,0.0,0.5780000000000001,V2_TQQQ_TO_QQQM_OVERLAY,0.19648268854785686,0.4150270792125642,0.47178194651997096,0.9987373470558994,-1.1973433953038741,-1.0856566969449033,-0.986762168299487,-1.173003327095634,-0.5900968050121802,-1.750681129385035,-1.262780916897103,1.5301480211920189,1.1068015913231997,0.03914860323575198,0.040232383131985294,-0.001811231969764182,0.015987891451093805,0.016737438948529748,-0.003891139998760673,0.0,hybrid,off,0.008747327100748959,0.00984660165426774,0.75,0.75,0.016981169856316362,0.01714605448106328,0.25,0.25,0.009136280064362665,0.008192716171322723,0.0,0.0,0.008747327100748959,0.008747327100748959,0.0,0.0,0.008693808300637786,0.008754752014363449,0.0,0.0,0.008693808300637786,0.007891778991553836,0.0,0.0,0.008747327100748959,0.00789811959701301,0.0,0.0,0.008747327100748957,0.007850941402361013,0.0,0.0,0.008747327100748959,0.009171930852616932,0.0,0.0,0.008693808300637786,0.008693808300637786,0.0,0.0,0.008693808300637786,0.008693808300637786,0.0,0.0,0.008693808300637786,0.008693808300637786,0.0,0.0,0.008693808300637786,0.008693808300637786,0.0,0.0,0.008693808300637786,0.008693808300637786,0.0,0.0,0.008747327100748959,0.008747327100748959,0.0,0.0,0.008693808300637786,0.00763235479446913,0.0,0.0,0.0,0.0,0.0,0.0,0.0,0.0
FULL_UNIVERSE_EXPECTED_RETURNS_RESEARCH,2024-02-27,SOXX,IWM,0.030171581551968023,0.023384891824340025,0.006786689727627998,1.5,0.0015,0.0,0.16184,V2_TQQQ_TO_QQQM_OVERLAY,0.13845135904364989,-0.3221385725124116,0.5568363983414827,0.3194906211581004,-0.6360803397973036,-0.6974544537475614,0.11355251322620305,-0.4098129703812869,0.23197769771193302,-1.2732093025883278,-0.7115571665441847,-0.02762331056894121,0.20616057299522836,0.044760723594344576,0.021996195040188127,-0.0020204660973915933,0.024160073724184716,0.0053573824695869465,-0.0011087103599561887,0.0,hybrid,off,0.0157969559484626,0.014833282227252352,0.0,0.0,0.030821538510234704,0.030171581551968023,0.5,0.5,0.02449856462102299,0.023384891824340025,0.5,0.5,0.015747216543275027,0.015747216543275027,0.0,0.0,0.0157969559484626,0.016073858666549902,0.0,0.0,0.0157969559484626,0.01485033407128208,0.0,0.0,0.015747216543275027,0.014744911026260358,0.0,0.0,0.015747216543275027,0.01468922738642621,0.0,0.0,0.015661738224900405,0.01616289098340774,0.0,0.0,0.015747216543275027,0.015747216543275027,0.0,0.0,0.01601246168262531,0.01601246168262531,0.0,0.0,0.0157969559484626,0.0157969559484626,0.0,0.0,0.0157969559484626,0.0157969559484626,0.0,0.0,0.015702801037840608,0.015702801037840608,0.0,0.0,0.015747216543275027,0.015747216543275027,0.0,0.0,0.0157969559484626,0.014321839099099128,0.0,0.0,0.0,0.0,0.0,0.0,0.0,0.0
FULL_UNIVERSE_EXPECTED_RETURNS_RESEARCH,2024-03-12,SOXX,IWM,0.031858306949006585,0.020749844924424166,0.011108462024582419,0.0,0.0,0.0,0.119,V2_TQQQ_TO_QQQM_OVERLAY,0.01688377792466672,-0.2489206022242788,0.8985602906423377,0.8095352137819096,1.8745331279673025,-0.5090996851075283,1.4993789350514644,1.3815512956566904,-0.39905816301427066,-0.48372566538937256,-0.48673491422179027,-1.8196061213623236,-0.7323395565604589,0.024143520305820898,0.0735076362426017,-0.03356465813811493,0.017380623201782575,0.0137099838996253,-0.004632505036212153,0.0,hybrid,off,0.014218626917371911,0.010941448487874346,0.0,0.0,0.03237797620361229,0.031858306949006585,0.5,0.5,0.02254696550570884,0.020749844924424166,0.5,0.5,0.014218626917371911,0.014218626917371911,0.0,0.0,0.014218626917371911,0.014252394473221245,0.0,0.0,0.01434690636325489,0.018502591939016887,0.0,0.0,0.014218626917371911,0.016199727838339218,0.0,0.0,0.014218626917371913,0.012511362365151471,0.0,0.0,0.014218626917371911,0.015027331178950014,0.0,0.0,0.014218626917371911,0.014218626917371911,0.0,0.0,0.014218626917371911,0.014218626917371911,0.0,0.0,0.014218626917371911,0.014218626917371911,0.0,0.0,0.014218626917371911,0.014218626917371911,0.0,0.0,0.014218626917371911,0.014218626917371911,0.0,0.0,0.014218626917371911,0.014218626917371911,0.0,0.0,0.014218626917371911,0.015410629074080119,0.0,0.0,0.0,0.0,0.0,0.0,0.0,0.0
FULL_UNIVERSE_EXPECTED_RETURNS_RESEARCH,2024-03-26,SOXX,XLI,0.022444378246849722,0.015809277965293425,0.006635100281556297,1.0,0.001,0.0,0.11560000000000001,V2_TQQQ_TO_QQQM_OVERLAY,0.5070376924603434,-0.5812828065692809,0.47957107428485424,-0.12544521139610412,1.24105554669415,0.009437013723395487,0.9861665103994386,0.9764337387601084,1.105474201032111,-0.12883479820535482,-0.025428272516302863,-1.6405095577833673,-0.7924773049560787,0.029284704441230325,-0.02899538092153986,-0.06158681901143892,0.010918367644083826,0.000672981056829558,-0.006481947942905131,1.0,hybrid,off,0.012826456508448353,0.009590581821065258,0.0,0.0,0.023499434610276402,0.022444378246849722,0.5,0.5,0.012826456508448353,0.011204029839259378,0.0,0.0,0.012826456508448353,0.012826456508448353,0.0,0.0,0.013104912016705597,0.015640100479007314,0.0,0.0,0.012826456508448353,0.015418114329403706,0.0,0.0,0.012826456508448353,0.015809277965293425,0.5,0.5,0.012826456508448353,0.01191527146730713,0.0,0.0,0.012826456508448353,0.013258070475304721,0.0,0.0,0.01282645650844835,0.01282645650844835,0.0,0.0,0.012826456508448351,0.012826456508448351,0.0,0.0,0.012826456508448353,0.012826456508448353,0.0,0.0,0.01290538515311972,0.01290538515311972,0.0,0.0,0.012826456508448353,0.012826456508448353,0.0,0.0,0.012980660772050042,0.012980660772050042,0.0,0.0,0.012826456508448353,0.012222211577874545,0.0,0.0,0.0,0.0,0.0,0.0,0.0,0.0
FULL_UNIVERSE_EXPECTED_RETURNS_RESEARCH,2024-04-10,XLB,XLI,-0.0027594104049647157,-0.0054749950583110486,0.002715584653346333,2.0,0.002,0.0,0.0,HARD_EXIT_TO_BIL,0.798971454639338,-0.7385401877928386,0.48758678220077306,-0.8442396610701193,2.833325853290815,2.332119322741406,1.4214100239503311,2.368332107767708,1.049322205226429,-0.011906167444592318,-0.17711950866529022,-2.914947689881397,-1.5539339010485291,-0.02182706203876905,-0.010723341778721585,-0.03940779532063554,-0.008410729224928803,-0.011074352773963847,-0.017484517338686723,0.0,hybrid,off,-0.0104220499660922,-0.014665485736333923,0.0,0.0,-0.007606928497060457,-0.008679619417902157,0.0,0.0,-0.010945199061163428,-0.012549965948700831,0.0,0.0,-0.010697331821300487,-0.010697331821300487,0.0,0.0,-0.012495981190341655,-0.008501123917144965,0.0,0.0,-0.011892372244234097,-0.0027594104049647157,0.0,0.0,-0.010140837943755948,-0.0054749950583110486,0.0,0.0,-0.008976226694871317,-0.009902641581052786,0.0,0.0,-0.010195128973242311,-0.009756300869261615,0.0,0.0,-0.010957040273072179,-0.010957040273072179,0.0,0.0,-0.011650594917292185,-0.011650594917292185,0.0,0.0,-0.005750834327290575,-0.005750834327290575,0.0,0.0,-0.015651395320268165,-0.015651395320268165,0.0,0.0,-0.011024557044271282,-0.011024557044271282,0.0,0.0,-0.01149237338211824,-0.01149237338211824,0.0,0.0,-0.012058338232454923,-0.010238759950646482,0.0,0.0,1.0,1.0,0.0,0.0,0.0,0.0
FULL_UNIVERSE_EXPECTED_RETURNS_RESEARCH,2024-04-24,SOXX,XLRE,0.026889897762912326,0.025215653787804253,0.001674243975108073,1.0,0.001,0.0,0.0099127,V2_TQQQ_TO_QQQM_OVERLAY,0.3886425940342611,-1.1085981484161493,1.135997326444968,-1.173072656847791,3.0,2.6291779091984098,1.3389044985388503,2.46622627872362,0.9382424952645027,1.4917463034837102,0.13193764528914098,-3.340393920458014,-1.549837421696821,-0.008651937443218682,-0.05419747058037161,-0.08655278038946856,0.0014837849860185326,-0.027109519336252164,-0.04255551812135627,2.0,hybrid,off,0.012029127287796497,0.007882035147715318,0.0,0.0,0.029389091881091255,0.026889897762912326,0.25,0.125,0.012181793265884476,0.00997576743563911,0.0,0.0,0.012029127287796499,0.012029127287796499,0.0,0.0,0.012029127287796497,0.011897614614709045,0.0,0.0,0.012029127287796499,0.016097931832840053,0.0,0.0,0.012029127287796499,0.013197702896688795,0.0,0.0,0.012029127287796499,0.010910911559459339,0.0,0.0,0.012029127287796499,0.013051524881596971,0.0,0.0,0.012029127287796499,0.012029127287796499,0.0,0.0,0.012029127287796499,0.012029127287796499,0.0,0.0,0.025215653787804253,0.025215653787804253,0.75,0.375,0.012029127287796499,0.012029127287796499,0.0,0.0,0.012029127287796499,0.012029127287796499,0.0,0.0,0.012029127287796499,0.012029127287796499,0.0,0.0,0.012029127287796499,0.01463298410900634,0.0,0.0,0.0,0.5,0.0,0.0,0.0,0.0
FULL_UNIVERSE_EXPECTED_RETURNS_RESEARCH,2024-05-08,SOXX,XLB,0.02399196697224136,0.021767704081516643,0.0022242628907247174,1.75,0.00175,0.0,0.0952,V2_TQQQ_TO_QQQM_OVERLAY,0.1760513506106136,-0.6205668804805248,-0.19435421284982754,-0.822826475677829,1.453633662900821,3.0,0.5604452108323716,1.5516281401443066,0.44099074991823467,0.8662589338211879,0.8366373224020318,-1.7958826521926083,-1.155271276455496,0.058812125331754395,0.0497746039300615,-0.02905036125275995,0.043989611957670594,0.03185362822293514,-0.012057437551493133,0.0,hybrid,off,0.019268372770652884,0.01922030899758632,0.0,0.0,0.02399196697224136,0.02399196697224136,0.5,0.5,0.015676685745793676,0.01609500440699469,0.0,0.0,0.01491138077670538,0.01491138077670538,0.0,0.0,0.01491138077670538,0.015263483477926608,0.0,0.0,0.014888157359512972,0.021767704081516643,0.5,0.5,0.014888157359512972,0.017408548610720033,0.0,0.0,0.014888157359512972,0.01632821377444792,0.0,0.0,0.014888157359512972,0.014888157359512972,0.0,0.0,0.014888157359512972,0.014888157359512972,0.0,0.0,0.01491138077670538,0.01491138077670538,0.0,0.0,0.020381495983232276,0.020381495983232276,0.0,0.0,0.014888157359512972,0.014888157359512972,0.0,0.0,0.014888157359512976,0.014888157359512976,0.0,0.0,0.01491138077670538,0.01491138077670538,0.0,0.0,0.01491138077670538,0.017967654093198938,0.0,0.0,0.0,0.0,0.0,0.0,0.0,0.0
FULL_UNIVERSE_EXPECTED_RETURNS_RESEARCH,2024-05-22,SOXX,QQQM,0.02659552887005543,0.015952330811148163,0.010643198058907268,1.0,0.001,0.0,1.0,V2_TQQQ_TO_QQQM_OVERLAY,-0.32607562486541,1.171844060863367,-1.0478747487133755,1.4345305482389756,0.712613312205978,2.531892347489965,-0.09156558747233293,1.0280195147480387,0.20391431741911364,-1.0574926081598397,0.06454965788957634,0.6303011926550766,-0.04096918389230425,0.019811833439327353,0.07454788510084964,0.0,0.0062785548112229694,0.03556443738889237,-0.0002666880873966049,0.0,hybrid,off,0.008935381835102174,0.015952330811148163,0.30000000000000004,0.30000000000000004,0.02319308304062092,0.02659552887005543,0.7,0.5075,0.008970139998261406,0.009822705669810552,0.0,0.0,0.008935381835102174,0.008935381835102174,0.0,0.0,0.008970139998261406,0.008032664749570713,0.0,0.0,0.008935381835102174,0.013318971188655363,0.0,0.0,0.008935381835102174,0.008889599041366008,0.0,0.0,0.008935381835102174,0.009006386458780708,0.0,0.0,0.008935381835102174,0.008935381835102174,0.0,0.0,0.008935381835102174,0.008935381835102174,0.0,0.0,0.008935381835102174,0.008935381835102174,0.0,0.0,0.008970139998261406,0.008970139998261406,0.0,0.0,0.008935381835102174,0.008935381835102174,0.0,0.0,0.008935381835102174,0.008935381835102174,0.0,0.0,0.008970139998261406,0.008970139998261406,0.0,0.0,0.008935381835102174,0.009876050714251506,0.0,0.0,0.0,0.0,0.0,0.0,0.0,0.1925
FULL_UNIVERSE_EXPECTED_RETURNS_RESEARCH,2024-06-06,SOXX,QQQM,0.03414455073329162,0.010800380327366287,0.023344170405925332,0.0,0.0,0.0,1.0,V2_TQQQ_TO_QQQM_OVERLAY,-0.39163924508289943,0.9575606302663138,-0.5656534347016178,1.0200245434575639,-0.41024647988085067,1.7899332781078627,-1.0626206164064933,0.010335602806604977,0.3073009347438324,-0.7396740668569738,-0.2517319572644009,1.44893432899053,0.6430992235136709,0.020387305714934856,0.023380157284192515,-0.008198575731367175,0.026096264972803374,0.016958206402254428,-0.00015734557528357396,0.0,hybrid,off,0.007253219797301558,0.010800380327366287,0.30000000000000004,0.30000000000000004,0.03163821411388158,0.03414455073329162,0.7,0.5075,0.007253219797301558,0.007923512238487978,0.0,0.0,0.007253219797301558,0.007253219797301558,0.0,0.0,0.007429307412933842,0.006663258908720791,0.0,0.0,0.007253219797301558,0.008327179764166276,0.0,0.0,0.007253219797301558,0.007253219797301558,0.0,0.0,0.007253219797301558,0.007253219797301558,0.0,0.0,0.007253219797301558,0.007253219797301558,0.0,0.0,0.007253219797301558,0.007253219797301558,0.0,0.0,0.007253219797301558,0.007253219797301558,0.0,0.0,0.007253219797301558,0.007253219797301558,0.0,0.0,0.007253219797301558,0.007253219797301558,0.0,0.0,0.007253219797301558,0.007253219797301558,0.0,0.0,0.007253219797301558,0.007253219797301558,0.0,0.0,0.007253219797301558,0.006884458675608959,0.0,0.0,0.0,0.0,0.0,0.0,0.0,0.1925
FULL_UNIVERSE_EXPECTED_RETURNS_RESEARCH,2024-06-21,SOXX,GLD,0.01764387334982341,0.015495749668298716,0.0021481236815246944,1.5,0.0015,0.0,0.595,V2_TQQQ_TO_QQQM_OVERLAY,-0.5524445247058218,1.1492966767976707,-0.4635411611301956,0.7299079778808557,-2.731025132124347,0.8363279257779928,-2.023184509383574,-1.700264071042482,0.4645929461419616,-0.4030382896717211,-0.5223206715629077,3.271811219584094,1.7776702672983782,-0.012532202740737741,0.03887367017552146,-0.03664001362932645,0.006932452015690371,0.03586779530316808,-0.010667552269133185,0.0,hybrid,off,0.00572160390394538,0.00918805002215009,0.0,0.0,0.016947667529718203,0.01764387334982341,0.25,0.25,0.00572160390394538,0.00572160390394538,0.0,0.0,0.006762466745376936,0.006762466745376936,0.0,0.0,0.005922854973552821,0.005003417632114684,0.0,0.0,0.00572160390394538,0.00572160390394538,0.0,0.0,0.00572160390394538,0.00572160390394538,0.0,0.0,0.00572160390394538,0.00572160390394538,0.0,0.0,0.00572160390394538,0.00572160390394538,0.0,0.0,0.00572160390394538,0.00572160390394538,0.0,0.0,0.00572160390394538,0.00572160390394538,0.0,0.0,0.00572160390394538,0.00572160390394538,0.0,0.0,0.00572160390394538,0.00572160390394538,0.0,0.0,0.005721603903945381,0.005721603903945381,0.0,0.0,0.015495749668298716,0.015495749668298716,0.75,0.75,0.00572160390394538,0.005164092368575026,0.0,0.0,0.0,0.0,0.0,0.0,0.0,0.0
FULL_UNIVERSE_EXPECTED_RETURNS_RESEARCH,2024-07-08,SOXX,QQQM,0.018184743979745004,0.012413441706911804,0.0057713022728331995,1.5,0.0015,0.0,0.68,V2_TQQQ_TO_QQQM_OVERLAY,-0.32847173329756685,1.1881820393878888,-1.1211465682815995,0.29106717691614653,-0.638731580333495,0.2896335553308266,-1.191131029513594,-0.5885810901770132,0.0061137820819894455,-0.9832658943286852,-0.41313482981255867,2.00270075537965,0.75316182591515,0.05254838776745818,0.039274579245104135,0.0,0.038506367776788064,0.037927196392566476,0.0,0.0,hybrid,off,0.009571370145070191,0.012413441706911804,0.30000000000000004,0.30000000000000004,0.01682909563372442,0.018184743979745004,0.7,0.7,0.009756024978686894,0.010587752406258416,0.0,0.0,0.010062417256378308,0.010062417256378308,0.0,0.0,0.009756024978686896,0.008805479347176584,0.0,0.0,0.009756024978686896,0.009756024978686896,0.0,0.0,0.009756024978686896,0.009756024978686896,0.0,0.0,0.009756024978686896,0.009756024978686896,0.0,0.0,0.009756024978686896,0.009756024978686896,0.0,0.0,0.009756024978686897,0.009756024978686897,0.0,0.0,0.009756024978686896,0.009756024978686896,0.0,0.0,0.009756024978686894,0.009756024978686894,0.0,0.0,0.009756024978686896,0.009756024978686896,0.0,0.0,0.009756024978686896,0.009756024978686896,0.0,0.0,0.009953616245905537,0.009953616245905537,0.0,0.0,0.009756024978686896,0.009748688440188509,0.0,0.0,0.0,0.0,0.0,0.0,0.0,0.0
FULL_UNIVERSE_EXPECTED_RETURNS_RESEARCH,2024-07-22,XLV,FEZ,0.010532024835976686,0.009709562979242156,0.0008224618567345306,2.0,0.002,0.0,0.028322,V2_TQQQ_TO_QQQM_OVERLAY,-0.26055002740275657,-1.3036390725365972,0.9522991162747516,-1.3508201599879806,-1.8189003507660195,-1.936444620727896,-0.5286351966461329,-1.540024099447637,-1.0219817343348685,0.5636937689948079,-0.042223239234740695,-0.033938213673971984,0.3605567183055175,-0.05357825739917166,-0.05142710948748763,-0.07250735075018899,-0.027962615268957713,-0.030336999639502094,-0.04111117993011315,4.0,hybrid,off,0.009752999083042769,0.00786206684227973,0.0,0.0,0.009046156696522388,0.006951098640717935,0.0,0.0,0.008246149810663635,0.006341551578114131,0.0,0.0,0.009709562979242156,0.009709562979242156,0.4,0.4,0.009709562979242156,0.009709562979242156,0.0,0.0,0.009709562979242156,0.008090654481575078,0.0,0.0,0.00967495563132941,0.007960817222034856,0.0,0.0,0.00967495563132941,0.008203803571804266,0.0,0.0,0.00967495563132941,0.010532024835976686,0.6,0.6,0.00967495563132941,0.00967495563132941,0.0,0.0,0.009709562979242156,0.009709562979242156,0.0,0.0,0.00967495563132941,0.00967495563132941,0.0,0.0,0.009709562979242156,0.009709562979242156,0.0,0.0,0.00967495563132941,0.00967495563132941,0.0,0.0,0.009709562979242156,0.009709562979242156,0.0,0.0,0.00967495563132941,0.008277681790875234,0.0,0.0,0.0,0.0,0.0,0.0,0.0,0.0
FULL_UNIVERSE_EXPECTED_RETURNS_RESEARCH,2024-08-05,SOXX,FEZ,0.037318263539567534,0.023316632386329993,0.014001631153237541,2.0,0.002,0.0,0.0,HARD_EXIT_TO_BIL,0.3664470045544008,-3.0,3.0,-3.0,-1.1682603209421845,-1.331059456320613,0.7118736670424519,-0.661739167081614,-1.189047687788186,3.0,0.0,-2.667068978703638,-0.4002413872221826,-0.11241212710108839,-0.17495140827560907,-0.23477349590171903,-0.0604998257226288,-0.0963777243435906,-0.1335267023069595,6.0,hybrid,off,0.025563077640072342,0.018957632768250018,0.0,0.0,0.043918263539567536,0.037318263539567534,0.25,0.0,0.02606307269901584,0.02006307269901584,0.0,0.0,0.023316632386329993,0.023316632386329993,0.30000000000000004,0.0,0.024478100567795334,0.022810994576904137,0.0,0.0,0.017635830281783532,0.012535830281783532,0.0,0.0,0.024871965388496894,0.02118046218939878,0.0,0.0,0.022258763700199587,0.018358763700199586,0.0,0.0,0.011470732537062388,0.009370732537062389,0.0,0.0,0.011191074681045824,0.011191074681045824,0.0,0.0,0.019715987410916312,0.019715987410916312,0.0,0.0,0.020104632874473827,0.020104632874473827,0.0,0.0,0.010521113418635666,0.010521113418635666,0.0,0.0,0.01092579282272998,0.01092579282272998,0.0,0.0,0.014017324272124989,0.014017324272124989,0.0,0.0,0.02338502023102471,0.019865152028292067,0.0,0.0,0.44999999999999996,1.0,0.0,0.0,0.0,0.0
FULL_UNIVERSE_EXPECTED_RETURNS_RESEARCH,2024-08-19,SOXX,IWM,0.009022385939611334,0.008862424057671011,0.00015996188194032299,2.0,0.002,0.0,0.0952,V2_TQQQ_TO_QQQM_OVERLAY,0.2547938026614902,-0.5611052083744429,-0.061516060111816984,-0.6447959063737072,-0.3627783859782255,-2.1270593807904423,-0.027804630276174733,-0.7530093887806721,-1.2057355804695415,0.27272569577492856,0.43658616318687055,-0.1789867859110789,-0.1319984955913741,0.10403761556453905,0.1575114571576579,-0.044996802367226696,0.06598148877147825,0.10431556744491832,-0.00211585390262381,0.0,hybrid,off,0.008644130976077576,0.00879853824205197,0.0,0.0,0.009022385939611334,0.009022385939611334,0.5,0.5,0.008644130976077576,0.008862424057671011,0.5,0.5,0.007002088023917912,0.007002088023917912,0.0,0.0,0.006979887453282359,0.00748947505860534,0.0,0.0,0.005677514408751402,0.005677514408751402,0.0,0.0,0.006686328949126436,0.006686328949126436,0.0,0.0,0.005677514408751403,0.006321394605721918,0.0,0.0,0.005677514408751403,0.005677514408751403,0.0,0.0,0.005677514408751403,0.005677514408751403,0.0,0.0,0.005677514408751403,0.005677514408751403,0.0,0.0,0.005677514408751403,0.005677514408751403,0.0,0.0,0.005677514408751403,0.005677514408751403,0.0,0.0,0.005677514408751403,0.005677514408751403,0.0,0.0,0.005677514408751402,0.005677514408751402,0.0,0.0,0.007002088023917912,0.007400275182749263,0.0,0.0,0.0,0.0,0.0,0.0,0.0,0.0
FULL_UNIVERSE_EXPECTED_RETURNS_RESEARCH,2024-09-03,XLF,XSOE,0.0017765279165457132,0.0016811949478337264,9.533296871198677e-05,2.0,0.002,0.0,0.0952,V2_TQQQ_TO_QQQM_OVERLAY,-0.23085621233979364,-0.36368501717477686,-0.047253845843375886,-0.24252310909036698,-0.6357462817157907,-1.4999214128436118,-0.1522837352152475,-0.7756127793364052,-1.0117188867606706,-0.3466398717413278,0.11635737260230533,0.15180264743303873,0.07218005012247289,-0.06166222441553537,-0.09210761203226814,-0.09280199814770485,-0.028369822369009423,-0.04033935414098455,-0.04290028615520747,5.0,hybrid,off,0.00136669089709492,0.0014248695833960728,0.0,0.0,-0.005638888207065535,-0.005638888207065535,0.0,0.0,0.0012925601553454911,0.0013507388416466439,0.0,0.0,0.0015997447870121128,0.0015997447870121128,0.0,0.0,0.0015997447870121128,0.0015997447870121128,0.0,0.0,0.0016485348066831774,0.0016485348066831774,0.0,0.0,0.0015997447870121128,0.0015997447870121128,0.0,0.0,0.0016485348066831774,0.0017765279165457132,0.6,0.6,0.0016485348066831774,0.0016485348066831774,0.0,0.0,0.0016485348066831774,0.0016485348066831774,0.0,0.0,0.0016485348066831774,0.0016485348066831774,0.0,0.0,0.0016485348066831774,0.0016485348066831774,0.0,0.0,0.0015997447870121128,0.0015997447870121128,0.0,0.0,0.0016485348066831774,0.0016485348066831774,0.0,0.0,0.0015997447870121128,0.0015997447870121128,0.0,0.0,0.0015997447870121128,0.0016811949478337264,0.4,0.4,0.0,0.0,0.0,0.0,0.0,0.0
FULL_UNIVERSE_EXPECTED_RETURNS_RESEARCH,2024-09-17,XLV,XLE,0.00757624940027977,0.006872761224873183,0.0007034881754065863,2.0,0.002,0.0,0.028322,V2_TQQQ_TO_QQQM_OVERLAY,-0.4834258868523189,-1.224332621903458,0.8354957203028976,-1.3364012658320816,0.2626214018371047,-0.6690127446858962,0.5120656882812433,0.1156983699810177,-1.6566593920673904,0.48661483092416274,-0.03605631585339905,-1.5228364628463809,-0.5795035895866694,0.047585029911381804,0.031147430573354562,-0.06454511136872432,0.03269225408421206,0.025357633458537476,-0.018630502428260143,1.0,hybrid,off,0.007014883485847716,0.004531019037517685,0.0,0.0,0.0027126014782104997,0.0008745108935441248,0.0,0.0,0.0070593599454111125,0.0053883685048053175,0.0,0.0,0.006824303252007162,0.006824303252007162,0.0,0.0,0.006872761224873183,0.006872761224873183,0.4,0.4,0.006824303252007162,0.005403960527492236,0.0,0.0,0.006824303252007162,0.00654936860733693,0.0,0.0,0.006824303252007162,0.005528830281986153,0.0,0.0,0.006824303252007162,0.00757624940027977,0.6,0.6,0.006824303252007162,0.006824303252007162,0.0,0.0,0.006824303252007161,0.006824303252007161,0.0,0.0,0.006824303252007162,0.006824303252007162,0.0,0.0,0.006824303252007161,0.006824303252007161,0.0,0.0,0.006824303252007162,0.006824303252007162,0.0,0.0,0.006824303252007162,0.006824303252007162,0.0,0.0,0.006824303252007162,0.006011459402172481,0.0,0.0,0.0,0.0,0.0,0.0,0.0,0.0
FULL_UNIVERSE_EXPECTED_RETURNS_RESEARCH,2024-10-01,XLB,XLI,0.009609313924314073,0.00868634280962697,0.0009229711146871034,2.0,0.002,0.0,0.08092,V2_TQQQ_TO_QQQM_OVERLAY,-0.0984718189680592,-0.4692106947924395,0.48499047240756377,-0.8837103862403749,1.493754145153061,0.10605425143419554,0.9053031380569875,1.0126042968303408,-1.5127363861899836,0.6312641975682194,-0.14200287195120204,-1.5886045405489226,-0.759166535366328,-0.011371424932563268,0.02055757973056771,-0.05202378209930103,-0.008410856138990175,0.01775110456577078,-0.016779090891362647,0.0,hybrid,off,0.0061133180979371345,0.003942740881565555,0.0,0.0,0.00783730814284488,0.006770329103548239,0.0,0.0,0.006028643421538332,0.0050586624767232045,0.0,0.0,0.006157637566169466,0.006157637566169466,0.0,0.0,0.006269646419242793,0.006269646419242793,0.0,0.0,0.006028643421538332,0.009609313924314073,0.6,0.6,0.006028643421538332,0.00868634280962697,0.4,0.4,0.006028643421538332,0.005485920042504892,0.0,0.0,0.006028643421538332,0.00646513484670514,0.0,0.0,0.006028643421538332,0.006028643421538332,0.0,0.0,0.006028643421538332,0.006028643421538332,0.0,0.0,0.006028643421538332,0.006028643421538332,0.0,0.0,0.006028643421538332,0.006028643421538332,0.0,0.0,0.006028643421538332,0.006028643421538332,0.0,0.0,0.006028643421538332,0.006028643421538332,0.0,0.0,0.00615693907122767,0.008145102536468836,0.0,0.0,0.0,0.0,0.0,0.0,0.0,0.0
FULL_UNIVERSE_EXPECTED_RETURNS_RESEARCH,2024-10-15,XLE,SOXX,0.014008113451686758,0.013942087355817282,6.602609586947583e-05,2.0,0.002,0.0,0.1904,V2_TQQQ_TO_QQQM_OVERLAY,0.31084010880231117,0.06258936137999152,0.20728182094159292,-0.12133762821916848,-0.08062268678930296,-0.34110463186022794,0.09730212794290043,-0.0974910186590757,-0.02944541459101524,-0.7476761143375024,-0.7043780535999198,0.08684227916744375,0.13501809587710342,-0.023032148452970524,0.014411237848049874,-0.05187664619919374,0.003178089275660323,0.019993842950754237,-0.013333304241137989,0.0,hybrid,off,0.012980050013628655,0.012296912257326504,0.0,0.0,0.014354294808922792,0.013942087355817282,0.4,0.4,0.012980050013628655,0.01256548637174547,0.0,0.0,0.013229627310431863,0.013229627310431863,0.0,0.0,0.01343650472318613,0.014008113451686758,0.6,0.6,0.013021069729246796,0.012668690633646089,0.0,0.0,0.012980050013628655,0.012606942735933787,0.0,0.0,0.012980050013628655,0.012586214553839629,0.0,0.0,0.012980050013628655,0.01316660365247609,0.0,0.0,0.012980050013628655,0.012980050013628655,0.0,0.0,0.012980050013628655,0.012980050013628655,0.0,0.0,0.012980050013628655,0.012980050013628655,0.0,0.0,0.013021069729246796,0.013021069729246796,0.0,0.0,0.01306391710518598,0.01306391710518598,0.0,0.0,0.012980050013628655,0.012980050013628655,0.0,0.0,0.013465718192997486,0.012864650485832914,0.0,0.0,0.0,0.0,0.0,0.0,0.0,0.0
FULL_UNIVERSE_EXPECTED_RETURNS_RESEARCH,2024-10-29,XLE,TLT,0.01289056359973111,0.012411391212109346,0.00047917238762176274,0.8,0.0008,0.0,0.1904,V2_TQQQ_TO_QQQM_OVERLAY,-0.44837632278363976,0.25954543765666577,-0.038580155056942816,-0.0466426357800936,-0.6635289672328311,0.09617481769532157,-0.6497213905390278,-0.5123618463699993,0.34116672333890646,-0.19687205459964077,-0.3427226277895902,0.8653332607446745,0.5037678944240276,0.031962453016112,0.03523062410547784,-0.018473668715812686,0.008328821224957705,0.01876044934121257,0.0,0.0,hybrid,off,0.011086000926918724,0.011605091802232056,0.0,0.0,0.012182699615063205,0.012364381421422871,0.0,0.0,0.011236229217759046,0.011417911024118712,0.0,0.0,0.01113675269749436,0.01113675269749436,0.0,0.0,0.013098199949856441,0.01289056359973111,0.6,0.6,0.01113675269749436,0.01113675269749436,0.0,0.0,0.011086000926918724,0.011086000926918724,0.0,0.0,0.011086000926918723,0.011086000926918723,0.0,0.0,0.01128698098833468,0.01128698098833468,0.0,0.0,0.011086000926918724,0.011086000926918724,0.0,0.0,0.011086000926918723,0.011086000926918723,0.0,0.0,0.011086000926918723,0.011086000926918723,0.0,0.0,0.012411391212109346,0.012411391212109346,0.4,0.4,0.01128698098833468,0.01128698098833468,0.0,0.0,0.011086000926918724,0.011086000926918724,0.0,0.0,0.011086000926918724,0.010676600858912037,0.0,0.0,0.0,0.0,0.0,0.0,0.0,0.0
FULL_UNIVERSE_EXPECTED_RETURNS_RESEARCH,2024-11-12,FEZ,XLF,0.01059641209272262,0.009642399541424821,0.0009540125512977997,2.0,0.002,0.0,0.0952,V2_TQQQ_TO_QQQM_OVERLAY,-0.6436116243789731,-0.6476991740908793,-0.790292984785703,-1.7884487774417057,-1.0470731700001452,-0.42497736867672103,-0.7850502749241592,-0.9815454295149023,1.8319894626412614,-0.1603121299067896,0.46361170520233475,0.2847312734628357,-0.1452784298365798,0.005588896234486329,-0.05208825924500338,-0.05208825924500338,0.042205618523680544,0.025849170730261495,-0.0023153467979080133,1.0,hybrid,off,0.009056981067208723,0.00928878691980989,0.0,0.0,0.007472073678836454,0.007472073678836454,0.0,0.0,0.009132381664195447,0.008264993839211856,0.0,0.0,0.01059641209272262,0.01059641209272262,0.6,0.6,0.009195764719513638,0.009195764719513638,0.0,0.0,0.008967800798169407,0.008235005013112903,0.0,0.0,0.008933986382404946,0.008384389543612567,0.0,0.0,0.009132381664195447,0.009642399541424821,0.4,0.4,0.009065852748212302,0.009065852748212302,0.0,0.0,0.008904417742851216,0.008904417742851216,0.0,0.0,0.00899555552338903,0.00899555552338903,0.0,0.0,0.00899555552338903,0.00899555552338903,0.0,0.0,0.009216779744102843,0.009216779744102843,0.0,0.0,0.009129235803530495,0.009129235803530495,0.0,0.0,0.00899555552338903,0.00899555552338903,0.0,0.0,0.009056981067208723,0.007183121905680844,0.0,0.0,0.0,0.0,0.0,0.0,0.0,0.0
FULL_UNIVERSE_EXPECTED_RETURNS_RESEARCH,2024-11-26,SOXX,FEZ,0.012554678209160569,0.011788397840176688,0.000766280368983881,1.0,0.001,0.0,0.0952,V2_TQQQ_TO_QQQM_OVERLAY,0.3321181452232668,-1.0449797631348765,-0.45434404323665256,-1.738878940607631,-1.3660165813326328,-0.6419310752223129,-0.5253293594439274,-1.1055191123287211,2.551794770498545,-0.5046767026414968,0.37754598474696516,-0.06437782361465966,-0.22036431146345684,0.0051317246650339765,-0.03433280336139821,-0.08463272664430532,0.011678887034554553,-0.007104660564226983,-0.00940355760904732,1.0,hybrid,off,0.00934871740669427,0.009205372253844485,0.0,0.0,0.012554678209160569,0.012554678209160569,0.5,0.5,0.009611402526949349,0.008269098657023704,0.0,0.0,0.011788397840176688,0.011788397840176688,0.5,0.5,0.009348717406694268,0.010012953697140801,0.0,0.0,0.00934871740669427,0.008327999498494852,0.0,0.0,0.00934871740669427,0.008583178975544706,0.0,0.0,0.009611402526949349,0.01002670311017101,0.0,0.0,0.009545125094215597,0.009545125094215597,0.0,0.0,0.00934871740669427,0.00934871740669427,0.0,0.0,0.00934871740669427,0.00934871740669427,0.0,0.0,0.00934871740669427,0.00934871740669427,0.0,0.0,0.009545125094215597,0.009545125094215597,0.0,0.0,0.009504876852525027,0.009504876852525027,0.0,0.0,0.009566183417677657,0.009566183417677657,0.0,0.0,0.00934871740669427,0.006351574984284931,0.0,0.0,0.0,0.0,0.0,0.0,0.0,0.0
FULL_UNIVERSE_EXPECTED_RETURNS_RESEARCH,2024-12-11,SOXX,QQQM,-0.008847843257149485,-0.009240555744184378,0.00039271248703489324,2.0,0.002,0.0,0.0,HARD_EXIT_TO_BIL,-0.5764076375401788,0.10778462988677712,-0.71621978498957,-0.730824555096614,0.023306169684292805,-0.3118555273982534,-0.5662526392999011,-0.23219112159310717,2.0678033109036913,0.29488766537441174,0.3904667102416917,0.38024809529404213,-0.05833905681940274,-0.016972010806533655,0.016198614364950625,-0.018690332838166457,0.012815241728063143,0.0405476747332314,0.0,0.0,hybrid,off,-0.009857779724840867,-0.009240555744184378,0.0,0.0,-0.008923292498070228,-0.008847843257149485,0.0,0.0,-0.009795774007490928,-0.010765773397991554,0.0,0.0,-0.009249554193619168,-0.009249554193619168,0.0,0.0,-0.00981469958267327,-0.009900927286582692,0.0,0.0,-0.009734323474836902,-0.010561444799198379,0.0,0.0,-0.00985777972484087,-0.010478120718111977,0.0,0.0,-0.009857779724840867,-0.009251253745380328,0.0,0.0,-0.009355868357150446,-0.009355868357150446,0.0,0.0,-0.00985777972484087,-0.00985777972484087,0.0,0.0,-0.00985777972484087,-0.00985777972484087,0.0,0.0,-0.00985777972484087,-0.00985777972484087,0.0,0.0,-0.009734323474836902,-0.009734323474836902,0.0,0.0,-0.009770520556199527,-0.009770520556199527,0.0,0.0,-0.009857779724840867,-0.009857779724840867,0.0,0.0,-0.00985777972484087,-0.011763128230424276,0.0,0.0,1.0,1.0,0.0,0.0,0.0,0.0
FULL_UNIVERSE_EXPECTED_RETURNS_RESEARCH,2024-12-26,QQQM,SOXX,-0.004681794176501736,-0.0061074380777954435,0.001425643901293707,0.0,0.0,0.0,0.0,HARD_EXIT_TO_BIL,-0.3254857171713471,1.1249707576826913,-1.019727940179889,0.32950266901243874,0.012141103981494122,-1.116113257287019,-1.0793299022538043,-0.6410133784133893,2.505823134451341,0.11674517756804208,0.11788110578743818,1.7234485747217607,0.6261779687611007,0.03682924088229256,0.022574254610822075,-0.015641858480404003,0.02688569915677097,0.0010405642804804938,-0.01423419780732127,0.0,hybrid,off,-0.007599602139478369,-0.004681794176501736,0.0,0.0,-0.007488022412395717,-0.0061074380777954435,0.0,0.0,-0.007599602139478369,-0.008256675936877572,0.0,0.0,-0.007599602139478369,-0.007599602139478369,0.0,0.0,-0.007599602139478369,-0.008499578745624523,0.0,0.0,-0.007599602139478369,-0.008601931393258907,0.0,0.0,-0.007599602139478369,-0.008351349079813771,0.0,0.0,-0.007599602139478369,-0.007398065817353376,0.0,0.0,-0.007599602139478369,-0.007599602139478369,0.0,0.0,-0.007599602139478369,-0.007599602139478369,0.0,0.0,-0.007599602139478369,-0.007599602139478369,0.0,0.0,-0.007599602139478368,-0.007599602139478368,0.0,0.0,-0.007599602139478369,-0.007599602139478369,0.0,0.0,-0.007599602139478369,-0.007599602139478369,0.0,0.0,-0.007599602139478369,-0.007599602139478369,0.0,0.0,-0.007599602139478369,-0.010399576700587145,0.0,0.0,1.0,1.0,0.0,0.0,0.0,0.0
FULL_UNIVERSE_EXPECTED_RETURNS_RESEARCH,2025-01-13,XLE,SOXX,0.025623396266656814,0.02496373906562177,0.0006596572010350438,2.0,0.002,0.0,0.5057499999999999,V2_TQQQ_TO_QQQM_OVERLAY,1.438782396011847,0.5738642618481282,0.4838695906019519,0.9832543171617449,0.9392503811201636,0.06277916931974967,0.3224430100803354,0.5449869467585697,2.0067167933562673,1.430441927218527,0.14911426974005582,-0.011511337381537645,0.18664103381185818,-0.022205156651292413,-0.02684199938984666,-0.04971377313564107,-0.024922706338566636,-0.045404451799195944,-0.05899235365827449,3.0,hybrid,off,0.019686269380025847,0.018580950048028406,0.0,0.0,0.023856689410761234,0.02496373906562177,0.4,0.4,0.019936574055721374,0.018241066916667426,0.0,0.0,0.018597421533348948,0.018597421533348948,0.0,0.0,0.01888857569607608,0.025623396266656814,0.6,0.6,0.01877954505010237,0.01979576251643887,0.0,0.0,0.018721174397463694,0.0172481940963733,0.0,0.0,0.018845419307759514,0.01895128293885172,0.0,0.0,0.018448546868263957,0.018884029499805714,0.0,0.0,0.01818408296028202,0.01818408296028202,0.0,0.0,0.018530151657278535,0.018530151657278535,0.0,0.0,0.019673460782775397,0.019673460782775397,0.0,0.0,0.018184082960282014,0.018184082960282014,0.0,0.0,0.018141934885181843,0.018141934885181843,0.0,0.0,0.018689805236038807,0.018689805236038807,0.0,0.0,0.01834876350822748,0.017004273070495925,0.0,0.0,0.0,0.0,0.0,0.0,0.0,0.0
FULL_UNIVERSE_EXPECTED_RETURNS_RESEARCH,2025-01-28,XLE,SOXX,0.007673297737160386,0.006565815948787157,0.0011074817883732282,0.0,0.0,0.0,0.056644,V2_TQQQ_TO_QQQM_OVERLAY,1.0063684557420576,-0.9726285194643637,0.7489738469734553,-0.8210217678893739,0.6934936122809999,-0.26712229462495424,0.8147365639596019,0.5321062407220998,0.9065953525218536,0.9095447155154446,0.2679161463039438,-1.6520715847872591,-0.6916534120829734,-0.08152290193158784,-0.018526260793460758,-0.09461012772745281,-0.005969500104817338,0.032045750503666426,-0.020518877850194905,2.0,hybrid,off,0.003138328643813964,-0.0005051271998388952,0.0,0.0,0.00821355841212876,0.006565815948787157,0.4,0.4,0.003704197081786494,0.0023402074609915552,0.0,0.0,0.0028712762923332026,0.0028712762923332026,0.0,0.0,0.0026414554584500973,0.007673297737160386,0.6,0.6,0.0030721267781470235,0.0025438199753030893,0.0,0.0,0.0028712762923332026,0.004807762425745007,0.0,0.0,0.00300322575896741,0.0024224150402666258,0.0,0.0,0.0029797135172531064,0.003653789979529216,0.0,0.0,0.002877744141166471,0.002877744141166471,0.0,0.0,0.0033981855738647085,0.0033981855738647085,0.0,0.0,0.0033981855738647085,0.0033981855738647085,0.0,0.0,0.0034397196595275323,0.0034397196595275323,0.0,0.0,0.0027781883319934796,0.0027781883319934796,0.0,0.0,0.0028712762923332026,0.0028712762923332026,0.0,0.0,0.0030721267781470235,0.001998164913754915,0.0,0.0,0.0,0.0,0.0,0.0,0.0,0.0
FULL_UNIVERSE_EXPECTED_RETURNS_RESEARCH,2025-02-11,SOXX,XLI,0.015254384627042514,0.011228501720222571,0.0040258829068199435,1.2000000000000002,0.0012000000000000001,0.0,0.136,V2_TQQQ_TO_QQQM_OVERLAY,0.21756035827114822,-0.30292803037640764,-0.3646458688427757,-0.5049451126714243,0.554789776768351,0.5036595390396766,0.5911853664115394,0.6125582243183378,0.7201260345934813,-0.5888539069960973,0.12067438938542258,-0.89067522016237,-0.6802634796345324,0.016173701229114545,0.029976590853233898,-0.06746962596367712,0.0067145388550280405,0.012057101838505835,-0.008709174211540827,1.0,hybrid,off,0.009410694088127978,0.008307574338291077,0.0,0.0,0.015254384627042514,0.015254384627042514,0.5,0.5,0.008519310477616993,0.008579647672309704,0.0,0.0,0.008415223138430994,0.008415223138430994,0.0,0.0,0.009494986947912686,0.009930107664454983,0.0,0.0,0.009140579406882333,0.010300356644351812,0.0,0.0,0.008874609035463396,0.011228501720222571,0.5,0.5,0.00882935296315428,0.008963654792851538,0.0,0.0,0.008938038772388891,0.008938038772388891,0.0,0.0,0.008885806974529847,0.008885806974529847,0.0,0.0,0.009461028400006904,0.009461028400006904,0.0,0.0,0.009167460879429606,0.009167460879429606,0.0,0.0,0.008938038772388891,0.008938038772388891,0.0,0.0,0.00886334059582302,0.00886334059582302,0.0,0.0,0.00898872987438906,0.00898872987438906,0.0,0.0,0.009187672874375705,0.009165121133299996,0.0,0.0,0.0,0.0,0.0,0.0,0.0,0.0
FULL_UNIVERSE_EXPECTED_RETURNS_RESEARCH,2025-02-26,XLB,XSOE,0.0069069669888391725,0.0053044958164115245,0.001602471172427648,2.0,0.002,0.0,0.595,V2_TQQQ_TO_QQQM_OVERLAY,-0.7214266172683105,0.5906351172562821,-0.17461616318644196,0.74649160259673,1.3162115876855676,1.0949756702622049,0.5533771193258628,1.11517540278588,-0.5216974951441197,1.1014047899094375,0.5079292421832435,-0.38822174178849805,-0.3027795103476756,-0.054613249570560574,-0.008913100644073357,-0.05682256283021869,-0.04601541193269865,-0.02539101720726189,-0.04601541193269865,3.0,hybrid,off,0.0018517424956678518,0.004366943877442032,0.0,0.0,0.0007871222358264078,0.0025442517025799196,0.0,0.0,0.0018918962091358919,0.0025593054123069113,0.0,0.0,0.0018517424956678518,0.0018517424956678518,0.0,0.0,0.0015081159137595311,0.0010356078199545054,0.0,0.0,0.0020563128474104827,0.0069069669888391725,0.6,0.6,0.0018517424956678518,0.004449339004814527,0.0,0.0,0.0018517424956678518,0.003071587537178565,0.0,0.0,0.001931522286519245,0.001931522286519245,0.0,0.0,0.0018517424956678518,0.0018517424956678518,0.0,0.0,0.0018517424956678518,0.0018517424956678518,0.0,0.0,0.0018517424956678518,0.0018517424956678518,0.0,0.0,0.001931522286519245,0.001931522286519245,0.0,0.0,0.0018517424956678518,0.0018517424956678518,0.0,0.0,0.0018517424956678518,0.0018517424956678518,0.0,0.0,0.0018517424956678518,0.0053044958164115245,0.4,0.4,0.0,0.0,0.0,0.0,0.0,0.0
FULL_UNIVERSE_EXPECTED_RETURNS_RESEARCH,2025-03-12,SOXX,QQQM,0.030441529267159463,0.0191465299316507,0.011294999335508763,2.0,0.002,0.0,0.01666,V2_TQQQ_TO_QQQM_OVERLAY,-0.11019599277512115,-0.7565626253647483,1.4047692685234257,-0.35337827623885576,1.362708977421397,2.1167396767439763,1.0491207920439363,1.5159690974035398,-1.0481555970828094,3.0,0.6751042187218946,-2.063156779897784,-0.6759863605293001,-0.05105741267626618,-0.10030280806838798,-0.1514259082850934,-0.04965150698995957,-0.07315446907628043,-0.1158036479797162,6.0,hybrid,off,0.02175901733401627,0.0191465299316507,0.30000000000000004,0.13043478260869568,0.033532021657911,0.030441529267159463,0.25,0.10869565217391305,0.01584201429001401,0.013370027862328108,0.0,0.0,0.012262843031491728,0.012262843031491728,0.0,0.0,0.013627918053106806,0.013627918053106806,0.0,0.0,0.013641907511512672,0.013979217709865642,0.0,0.0,0.01410815489210767,0.01409746010967095,0.0,0.0,0.014062365006018762,0.013936523035483735,0.0,0.0,0.010259133099064793,0.010259133099064793,0.0,0.0,0.012004065287330327,0.012004065287330327,0.0,0.0,0.012924864676486226,0.012924864676486226,0.0,0.0,0.012402604405320695,0.012402604405320695,0.0,0.0,0.01131042602542119,0.01131042602542119,0.0,0.0,0.010111446661774489,0.010111446661774489,0.0,0.0,0.011279838968050026,0.011279838968050026,0.0,0.0,0.012610904138639877,0.015154272918572586,0.0,0.0,0.44999999999999996,0.7608695652173914,0.0,0.0,0.0,0.0
FULL_UNIVERSE_EXPECTED_RETURNS_RESEARCH,2025-03-26,XLB,IEF,-0.006128438039952968,-0.008881337986014152,0.002752899946061184,0.4782608695652174,0.0004782608695652174,0.0,0.0,HARD_EXIT_TO_BIL,1.2088794586628693,-0.5151910142449385,0.13732222281925385,-0.31862548359553283,2.4912103262089738,2.454324975986116,1.5856583702988105,2.241978771973487,-1.16907958141071,1.288656389432154,0.8628842443439952,-2.6022271119029345,-1.5064073780140592,-0.02284468748612445,0.013482750096282414,-0.0881724156672471,0.008842705979598797,0.017113434557239238,-0.05729295873814766,2.0,hybrid,off,-0.03395072472283902,-0.03669272931397168,0.0,0.0,-0.03719397340372685,-0.03749608229392921,0.0,0.0,-0.035062429563553106,-0.03490563188701962,0.0,0.0,-0.03199949158748656,-0.03199949158748656,0.0,0.0,-0.03311924870496739,-0.027074851411653042,0.0,0.0,-0.015488776179932735,-0.006128438039952968,0.0,0.0,-0.030319265677827556,-0.024037224336999254,0.0,0.0,-0.03011136308957763,-0.028649168811679077,0.0,0.0,-0.01111847574551879,-0.010994885744981461,0.0,0.0,-0.010380829398974044,-0.010380829398974044,0.0,0.0,-0.024277115798249913,-0.024277115798249913,0.0,0.0,-0.027827430888839117,-0.027827430888839117,0.0,0.0,-0.010867609338633274,-0.010867609338633274,0.0,0.0,-0.008881337986014152,-0.008881337986014152,0.0,0.0,-0.008932359570020865,-0.008932359570020865,0.0,0.0,-0.0304444823646798,-0.02569470824205193,0.0,0.0,1.0,1.0,0.0,0.0,0.0,0.0
FULL_UNIVERSE_EXPECTED_RETURNS_RESEARCH,2025-04-09,SOXX,XLE,0.033641101715863,0.03303684131099829,0.0006042604048647135,0.0,0.0,0.0,0.0,HARD_EXIT_TO_BIL,-0.1709725892243116,-0.17923650363671953,0.30514803300027654,-0.2941170361499445,-1.4806879293115387,0.425250457902877,-0.8842863199440159,-0.8917717268096379,-1.726290272916761,0.06760045169566677,-0.23916982159069589,0.8865901915205208,0.6540133281124231,-0.030926775959297048,-0.07482240002625751,-0.10560150160438242,-0.022857249422860493,-0.03961482232903635,-0.05715553747713842,6.0,hybrid,off,0.03273683339344982,0.032051798430436124,0.0,0.0,0.03431242738846361,0.033641101715863,0.5,0.0,0.03328460556084006,0.0326743094948395,0.0,0.0,0.032872524183738,0.032872524183738,0.0,0.0,0.03303684131099829,0.03303684131099829,0.5,0.0,0.032872524183738,0.03235377252763753,0.0,0.0,0.03303684131099829,0.03248757485159779,0.0,0.0,0.032872524183738,0.03233416319171155,0.0,0.0,0.026655070869937507,0.026929704099637755,0.0,0.0,0.026136903673357414,0.026136903673357414,0.0,0.0,0.030861293503037384,0.030861293503037384,0.0,0.0,0.0327854740219046,0.0327854740219046,0.0,0.0,0.015855064783205527,0.015855064783205527,0.0,0.0,0.010705341758340137,0.010705341758340137,0.0,0.0,0.017971197194510694,0.017971197194510694,0.0,0.0,0.0327854740219046,0.03223601836243014,0.0,0.0,0.0,1.0,0.0,0.0,0.0,0.0
FULL_UNIVERSE_EXPECTED_RETURNS_RESEARCH,2025-04-24,SOXX,XLB,0.08748249032587778,0.040883913911282585,0.046598576414595194,2.0,0.002,0.0,0.0476,V2_TQQQ_TO_QQQM_OVERLAY,-0.5615171204226771,-0.3713154592163328,0.77020089135177,-0.6164340978697173,-0.25887442100299385,1.4815910506092727,0.1350164305777136,0.31326342929390916,-2.1813368662479315,1.4091520468797194,-0.0025264576304360187,-0.45055108387050263,0.0377497062184064,0.09343447832771168,-0.0032131978484970514,-0.07779517869997077,0.051831615851472224,0.00449048352366721,-0.03530222851233067,1.0,hybrid,off,0.040212482634857445,0.039350406928429005,0.0,0.0,0.08917693228685167,0.08748249032587778,0.5,0.5,0.04093201303690336,0.03939161125419982,0.0,0.0,0.038323915762163936,0.038323915762163936,0.0,0.0,0.03982909188240859,0.03982909188240859,0.0,0.0,0.04086573199520356,0.040883913911282585,0.5,0.5,0.040348905647838954,0.03896254404340577,0.0,0.0,0.040601036417978825,0.03998368595154647,0.0,0.0,0.03228997104503633,0.03298315184725292,0.0,0.0,0.013548334839187059,0.013548334839187059,0.0,0.0,0.02493171762787422,0.02493171762787422,0.0,0.0,0.038619762909709754,0.038619762909709754,0.0,0.0,0.013482084001092055,0.013482084001092055,0.0,0.0,0.010885826741429246,0.010885826741429246,0.0,0.0,0.02033058701094649,0.02033058701094649,0.0,0.0,0.038664347683204474,0.03839218274269268,0.0,0.0,0.0,0.0,0.0,0.0,0.0,0.0
FULL_UNIVERSE_EXPECTED_RETURNS_RESEARCH,2025-05-08,SOXX,QQQM,0.059162909810002634,0.040957815970566254,0.01820509383943638,1.0,0.001,0.0,1.0,V2_TQQQ_TO_QQQM_OVERLAY,0.7574355692187418,1.8976053337599632,-1.8486162660652647,2.1352728149599693,-0.42591889944509465,0.5226639458442918,0.047575265592840366,-0.08390466776537296,-1.5581639378289402,-2.8562711640613956,-0.4094882422454116,2.038096294353878,0.48341127018622077,0.044392441244510694,0.04758788581647222,0.0,0.014534490553414381,0.0449630659161433,-0.0010435564624031723,0.0,hybrid,off,0.032085910945231166,0.040957815970566254,0.30000000000000004,0.30000000000000004,0.05399109500944271,0.059162909810002634,0.7,0.595,0.03186442002560471,0.033192743759236684,0.0,0.0,0.03193089383117517,0.03193089383117517,0.0,0.0,0.03198639425003806,0.0342554878291238,0.0,0.0,0.03186442002560471,0.0321360660592286,0.0,0.0,0.03186442002560471,0.03186442002560471,0.0,0.0,0.030999597085876487,0.03100038708583834,0.0,0.0,0.019697086012206197,0.01893804387870221,0.0,0.0,0.01235947464665343,0.01235947464665343,0.0,0.0,0.01268712598230456,0.01268712598230456,0.0,0.0,0.02420431688943884,0.02420431688943884,0.0,0.0,0.012065305589796434,0.012065305589796434,0.0,0.0,0.009252326089368369,0.009252326089368369,0.0,0.0,0.020249930531737858,0.020249930531737858,0.0,0.0,0.02903666939060807,0.028582208049076827,0.0,0.0,0.0,0.0,0.0,0.0,0.0,0.105
FULL_UNIVERSE_EXPECTED_RETURNS_RESEARCH,2025-05-22,QQQM,SOXX,0.013309839302324164,0.00803691313757791,0.005272926164746254,0.8999999999999999,0.0009,0.609097538824875,0.85,V2_TQQQ_TO_QQQM_OVERLAY,0.4570724342771946,1.8456241882748246,-1.4802503684473074,1.8439555291488787,-1.5790346507535529,0.2865123198160234,-0.6303180330980795,-0.9631241780100367,-1.3608119524365696,-1.8564949407540674,-0.3716435256301115,2.877039357388731,1.1341234670543154,-0.035893360474857694,0.07306768626832594,-0.042087572312488275,-0.010055174458627247,0.0529273864414741,-0.015213525102337866,1.0,hybrid,off,0.00380471276773217,0.013309839302324164,0.7,0.33758696439919933,0.004333155026961005,0.00803691313757791,0.25,0.25,0.0037619297117158722,0.005053866643508249,0.0,0.0,0.003677231824405167,0.003677231824405167,0.0,0.0,0.0038894106550428744,0.003327056172977404,0.0,0.0,0.003677231824405167,0.0031956697354001487,0.0,0.0,0.003677231824405167,0.0033620728078561273,0.0,0.0,0.003677231824405167,0.0036788368249010776,0.0,0.0,0.0037509885848001938,0.003012738909490264,0.0,0.0,0.003585405230654674,0.003585405230654674,0.0,0.0,0.003585405230654674,0.003585405230654674,0.0,0.0,0.003677231824405167,0.003677231824405167,0.0,0.0,0.003585405230654674,0.003585405230654674,0.0,0.0,0.003585405230654674,0.003585405230654674,0.0,0.0,0.003788797031267276,0.003788797031267276,0.0,0.0,0.003677231824405167,0.00340298836383885,0.0,0.0,0.050000000000000044,0.050000000000000044,0.3624130356008006,0.0,0.0,0.0
FULL_UNIVERSE_EXPECTED_RETURNS_RESEARCH,2025-06-06,XLE,SOXX,0.012994434640319135,0.0095244265020321,0.0034700081382870347,1.5,0.0015,0.0,0.85,V2_TQQQ_TO_QQQM_OVERLAY,1.654702659950676,1.3172050220839853,-1.1361055087614957,1.4589508122295634,-0.13722598368955233,-0.07120957309912462,-0.0001651098594205834,-0.09920386290470219,-0.847060338330511,-1.3186213550990096,-0.11093478475721275,1.393151957658294,0.3814489710903781,0.060505374177320936,0.05633044642480445,0.0,0.020631451976558468,0.0306609331674792,0.0,0.0,hybrid,off,0.005520468591256383,0.008685513270002092,0.0,0.0,0.005976271524560097,0.0095244265020321,0.4,0.4,0.005447306981678942,0.006369350497137731,0.0,0.0,0.005193090214702382,0.005193090214702382,0.0,0.0,0.005774685358232943,0.012994434640319135,0.6,0.6,0.0051930902147023835,0.005143488283250033,0.0,0.0,0.0051930902147023835,0.0051930076597726735,0.0,0.0,0.0051930902147023835,0.005194480216476218,0.0,0.0,0.005447306981678942,0.004920424972845348,0.0,0.0,0.0051930902147023835,0.0051930902147023835,0.0,0.0,0.005193090214702382,0.005193090214702382,0.0,0.0,0.0051930902147023835,0.0051930902147023835,0.0,0.0,0.0051930902147023835,0.0051930902147023835,0.0,0.0,0.0051930902147023835,0.0051930902147023835,0.0,0.0,0.005519081364923964,0.005519081364923964,0.0,0.0,0.0051930902147023835,0.004200268618731978,0.0,0.0,0.0,0.0,0.0,0.0,0.0,0.0
FULL_UNIVERSE_EXPECTED_RETURNS_RESEARCH,2025-06-23,XLE,SOXX,0.015056306843964811,0.014626082642312663,0.000430224201652148,0.0,0.0,0.0,0.595,V2_TQQQ_TO_QQQM_OVERLAY,1.1631466296984168,0.6860125877093257,-0.2616485464446837,1.2387838071173847,0.25077204895997324,-0.7871056736289611,-0.035646924743554076,-0.06522246118289698,-0.9984095912333899,-0.26419225692484144,0.06293173383162959,0.6460852580955916,0.2829917362794815,0.02736337676009093,0.0444751989298231,-0.0040889638283243546,0.010045635787156337,0.004397333243787216,-0.0039578669001189,0.0,hybrid,off,0.00945851823351679,0.009819882130023189,0.0,0.0,0.011916062978104843,0.014626082642312663,0.4,0.4,0.00949829649347642,0.010009971171788761,0.0,0.0,0.00945851823351679,0.00945851823351679,0.0,0.0,0.009789383765640187,0.015056306843964811,0.6,0.6,0.00945851823351679,0.00945851823351679,0.0,0.0,0.00945851823351679,0.00945851823351679,0.0,0.0,0.00945851823351679,0.009528553141628036,0.0,0.0,0.009790021267916832,0.009790021267916832,0.0,0.0,0.00942256459135895,0.00942256459135895,0.0,0.0,0.00942256459135895,0.00942256459135895,0.0,0.0,0.00942256459135895,0.00942256459135895,0.0,0.0,0.00946234285131858,0.00946234285131858,0.0,0.0,0.00942256459135895,0.00942256459135895,0.0,0.0,0.009539130416572656,0.009539130416572656,0.0,0.0,0.00942256459135895,0.009169964105557997,0.0,0.0,0.0,0.0,0.0,0.0,0.0,0.0
FULL_UNIVERSE_EXPECTED_RETURNS_RESEARCH,2025-07-08,XLB,SOXX,0.009849929392000035,0.009086931527206783,0.0007629978647932523,1.2,0.0012,0.0,0.595,V2_TQQQ_TO_QQQM_OVERLAY,0.24460472758383606,0.801263902121632,-0.3343500698358827,1.4306996220089632,1.4221814765540053,0.5265740633803625,0.476145428374888,1.0184073056955358,-0.8889562692422179,-0.8647169157143815,-0.1839224791384584,-0.14848399776921783,-0.2228304265958838,0.01943858321850822,0.07430128782482925,0.0,0.0011007746682314412,0.039076815268222376,-0.00685822214248788,0.0,hybrid,off,0.0052638517728900575,0.008910894244763826,0.0,0.0,0.005950787476105506,0.009086931527206783,0.4,0.4,0.0052638517728900575,0.0058247365043752,0.0,0.0,0.0052638517728900575,0.0052638517728900575,0.0,0.0,0.005516795032279008,0.0053649933657493746,0.0,0.0,0.0052638517728900575,0.009849929392000035,0.6,0.6,0.0052638517728900575,0.006298575476301042,0.0,0.0,0.0052638517728900575,0.005264676772699322,0.0,0.0,0.0052638517728900575,0.0052638517728900575,0.0,0.0,0.0052638517728900575,0.0052638517728900575,0.0,0.0,0.0052638517728900575,0.0052638517728900575,0.0,0.0,0.0052638517728900575,0.0052638517728900575,0.0,0.0,0.0052638517728900575,0.0052638517728900575,0.0,0.0,0.0052638517728900575,0.0052638517728900575,0.0,0.0,0.0052638517728900575,0.0052638517728900575,0.0,0.0,0.0052638517728900575,0.007392579298826165,0.0,0.0,0.0,0.0,0.0,0.0,0.0,0.0
FULL_UNIVERSE_EXPECTED_RETURNS_RESEARCH,2025-07-22,XLB,XLI,0.009804803131069214,0.008268104738790302,0.001536698392278912,0.8,0.0008,0.0,0.476,V2_TQQQ_TO_QQQM_OVERLAY,-0.8815954938851945,0.45025352485361714,-0.5905122598601876,0.5167369078432127,1.6086746078964078,-0.06706238243423693,0.7556776043323478,1.0332808880883568,0.11102281196688571,-1.0939522701240016,-0.148348946133824,-0.6584843298625518,-0.6312955018616061,-0.011045176664372658,0.0008219380539553622,-0.013808415138297336,0.008203489363803662,0.0162744419665668,-0.005038327824344213,0.0,hybrid,off,0.005140860671952698,0.0056590626072773155,0.0,0.0,0.005423733995856336,0.006669037897371651,0.0,0.0,0.005140860671952698,0.00545603813935023,0.0,0.0,0.005140860671952698,0.005140860671952698,0.0,0.0,0.00530321768365015,0.004943014863767256,0.0,0.0,0.005140860671952698,0.009804803131069214,0.6,0.6,0.005140860671952698,0.008268104738790302,0.4,0.4,0.005140860671952698,0.005141390671685669,0.0,0.0,0.005140860671952698,0.005140860671952698,0.0,0.0,0.005140860671952698,0.005140860671952698,0.0,0.0,0.005140860671952698,0.005140860671952698,0.0,0.0,0.005140860671952698,0.005140860671952698,0.0,0.0,0.005140860671952698,0.005140860671952698,0.0,0.0,0.005140860671952698,0.005140860671952698,0.0,0.0,0.005140860671952698,0.005140860671952698,0.0,0.0,0.005140860671952698,0.007581512670226688,0.0,0.0,0.0,0.0,0.0,0.0,0.0,0.0
FULL_UNIVERSE_EXPECTED_RETURNS_RESEARCH,2025-08-05,XLV,XLE,0.0005524357536577971,0.0003036789448657097,0.0002487568087920874,2.0,0.002,0.0,0.0952,V2_TQQQ_TO_QQQM_OVERLAY,0.07055599783048441,-0.008172764521747849,-0.10475869941568583,-0.06923853543037037,-1.896370338255835,-1.3015709478331505,-0.9633755469571307,-1.569171040181597,0.07428961455817652,0.00727708812169038,0.08195074028309368,1.4471296424535574,0.8263743057058601,-0.03030181134129173,-0.01975034661491959,-0.037184890458414,-0.012588814807508841,-0.001947600564467633,-0.014066426990639092,1.0,hybrid,off,0.00016256694920474082,0.00013808028320098654,0.0,0.0,0.00025804907062759985,0.00025804907062759985,0.0,0.0,0.00016256694920474082,0.00020354231934628766,0.0,0.0,0.00016256694920474074,0.00016256694920474074,0.0,0.0,0.00016256694920474088,0.0003036789448657097,0.4,0.4,0.00016256694920474074,0.00016256694920474074,0.0,0.0,0.00016256694920474082,0.00016256694920474082,0.0,0.0,0.00016256694920474096,0.00025730901640823176,0.0,0.0,0.0005524357536577971,0.0005524357536577971,0.6,0.6,0.00016256694920474082,0.00016256694920474082,0.0,0.0,0.00016256694920474093,0.00016256694920474093,0.0,0.0,0.00016256694920474074,0.00016256694920474074,0.0,0.0,0.00016256694920474066,0.00016256694920474066,0.0,0.0,0.00016256694920474082,0.00016256694920474082,0.0,0.0,0.00016256694920474066,0.00016256694920474066,0.0,0.0,0.00016256694920474082,9.500071054432526e-05,0.0,0.0,0.0,0.0,0.0,0.0,0.0,0.0
FULL_UNIVERSE_EXPECTED_RETURNS_RESEARCH,2025-08-19,XLV,XLRE,0.0031440473035945615,0.0029493889115948077,0.00019465839199975373,0.8,0.0008,0.0,0.0952,V2_TQQQ_TO_QQQM_OVERLAY,-1.0258175594638714,-0.5556053628315143,0.2162871022219493,-0.36862322848921625,-2.683256092664014,-0.9193445299170624,-1.2892032143174559,-1.8920570505939605,-0.1648953993086902,-0.1120337866592959,0.09898975303530896,1.3628125576866856,0.9042023755007911,-0.02002722213333108,0.026892245437572848,-0.03537419561876132,-0.018510706868197557,0.01630530200131841,-0.019044835649349334,0.0,hybrid,off,0.0029493889115948073,0.0024797947427797834,0.0,0.0,0.002949388911594807,0.0024735572867065183,0.0,0.0,0.002949388911594807,0.002566309583668563,0.0,0.0,0.002949388911594807,0.002949388911594807,0.0,0.0,0.0029493889115948073,0.0029493889115948073,0.0,0.0,0.002949388911594807,0.002581700837817493,0.0,0.0,0.002949388911594807,0.002560072127595298,0.0,0.0,0.002949388911594807,0.0026482921452732526,0.0,0.0,0.002949388911594807,0.0031440473035945615,0.6,0.6,0.002949388911594807,0.002949388911594807,0.0,0.0,0.002949388911594807,0.002949388911594807,0.0,0.0,0.0029493889115948077,0.0029493889115948077,0.4,0.4,0.002949388911594807,0.002949388911594807,0.0,0.0,0.002949388911594807,0.002949388911594807,0.0,0.0,0.0029493889115948073,0.0029493889115948073,0.0,0.0,0.002949388911594807,0.0025861075342756244,0.0,0.0,0.0,0.0,0.0,0.0,0.0,0.0
FULL_UNIVERSE_EXPECTED_RETURNS_RESEARCH,2025-09-03,XLV,XLP,0.004671465758071885,0.004447391853508107,0.00022407390456377803,0.8,0.0008,0.0,0.0952,V2_TQQQ_TO_QQQM_OVERLAY,-0.7414804017257892,-0.5160073410092286,0.24897100507086486,-0.21978370547755685,0.17776775463371844,-1.0275031463852633,0.0368624281018113,-0.020243475046071352,0.0454531512723079,-0.06255917457197574,0.12586489591359745,-0.575154300968853,-0.24550417855296586,-0.036555780849018116,-0.014154619871221796,-0.049028107197749304,-0.004793031893680522,0.0011520036979286719,-0.017914771672515206,1.0,hybrid,off,0.00440831862109028,0.003873720656877003,0.0,0.0,0.00440831862109028,0.0038605824099343777,0.0,0.0,0.00440831862109028,0.003973309058905349,0.0,0.0,0.0044083186210902795,0.0044083186210902795,0.0,0.0,0.0044083186210902795,0.0044083186210902795,0.0,0.0,0.00440831862109028,0.00398506791246981,0.0,0.0,0.00440831862109028,0.0039601708119627235,0.0,0.0,0.00440831862109028,0.004074690096159508,0.0,0.0,0.004447391853508107,0.004671465758071885,0.6,0.6,0.004447391853508107,0.004447391853508107,0.4,0.4,0.00440831862109028,0.00440831862109028,0.0,0.0,0.004447391853508107,0.004447391853508107,0.0,0.0,0.004447391853508107,0.004447391853508107,0.0,0.0,0.00440831862109028,0.00440831862109028,0.0,0.0,0.00440831862109028,0.00440831862109028,0.0,0.0,0.00440831862109028,0.004228366663975249,0.0,0.0,0.0,0.0,0.0,0.0,0.0,0.0
FULL_UNIVERSE_EXPECTED_RETURNS_RESEARCH,2025-09-17,XLV,FEZ,0.005458635425940149,0.005047695871430259,0.0004109395545098902,0.8,0.0008,0.0,0.1904,V2_TQQQ_TO_QQQM_OVERLAY,-0.03862596145333777,-0.05011616741974176,0.23455302327592464,0.2837117054063633,0.04474117360256805,-1.1696587873721507,-0.18986946261261003,-0.2517967411072254,-0.1607666550905451,-0.1025020992444597,-0.09383205277523109,0.0910446518014302,0.14844800039122796,0.022188414990861993,0.07196990023706684,-0.00019321947543460283,0.01602112423071711,0.035204410237760664,-0.002914649092567001,0.0,hybrid,off,0.005047695871430259,0.004938707344218221,0.0,0.0,0.005047695871430259,0.005042360289954679,0.0,0.0,0.005047695871430259,0.00457858982487841,0.0,0.0,0.005047695871430259,0.005047695871430259,0.4,0.4,0.005047695871430259,0.005047695871430259,0.0,0.0,0.005047695871430259,0.004648955731861188,0.0,0.0,0.005047695871430259,0.004625500429533595,0.0,0.0,0.005047695871430259,0.00460308512812153,0.0,0.0,0.0052475377049918176,0.005458635425940149,0.6,0.6,0.005047695871430258,0.005047695871430258,0.0,0.0,0.005047695871430259,0.005047695871430259,0.0,0.0,0.005047695871430259,0.005047695871430259,0.0,0.0,0.005047695871430259,0.005047695871430259,0.0,0.0,0.005047695871430258,0.005047695871430258,0.0,0.0,0.005047695871430259,0.005047695871430259,0.0,0.0,0.005047695871430259,0.004650175702642518,0.0,0.0,0.0,0.0,0.0,0.0,0.0,0.0
FULL_UNIVERSE_EXPECTED_RETURNS_RESEARCH,2025-10-01,QQQM,SOXX,0.014331233121216268,0.010508198207479356,0.003823034913736912,1.9999999999999998,0.0019999999999999996,0.5607678304578971,0.85,V2_TQQQ_TO_QQQM_OVERLAY,-0.43215128509989903,1.2433025205816628,-0.6087129529145461,1.5539562406532221,0.14621366468283703,-1.0345855558905586,-0.5933956307645496,-0.4364765110780289,0.45205526413675445,-0.7395571216996135,-0.2273900081903124,1.5598936708217142,0.69245102132721,0.026904382646778968,0.06888936857921091,0.0,0.011980965129765098,0.023649585908579684,0.0,0.0,hybrid,off,0.0068407652098963915,0.014331233121216268,0.6,0.31400840646647243,0.0068407652098963915,0.010508198207479356,0.4,0.4,0.0068407652098963915,0.007711076974303555,0.0,0.0,0.0068407652098963915,0.0068407652098963915,0.0,0.0,0.0070846335402445955,0.006089991523779265,0.0,0.0,0.0068407652098963915,0.006622526954357377,0.0,0.0,0.006840765209896392,0.006544067394514117,0.0,0.0,0.0068407652098963915,0.0068420702094863116,0.0,0.0,0.0068407652098963915,0.0068407652098963915,0.0,0.0,0.0070846335402445955,0.0070846335402445955,0.0,0.0,0.006840765209896392,0.006840765209896392,0.0,0.0,0.0068407652098963915,0.0068407652098963915,0.0,0.0,0.0068407652098963915,0.0068407652098963915,0.0,0.0,0.0068407652098963915,0.0068407652098963915,0.0,0.0,0.0068407652098963915,0.0068407652098963915,0.0,0.0,0.0068407652098963915,0.0065322407564248255,0.0,0.0,0.0,0.0,0.28599159353352754,0.0,0.0,0.0
FULL_UNIVERSE_EXPECTED_RETURNS_RESEARCH,2025-10-15,QQQM,SOXX,0.010881487521464759,0.01040661516294134,0.00047487235852341873,0.5719831870670551,0.0005719831870670551,0.0,0.5057499999999999,V2_TQQQ_TO_QQQM_OVERLAY,-0.6241669225027758,0.8954469578879793,0.30950763992135916,1.564008967170608,0.688794742016907,-1.0843863853661446,0.1341487339974729,0.09631872723341464,0.22013698117773364,-0.03162868201725916,-0.43876445523266405,0.6081449238520965,0.4886900102798016,-0.01337712055664475,0.04089181094251071,-0.01337712055664475,-0.015215963020972167,-0.0018121418313697957,-0.015215963020972167,0.0,hybrid,off,0.007330997594027088,0.010881487521464759,0.6,0.6,0.007645502959339649,0.01040661516294134,0.4,0.4,0.007330997594027088,0.007338795184705955,0.0,0.0,0.007330997594027088,0.007330997594027088,0.0,0.0,0.007330997594027088,0.006614640027716704,0.0,0.0,0.007330997594027088,0.006804834606160777,0.0,0.0,0.007330997594027088,0.006773883842168641,0.0,0.0,0.007330997594027088,0.006743873077995307,0.0,0.0,0.007330997594027088,0.007609554469956311,0.0,0.0,0.007330997594027088,0.007330997594027088,0.0,0.0,0.007330997594027088,0.007330997594027088,0.0,0.0,0.007330997594027088,0.007330997594027088,0.0,0.0,0.007330997594027086,0.007330997594027086,0.0,0.0,0.007330997594027088,0.007330997594027088,0.0,0.0,0.007330997594027088,0.007330997594027088,0.0,0.0,0.007330997594027088,0.00754988952399814,0.0,0.0,0.0,0.0,0.0,0.0,0.0,0.0
FULL_UNIVERSE_EXPECTED_RETURNS_RESEARCH,2025-10-29,QQQM,SOXX,0.012743272211766153,0.009991684753377429,0.0027515874583887243,0.37488778150965163,0.00037488778150965166,0.5250529152796242,0.595,V2_TQQQ_TO_QQQM_OVERLAY,-0.25563274787477597,1.442475609142702,-0.625977408092965,1.5960050033421522,0.5931664635978905,0.9700160650581424,-0.3116341632397509,0.4232546397118816,0.017025079955564362,-0.6236296133782628,-0.33031050606779244,1.2254585032980891,0.48488413874166747,0.0896421258292579,0.07634540143696555,0.0,0.05026885301669415,0.05611593156205785,0.0,0.0,hybrid,off,0.004570080436896936,0.012743272211766153,0.6,0.41255610924517416,0.006109142820961663,0.009991684753377429,0.4,0.4,0.004570080436896936,0.005579813363296828,0.0,0.0,0.004570080436896936,0.004570080436896936,0.0,0.0,0.004570080436896936,0.003416099949582774,0.0,0.0,0.004570080436896937,0.0057446465715284565,0.0,0.0,0.004570080436896937,0.004414263355277061,0.0,0.0,0.004570080436896936,0.004571720437240258,0.0,0.0,0.004570080436896936,0.003993090193239855,0.0,0.0,0.004827151975299402,0.004827151975299402,0.0,0.0,0.004570080436896936,0.004570080436896936,0.0,0.0,0.004570080436896936,0.004570080436896936,0.0,0.0,0.004570080436896936,0.004570080436896936,0.0,0.0,0.004570080436896936,0.004570080436896936,0.0,0.0,0.004680021404070102,0.004680021404070102,0.0,0.0,0.004570080436896937,0.005498716682706885,0.0,0.0,0.0,0.0,0.18744389075482581,0.0,0.0,0.0
FULL_UNIVERSE_EXPECTED_RETURNS_RESEARCH,2025-11-12,QQQM,SOXX,0.005161824614974393,0.004961389256115763,0.00020043535885863,0.37488778150965163,0.00037488778150965166,0.0,0.3808,V2_TQQQ_TO_QQQM_OVERLAY,-0.7424163242200394,0.24950784709131485,-0.3627415606405364,0.46466893224700273,-0.12545478259912934,0.6490831433178668,-0.3992681203877567,-0.017126507883696143,0.4715717118622685,-0.5355033608647614,0.07781649924034223,0.4328824017660622,0.11463281680342272,-0.01898708757052836,-0.032073641419068544,-0.032073641419068544,-0.0033906852773196716,-0.023224701213400922,-0.023224701213400922,0.0,hybrid,off,0.003880430379576389,0.005161824614974393,0.6,0.6,0.003950329685107237,0.004961389256115763,0.4,0.4,0.0038804303795763897,0.004093994122160481,0.0,0.0,0.0038804303795763897,0.0038804303795763897,0.0,0.0,0.0038804303795763897,0.003680824101903338,0.0,0.0,0.0038804303795763897,0.004269880265567109,0.0,0.0,0.0038804303795763897,0.0038804303795763897,0.0,0.0,0.0038804303795763897,0.003967463528445127,0.0,0.0,0.0038804303795763897,0.0038804303795763897,0.0,0.0,0.003920225642253282,0.003920225642253282,0.0,0.0,0.0038804303795763897,0.0038804303795763897,0.0,0.0,0.0038804303795763897,0.0038804303795763897,0.0,0.0,0.0038804303795763897,0.0038804303795763897,0.0,0.0,0.0038804303795763897,0.0038804303795763897,0.0,0.0,0.003950329685107236,0.003950329685107236,0.0,0.0,0.0038804303795763897,0.003369015874809907,0.0,0.0,0.0,0.0,0.0,0.0,0.0,0.0
FULL_UNIVERSE_EXPECTED_RETURNS_RESEARCH,2025-11-26,SOXX,GLD,0.0100450181164023,0.009120869231331985,0.0009241488850703153,1.2,0.0012,0.0,0.056644,V2_TQQQ_TO_QQQM_OVERLAY,-1.1076627354473692,-1.0811134840518242,0.7021348166247544,-0.7652524574683162,-0.014069842285991238,0.712456781295223,0.24712010038339144,0.28701029967697106,0.6435222354317427,0.5798057972905898,0.2862553373382066,-1.2638381713871534,-0.4774489761823902,0.034728952958801296,-0.02763041664471566,-0.058817849988062165,0.024174952157701046,-0.010910839751245294,-0.0338821399714363,0.0,hybrid,off,0.009111513428172464,0.00797538159504557,0.0,0.0,0.01158971471297676,0.0100450181164023,0.5,0.5,0.00913509849571139,0.007873956531130984,0.0,0.0,0.008966788767379082,0.008966788767379082,0.0,0.0,0.008823082381879146,0.008823082381879146,0.0,0.0,0.008854019721880229,0.00848967902194304,0.0,0.0,0.008966788767379082,0.007702946097454524,0.0,0.0,0.008823082381879148,0.008153015579166291,0.0,0.0,0.00831510611440089,0.00894702744936317,0.0,0.0,0.00904947707889544,0.00904947707889544,0.0,0.0,0.008823082381879148,0.008823082381879148,0.0,0.0,0.008966788767379082,0.008966788767379082,0.0,0.0,0.008966788767379082,0.008966788767379082,0.0,0.0,0.008823082381879148,0.008823082381879148,0.0,0.0,0.009120869231331985,0.009120869231331985,0.5,0.5,0.009107862386355926,0.0076535700242866015,0.0,0.0,0.0,0.0,0.0,0.0,0.0,0.0
FULL_UNIVERSE_EXPECTED_RETURNS_RESEARCH,2025-12-11,XLI,XLB,0.00914598435523032,0.007742846235806536,0.0014031381194237842,2.0,0.002,0.0,0.476,V2_TQQQ_TO_QQQM_OVERLAY,-0.8065988246852815,0.10721337150248811,-0.14206008996832814,0.6602834449533744,0.6002939575263007,0.9261650036410893,0.7217668403177615,0.7558026955250053,0.46011109051739624,0.06594746563084428,0.3979621737579494,-0.5900241533003704,-0.4108385279675535,0.026903446914543272,0.07937815423400374,-0.0057218006329979865,0.004250029877003403,0.018306039008319175,-0.0032509269605475177,0.0,hybrid,off,0.006129023459886876,0.006490221083129398,0.0,0.0,0.0063699492249119655,0.007633508785879781,0.0,0.0,0.006168780800989912,0.006442811247920628,0.0,0.0,0.006129023459886875,0.006129023459886875,0.0,0.0,0.006129023459886875,0.006043252762684885,0.0,0.0,0.006129023459886875,0.007742846235806536,0.4,0.4,0.006129023459886875,0.00914598435523032,0.6,0.6,0.006129023459886875,0.006609215328978151,0.0,0.0,0.006129023459886876,0.006129023459886876,0.0,0.0,0.006370565130921221,0.006370565130921221,0.0,0.0,0.00619584932557858,0.00619584932557858,0.0,0.0,0.006170916509876536,0.006170916509876536,0.0,0.0,0.006129023459886875,0.006129023459886875,0.0,0.0,0.006129023459886875,0.006129023459886875,0.0,0.0,0.006409646332644133,0.006409646332644133,0.0,0.0,0.006129023459886875,0.006875286724006406,0.0,0.0,0.0,0.0,0.0,0.0,0.0,0.0
FULL_UNIVERSE_EXPECTED_RETURNS_RESEARCH,2025-12-26,XLB,XLI,0.010853575947361188,0.010061944567261822,0.0007916313800993661,0.3999999999999999,0.0003999999999999999,0.0,0.476,V2_TQQQ_TO_QQQM_OVERLAY,0.43857402280157504,0.19645846562293032,-0.4598148796126331,0.6077245048140332,1.2339890179425925,1.1755085650577342,0.9899929379154434,1.220912285293062,0.30614965165841157,-0.3775715822367238,0.37843287527835745,-0.9475550678828244,-0.7524589925747478,0.04793853754146826,-0.025536058490869817,-0.031111746888230485,0.025709543677955526,-0.0013319212446553097,-0.004578518226519224,0.0,hybrid,off,0.005971015573031077,0.005502945426152286,0.0,0.0,0.007234404139832904,0.008465829174434215,0.0,0.0,0.005971015573031077,0.0062977529366063075,0.0,0.0,0.005971015573031077,0.005971015573031077,0.0,0.0,0.005971015573031078,0.006690996846135884,0.0,0.0,0.005971015573031077,0.010853575947361188,0.6,0.6,0.005971015573031077,0.010061944567261822,0.4,0.4,0.005971015573031078,0.006390256736705115,0.0,0.0,0.005971015573031077,0.005971015573031077,0.0,0.0,0.005971015573031077,0.005971015573031077,0.0,0.0,0.005971015573031077,0.005971015573031077,0.0,0.0,0.005971015573031077,0.005971015573031077,0.0,0.0,0.005971015573031077,0.005971015573031077,0.0,0.0,0.005971015573031077,0.005971015573031077,0.0,0.0,0.006074906842608921,0.006074906842608921,0.0,0.0,0.005971015573031077,0.0075797770187630365,0.0,0.0,0.0,0.0,0.0,0.0,0.0,0.0
FULL_UNIVERSE_EXPECTED_RETURNS_RESEARCH,2026-01-12,XLE,XLI,0.016008223268762355,0.012306777556987615,0.0037014457117747392,1.2,0.0012,0.0,0.23120000000000002,V2_TQQQ_TO_QQQM_OVERLAY,1.7566098154524885,-0.3815109450849625,0.36073332148248305,0.20914101239622912,1.1062208507007363,1.0379833752475847,1.5353340631670112,1.362743665106992,0.4127344334066185,0.046520304985213076,0.14860828229320058,-1.7277044051910846,-0.8923293145216575,0.03864053477393581,0.07943408795127915,0.0,0.014974639035695292,0.005294296018939937,0.0,0.0,hybrid,off,0.006822794103052247,0.0018313425857880345,0.0,0.0,0.008160861403504877,0.007743701918556627,0.0,0.0,0.006908851376387463,0.0062616888745690965,0.0,0.0,0.006652857514913051,0.006652857514913051,0.0,0.0,0.007225174191499911,0.016008223268762355,0.6,0.6,0.006908851376387463,0.011038677587567054,0.0,0.0,0.006908851376387463,0.012306777556987615,0.4,0.4,0.006262690911083763,0.0057719488928079455,0.0,0.0,0.006652857514913051,0.006977517504247286,0.0,0.0,0.006652857514913051,0.006652857514913051,0.0,0.0,0.006908851376387463,0.006908851376387463,0.0,0.0,0.006652857514913051,0.006652857514913051,0.0,0.0,0.006652857514913051,0.006652857514913051,0.0,0.0,0.006652857514913051,0.006652857514913051,0.0,0.0,0.007593662455988645,0.007593662455988645,0.0,0.0,0.006908851376387463,0.006553984957276171,0.0,0.0,0.0,0.0,0.0,0.0,0.0,0.0
FULL_UNIVERSE_EXPECTED_RETURNS_RESEARCH,2026-01-27,XLE,SOXX,0.016570258784380284,0.016442992498564978,0.00012726628581530633,0.8,0.0008,0.0,0.5057499999999999,V2_TQQQ_TO_QQQM_OVERLAY,1.224518037374949,0.9856546112035246,0.3116213431525579,1.8764664987725381,0.3692889686018153,0.6075939771788851,1.063297087097001,0.7331204617754239,-0.2761905059621733,0.19520050892443835,-0.2614424505075942,0.24612177851763134,0.27232160437160197,0.04069955040804696,0.06275161010584474,0.0,0.03786403845969377,0.006234585028797479,0.0,0.0,hybrid,off,0.006699171010704658,0.00787782886665387,0.0,0.0,0.013060961527867565,0.016442992498564978,0.4,0.4,0.006699171010704658,0.0067658865522420095,0.0,0.0,0.00669917101070466,0.00669917101070466,0.0,0.0,0.011236192286468358,0.016570258784380284,0.6,0.6,0.00669917101070466,0.007560339760138237,0.0,0.0,0.006699171010704658,0.010679373077189767,0.0,0.0,0.006699171010704658,0.006227475764651201,0.0,0.0,0.006699171010704658,0.00697963021954196,0.0,0.0,0.006699171010704658,0.006699171010704658,0.0,0.0,0.006699171010704658,0.006699171010704658,0.0,0.0,0.006699171010704658,0.006699171010704658,0.0,0.0,0.006699171010704658,0.006699171010704658,0.0,0.0,0.00669917101070466,0.00669917101070466,0.0,0.0,0.011907885165623362,0.011907885165623362,0.0,0.0,0.006699171010704658,0.006107760309769472,0.0,0.0,0.0,0.0,0.0,0.0,0.0,0.0
FULL_UNIVERSE_EXPECTED_RETURNS_RESEARCH,2026-02-10,GLD,SOXX,0.022259281781934502,0.017169789017352142,0.00508949276458236,1.7435897435897436,0.0017435897435897436,0.0,0.035402499999999996,V2_TQQQ_TO_QQQM_OVERLAY,0.4631280732565173,-0.404719705087371,1.1092167060214306,0.6800857975402768,-0.07308172748512377,0.8638133538266947,1.1812730106790124,0.5539115996786945,-0.23262297535739299,0.38437761078877625,-0.17226529676953303,-0.9901098004670311,-0.1503791978716464,0.016751452634027775,0.0009968978342447254,-0.02686012428463913,-0.007998083381926868,-0.031056369022010588,-0.034437827597850856,0.0,hybrid,off,0.009874993427337811,0.006216910046160027,0.0,0.0,0.01838591133502679,0.017169789017352142,0.25,0.12820512820512822,0.012067139296576922,0.00984870588453406,0.0,0.0,0.00984710572322284,0.00984710572322284,0.0,0.0,0.012748394296408554,0.012787277078104444,0.0,0.0,0.011901674207019958,0.010016005806783525,0.0,0.0,0.009874993427337811,0.010713458582128865,0.0,0.0,0.009564517590912569,0.007690417415554109,0.0,0.0,0.009874993427337813,0.0108732884627571,0.0,0.0,0.009805029664913551,0.009805029664913551,0.0,0.0,0.009805029664913551,0.009805029664913551,0.0,0.0,0.00984710572322284,0.00984710572322284,0.0,0.0,0.009805029664913551,0.009805029664913551,0.0,0.0,0.009805029664913551,0.009805029664913551,0.0,0.0,0.022259281781934502,0.022259281781934502,0.7,0.358974358974359,0.009847105723222841,0.007696735316935968,0.0,0.0,0.050000000000000044,0.5128205128205129,0.0,0.0,0.0,0.0
FULL_UNIVERSE_EXPECTED_RETURNS_RESEARCH,2026-02-25,XLE,XLI,0.009913594044390486,0.006560835792533742,0.0033527582518567437,2.0,0.002,0.0,0.20229999999999998,V2_TQQQ_TO_QQQM_OVERLAY,0.7373554203614953,-0.18521949624112738,0.6278127075937937,0.6373988302207226,-0.1669742337548914,0.7034301107023117,0.7166897342483142,0.27631921068351356,-0.08401587143836038,0.2260971126265008,-0.010845239929054562,-0.4826803568407996,-0.03848313106696222,0.028162769819021438,0.04715031289377958,0.0,0.017844229341031692,0.008141977807552658,-0.026576241818340063,0.0,hybrid,off,0.005239399769330246,0.0029936312853569604,0.0,0.0,0.005619088496112381,0.005385218433803336,0.0,0.0,0.005254273095417176,0.003998647680229589,0.0,0.0,0.004895808702634143,0.004895808702634143,0.0,0.0,0.0062268169425830095,0.009913594044390486,0.6,0.6,0.005254273095417176,0.004995896453886033,0.0,0.0,0.004895808702634145,0.006560835792533742,0.4,0.4,0.005254273095417176,0.00419938721756351,0.0,0.0,0.005239399769330244,0.005804431206164659,0.0,0.0,0.005239399769330246,0.005239399769330246,0.0,0.0,0.005239399769330246,0.005239399769330246,0.0,0.0,0.005239399769330246,0.005239399769330246,0.0,0.0,0.005239399769330246,0.005239399769330246,0.0,0.0,0.005239399769330246,0.005239399769330246,0.0,0.0,0.005155614774328962,0.005155614774328962,0.0,0.0,0.00476212105503573,0.0032675697889950964,0.0,0.0,0.0,0.0,0.0,0.0,0.0,0.0
FULL_UNIVERSE_EXPECTED_RETURNS_RESEARCH,2026-03-11,XLE,XLF,0.008092497975083976,-0.005611643125352067,0.013704141100436043,0.9500000000000002,0.0009500000000000002,0.0,0.272,V2_TQQQ_TO_QQQM_OVERLAY,1.6765675438917225,0.07049141571159101,0.3022214911838013,-0.6148972316334168,-0.01869216747032818,0.4220969936771272,-0.24275054261141263,0.016615849816902395,0.7686485520709897,0.7562077691472985,-0.3020576381384515,0.15524620843076806,0.21403632153198138,0.0016103750985183574,-0.07040765498759705,-0.07040765498759705,-0.004614653406539104,-0.014261468307901759,-0.014261468307901759,2.0,hybrid,off,-0.009903969199073099,-0.014318048122206408,0.0,0.0,-0.012342060787928117,-0.012957604077534365,0.0,0.0,-0.00853437305813704,-0.009089472049506529,0.0,0.0,-0.00765436105990671,-0.00765436105990671,0.0,0.0,-0.00023394661180536365,0.008092497975083976,0.7,0.5249999999999999,-0.009373342369234912,-0.009887118904247373,0.0,0.0,-0.009095486519778569,-0.009639485203909412,0.0,0.0,-0.005494186954983588,-0.005611643125352067,0.30000000000000004,0.30000000000000004,-0.01009600699372193,-0.00982400765165651,0.0,0.0,-0.010294218846034937,-0.010294218846034937,0.0,0.0,-0.014525617882977114,-0.014525617882977114,0.0,0.0,-0.011400794191389802,-0.011400794191389802,0.0,0.0,-0.009535450229218754,-0.009535450229218754,0.0,0.0,-0.010077866198819627,-0.010077866198819627,0.0,0.0,-0.02862040305090024,-0.02862040305090024,0.0,0.0,-0.009758899460389336,-0.01161107423934459,0.0,0.0,0.0,0.0,0.0,0.175,0.0,0.0
FULL_UNIVERSE_EXPECTED_RETURNS_RESEARCH,2026-03-25,GLD,FEZ,0.03490907704528942,0.03251245267791379,0.00239662436737563,2.0,0.002,0.0,0.08092,V2_TQQQ_TO_QQQM_OVERLAY,0.7637376694655279,-0.1136089010440248,0.3055255865025659,-0.6168527553439053,-0.33212438728628546,0.183501518535683,-0.4790738890681956,-0.2484678568759446,1.0823884021855672,1.3215302585951147,0.16042206616706367,0.24066802622230987,0.2666110503344123,0.02057396930240607,0.009859086754712143,-0.061242723411603306,-0.010811396476468338,-0.031566926958398134,-0.045378204537904865,2.0,hybrid,off,0.008618671593534976,0.006904974459418557,0.0,0.0,0.016807103956938987,0.016134947666633342,0.0,0.0,0.015517838594036342,0.014337565412803403,0.0,0.0,0.03251245267791379,0.03251245267791379,0.4,0.4,0.0039057897433389956,0.0077244780906666356,0.0,0.0,0.015787576043169795,0.014835227185241205,0.0,0.0,0.011484975709788625,0.010935029654084006,0.0,0.0,0.009445021042805141,0.009837444857306634,0.0,0.0,0.009512137830977286,0.009787110858829594,0.0,0.0,0.018179420392209,0.018179420392209,0.0,0.0,0.011432567492310345,0.011432567492310345,0.0,0.0,0.009917064523696192,0.009917064523696192,0.0,0.0,0.007864392101023302,0.007864392101023302,0.0,0.0,0.006544854860864203,0.006544854860864203,0.0,0.0,0.03490907704528942,0.03490907704528942,0.6,0.6,0.028858448234537058,0.027791961056282476,0.0,0.0,0.0,0.0,0.0,0.0,0.0,0.0
FULL_UNIVERSE_EXPECTED_RETURNS_RESEARCH,2026-04-09,SOXX,XSOE,0.07229413178769332,0.029191287659160153,0.04310284412853317,2.0,0.002,0.0,0.8,V2_TQQQ_TO_QQQM_OVERLAY,-0.23476925012141958,0.42667864179483406,-0.3089546799461992,1.2554468996914219,-0.3859917886398039,-0.15511609096042991,0.16352303702881182,-0.15480442945818368,0.6202327270412271,0.39396920076531894,0.7069840883797356,0.5394246657370554,0.20007292746375355,0.11842021483739118,0.09668359365258361,0.0,0.04431134766238687,0.038226283090920576,0.0,0.0,hybrid,off,0.0145711230185284,0.018062465826349933,0.0,0.0,0.06973565231899237,0.07229413178769332,0.7,0.7,0.014247853326981173,0.014900020420427424,0.0,0.0,0.014458181822295562,0.014458181822295562,0.0,0.0,0.013493422948638312,0.013152080035202445,0.0,0.0,0.012752749525535699,0.012752749525535699,0.0,0.0,0.01437542250360616,0.01437542250360616,0.0,0.0,0.012052307993142462,0.013069897011629987,0.0,0.0,0.011954438869106151,0.011954438869106151,0.0,0.0,0.011495169963192319,0.011495169963192319,0.0,0.0,0.011664288532500818,0.011664288532500818,0.0,0.0,0.011929304701209741,0.011929304701209741,0.0,0.0,0.011345425229396239,0.011345425229396239,0.0,0.0,0.011345425229396239,0.011345425229396239,0.0,0.0,0.02064408274507078,0.02064408274507078,0.0,0.0,0.029086105789055027,0.029191287659160153,0.30000000000000004,0.30000000000000004,0.0,0.0,0.0,0.0,0.0,0.0
FULL_UNIVERSE_EXPECTED_RETURNS_RESEARCH,2026-04-23,SOXX,QQQM,0.12399210030693711,0.023337386609468814,0.1006547136974683,1.3,0.0013000000000000002,0.0,1.0,V2_TQQQ_TO_QQQM_OVERLAY,-1.2895498629372486,2.2394124250925778,-1.4735260231917948,2.7761620105031994,0.42127707332691255,0.1053658831346901,-0.16208295923468394,0.22571351452405064,0.6831063541617534,-1.8714791500668764,-0.31354497168262163,2.0907586087432257,0.6650447559692175,0.08634066133086882,0.16472544804439693,0.0,0.017179326689226615,0.06762736266413749,-0.00522933481306509,0.0,hybrid,off,0.009902685550442339,0.023337386609468814,0.30000000000000004,0.30000000000000004,0.11742741999046655,0.12399210030693711,0.7,0.35,0.009785679881589807,0.011353268579154611,0.0,0.0,0.010718928093204511,0.010718928093204511,0.0,0.0,0.011445041751108553,0.009653511811034491,0.0,0.0,0.009526495304284361,0.009526495304284361,0.0,0.0,0.010314063389879592,0.01023302191026225,0.0,0.0,0.009596042448122203,0.009599682447750271,0.0,0.0,0.009764940802781796,0.008869175832744764,0.0,0.0,0.009596042448122203,0.009596042448122203,0.0,0.0,0.009596042448122202,0.009596042448122202,0.0,0.0,0.009596042448122202,0.009596042448122202,0.0,0.0,0.009468690322993419,0.009468690322993419,0.0,0.0,0.009441843173680695,0.009441843173680695,0.0,0.0,0.010616959214390244,0.010616959214390244,0.0,0.0,0.010718928093204511,0.010573243785533466,0.0,0.0,0.0,0.0,0.0,0.0,0.0,0.35
FULL_UNIVERSE_EXPECTED_RETURNS_RESEARCH,2026-05-07,SOXX,QQQM,0.07952508892690288,0.023692086267816236,0.055833002659086646,0.8999999999999999,0.0009,0.0,1.0,V2_TQQQ_TO_QQQM_OVERLAY,-1.4110701329595168,2.7975479828678136,-1.880668620929367,2.5950959657356267,-0.23648492139709204,-0.2712346219779938,-1.085949108326003,-0.4917654663448815,0.6063801132762353,-2.14223810816103,-0.6904504331511481,3.4206935604217508,1.3001486878813033,0.06700758517884498,0.11646253912310933,-0.028626729111024485,0.04081484312717154,0.06673623519371619,-0.0009776073093108462,0.0,hybrid,off,0.009091457203160508,0.023692086267816236,0.75,0.75,0.07393575155087634,0.07952508892690288,0.25,0.25,0.00803339664157987,0.00803339664157987,0.0,0.0,0.008787880452554847,0.008787880452554847,0.0,0.0,0.009024224968879752,0.0067861865825855,0.0,0.0,0.00789209578074613,0.007646213047573689,0.0,0.0,0.008039901709788062,0.00749692715562506,0.0,0.0,0.007842078215841925,0.00784604821658579,0.0,0.0,0.007975818722537553,0.0068567995293904276,0.0,0.0,0.007842078215841925,0.007842078215841925,0.0,0.0,0.00787173289454836,0.00787173289454836,0.0,0.0,0.00786594593547394,0.00786594593547394,0.0,0.0,0.007842078215841925,0.007842078215841925,0.0,0.0,0.007842078215841925,0.007842078215841925,0.0,0.0,0.008265750692862122,0.008265750692862122,0.0,0.0,0.00812877268611964,0.007401116550188157,0.0,0.0,0.0,0.0,0.0,0.0,0.0,0.0
FULL_UNIVERSE_EXPECTED_RETURNS_RESEARCH,2026-05-21,SOXX,QQQM,0.13653837695124713,0.01764171339886853,0.1188966635523786,0.8999999999999999,0.0009,0.0,1.0,V2_TQQQ_TO_QQQM_OVERLAY,-0.3268529193496745,1.661640178266508,-1.2507402700193329,1.3771512764847378,-0.3245436413434089,-0.09957575059035502,-0.8418398847267072,-0.4530468978984015,0.9191628017779874,-1.0496653148245632,-0.24715692741708778,2.212213644588319,0.8270320787452582,-0.010037108765203251,0.06570410481363198,-0.015109924275012343,-0.007288180708367009,0.02827477486568508,-0.007288180708367009,0.0,hybrid,off,0.009380078690683809,0.01764171339886853,0.30000000000000004,0.30000000000000004,0.13289635652878806,0.13653837695124713,0.7,0.7,0.009175755362672594,0.01033890348745915,0.0,0.0,0.00943271178026761,0.00943271178026761,0.0,0.0,0.009596037627148831,0.008266725484535624,0.0,0.0,0.009188520009126476,0.008961996560177276,0.0,0.0,0.009175755362672594,0.008754835420309241,0.0,0.0,0.008759988539714209,0.008765008539456717,0.0,0.0,0.00884849119961958,0.008183835128312977,0.0,0.0,0.008759988539714209,0.008759988539714209,0.0,0.0,0.00902308468414255,0.00902308468414255,0.0,0.0,0.008759988539714209,0.008759988539714209,0.0,0.0,0.008793178650397467,0.008793178650397467,0.0,0.0,0.008759988539714209,0.008759988539714209,0.0,0.0,0.009705760389304159,0.009705760389304159,0.0,0.0,0.009596037627148831,0.008493042265015247,0.0,0.0,0.0,0.0,0.0,0.0,0.0,0.0
FULL_UNIVERSE_EXPECTED_RETURNS_RESEARCH,2026-06-05,SOXX,XSOE,0.04987674506176629,0.01960324072745399,0.030273504334312296,1.0,0.001,0.0,0.0952,V2_TQQQ_TO_QQQM_OVERLAY,-0.1659209473823108,-0.038637522771224696,0.5421974717558729,-0.09270920858642201,0.09532438609905833,-0.12579798759686933,-0.30062593915770347,-0.0777214214567962,0.7487532791878165,0.25813654019747284,-0.42084628317912276,0.06518673761413268,0.2559910312708288,-0.051504166263385276,0.028701574544829578,-0.12329446041874681,-0.04477563182454536,-0.013119852487073924,-0.05494260157149056,4.0,hybrid,off,0.011080607724974049,0.009960029370898186,0.0,0.0,0.05106957949962921,0.04987674506176629,0.5,0.5,0.011080607724974049,0.009996212781462304,0.0,0.0,0.011118433029995812,0.011118433029995812,0.0,0.0,0.01111583136658927,0.01111583136658927,0.0,0.0,0.011921717072622752,0.010999981370637768,0.0,0.0,0.010307907680019573,0.009331952230859003,0.0,0.0,0.00998974826665882,0.009119009993315809,0.0,0.0,0.010057041431522397,0.010545019156102682,0.0,0.0,0.00998974826665882,0.00998974826665882,0.0,0.0,0.01090110519356715,0.01090110519356715,0.0,0.0,0.010057041431522397,0.010057041431522397,0.0,0.0,0.009843216806233832,0.009843216806233832,0.0,0.0,0.009666531402370514,0.009666531402370514,0.0,0.0,0.016194817976037522,0.016194817976037522,0.0,0.0,0.021201297702054898,0.01960324072745399,0.5,0.5,0.0,0.0,0.0,0.0,0.0,0.0
FULL_UNIVERSE_EXPECTED_RETURNS_RESEARCH,2026-06-22,QQQM,XLI,0.01587601611849794,0.009591615147206729,0.006284400971291211,2.0,0.002,0.642813365709707,0.85,V2_TQQQ_TO_QQQM_OVERLAY,-0.5134007898069578,1.5499549382037052,-0.549026555797517,2.1099352040878805,-0.05192883008765481,0.29666509752368464,0.592939262600689,0.16312337900828427,0.8483746204861599,0.5205835172030139,0.3143309782392589,1.3009116626668609,0.5609363752811096,0.09907097501793016,0.21407449265475753,0.0,0.024381931647350363,0.04787907556524962,-0.00969412697863381,0.0,hybrid,off,0.006533437656486856,0.01587601611849794,0.7,0.31752604740272433,0.0024893657023407328,0.007372217526441512,0.0,0.0,0.006533437656486856,0.007775571602349079,0.0,0.0,0.006576016618148259,0.006576016618148259,0.0,0.0,0.006309300820486514,0.00506933686992355,0.0,0.0,0.006576016618148259,0.006576016618148259,0.0,0.0,0.006533437656486856,0.009591615147206729,0.30000000000000004,0.30000000000000004,0.00657601661814826,0.0072382758033220865,0.0,0.0,0.00657601661814826,0.005956034642866778,0.0,0.0,0.00657601661814826,0.00657601661814826,0.0,0.0,0.00657601661814826,0.00657601661814826,0.0,0.0,0.00657601661814826,0.00657601661814826,0.0,0.0,0.00657601661814826,0.00657601661814826,0.0,0.0,0.006576016618148259,0.006576016618148259,0.0,0.0,0.006693226868449129,0.006693226868449129,0.0,0.0,0.007913944054274012,0.007584451359940814,0.0,0.0,0.0,0.0,0.3824739525972756,0.0,0.0,0.0
FULL_UNIVERSE_EXPECTED_RETURNS_RESEARCH,2026-07-07,GLD,XLV,0.00700349147829967,0.006607099743077945,0.0003963917352217258,2.0,0.002,0.0,0.028322,V2_TQQQ_TO_QQQM_OVERLAY,-0.28652777564368714,-1.725480865516618,0.9674377184629569,-1.6519827011749708,-0.6090776442148024,-0.36200380899396045,0.14150365825628858,-0.412621174802819,0.7317884409387437,0.9548908047164737,0.4094971988244125,-1.4478664414608917,-0.4817447774913522,-0.10199393771403531,-0.15773805863087287,-0.15773805863087287,-0.019828798478718324,-0.03869687227454377,-0.0449383150593623,4.0,hybrid,off,0.0027146004584363255,0.0012659220968389675,0.0,0.0,-0.05810057869421718,-0.06022894167483568,0.0,0.0,0.00570856411303174,0.0039784372755180325,0.0,0.0,0.0057964054072101,0.0057964054072101,0.0,0.0,0.0059140758522798435,0.0059140758522798435,0.0,0.0,0.0057964054072101,0.004151761285823074,0.0,0.0,0.0057964054072101,0.004055017513976777,0.0,0.0,0.0058718694004935715,0.005061139136454781,0.0,0.0,0.005736405796461283,0.006607099743077945,0.4,0.4,0.0058351984641946695,0.0058351984641946695,0.0,0.0,0.0058351984641946695,0.0058351984641946695,0.0,0.0,0.0057964054072101,0.0057964054072101,0.0,0.0,0.0058351984641946695,0.0058351984641946695,0.0,0.0,0.0058351984641946695,0.0058351984641946695,0.0,0.0,0.00700349147829967,0.00700349147829967,0.6,0.6,-0.013562752615163568,-0.01522972441779406,0.0,0.0,0.0,0.0,0.0,0.0,0.0,0.0
