date,BIL,ERX,FEZ,GLD,IEF,IWM,QQQM,SOXL,SOXX,TLT,TNA,TQQQ,UXI,XLB,XLE,XLF,XLI,XLP,XLRE,XLU,XLV,XSOE,source_model
2023-10-18,1.0,0.0,0.0,0.0,0.0,0.0,0.0,0.0,0.0,0.0,0.0,0.0,0.0,0.0,0.0,0.0,0.0,0.0,0.0,0.0,0.0,0.0,022F_BASE
2023-10-19,1.0,0.0,0.0,0.0,0.0,0.0,0.0,0.0,0.0,0.0,0.0,0.0,0.0,0.0,0.0,0.0,0.0,0.0,0.0,0.0,0.0,0.0,022F_BASE
2023-10-20,1.0,0.0,0.0,0.0,0.0,0.0,0.0,0.0,0.0,0.0,0.0,0.0,0.0,0.0,0.0,0.0,0.0,0.0,0.0,0.0,0.0,0.0,022F_BASE
2023-10-23,1.0,0.0,0.0,0.0,0.0,0.0,0.0,0.0,0.0,0.0,0.0,0.0,0.0,0.0,0.0,0.0,0.0,0.0,0.0,0.0,0.0,0.0,022F_BASE
2023-10-24,1.0,0.0,0.0,0.0,0.0,0.0,0.0,0.0,0.0,0.0,0.0,0.0,0.0,0.0,0.0,0.0,0.0,0.0,0.0,0.0,0.0,0.0,022F_BASE
2023-10-25,1.0,0.0,0.0,0.0,0.0,0.0,0.0,0.0,0.0,0.0,0.0,0.0,0.0,0.0,0.0,0.0,0.0,0.0,0.0,0.0,0.0,0.0,022F_BASE
2023-10-26,1.0,0.0,0.0,0.0,0.0,0.0,0.0,0.0,0.0,0.0,0.0,0.0,0.0,0.0,0.0,0.0,0.0,0.0,0.0,0.0,0.0,0.0,022F_BASE
2023-10-27,1.0,0.0,0.0,0.0,0.0,0.0,0.0,0.0,0.0,0.0,0.0,0.0,0.0,0.0,0.0,0.0,0.0,0.0,0.0,0.0,0.0,0.0,022F_BASE
2023-10-30,1.0,0.0,0.0,0.0,0.0,0.0,0.0,0.0,0.0,0.0,0.0,0.0,0.0,0.0,0.0,0.0,0.0,0.0,0.0,0.0,0.0,0.0,022F_BASE
2023-10-31,1.0,0.0,0.0,0.0,0.0,0.0,0.0,0.0,0.0,0.0,0.0,0.0,0.0,0.0,0.0,0.0,0.0,0.0,0.0,0.0,0.0,0.0,022F_BASE
2023-11-01,0.0,0.0,0.0,0.0,0.0,0.0,0.0,0.0,0.0,0.15,0.0,0.0,0.1913980539777209,0.4886967803593187,0.0,0.0,0.1699051656629603,0.0,0.0,0.0,0.0,0.0,022F_BASE
2023-11-02,0.0,0.0,0.0,0.0,0.0,0.0,0.0,0.0,0.0,0.15,0.0,0.0,0.1913980539777209,0.4886967803593187,0.0,0.0,0.1699051656629603,0.0,0.0,0.0,0.0,0.0,022F_BASE
2023-11-03,0.0,0.0,0.0,0.0,0.0,0.0,0.0,0.0,0.0,0.15,0.0,0.0,0.1913980539777209,0.4886967803593187,0.0,0.0,0.1699051656629603,0.0,0.0,0.0,0.0,0.0,022F_BASE
2023-11-06,0.0,0.0,0.0,0.0,0.0,0.0,0.0,0.0,0.0,0.15,0.0,0.0,0.1913980539777209,0.4886967803593187,0.0,0.0,0.1699051656629603,0.0,0.0,0.0,0.0,0.0,022F_BASE
2023-11-07,0.0,0.0,0.0,0.0,0.0,0.0,0.0,0.0,0.0,0.15,0.0,0.0,0.1913980539777209,0.4886967803593187,0.0,0.0,0.1699051656629603,0.0,0.0,0.0,0.0,0.0,022F_BASE
2023-11-08,0.0,0.0,0.0,0.0,0.0,0.0,0.0,0.0,0.0,0.15,0.0,0.0,0.1913980539777209,0.4886967803593187,0.0,0.0,0.1699051656629603,0.0,0.0,0.0,0.0,0.0,022F_BASE
2023-11-09,0.0,0.0,0.0,0.0,0.0,0.0,0.0,0.0,0.0,0.15,0.0,0.0,0.1913980539777209,0.4886967803593187,0.0,0.0,0.1699051656629603,0.0,0.0,0.0,0.0,0.0,022F_BASE
2023-11-10,0.0,0.0,0.0,0.0,0.0,0.0,0.0,0.0,0.0,0.15,0.0,0.0,0.1913980539777209,0.4886967803593187,0.0,0.0,0.1699051656629603,0.0,0.0,0.0,0.0,0.0,022F_BASE
2023-11-13,0.0,0.0,0.0,0.0,0.0,0.0,0.0,0.0,0.0,0.15,0.0,0.0,0.1913980539777209,0.4886967803593187,0.0,0.0,0.1699051656629603,0.0,0.0,0.0,0.0,0.0,022F_BASE
2023-11-14,0.0,0.0,0.0,0.0,0.0,0.0,0.0,0.0,0.0,0.15,0.0,0.0,0.1913980539777209,0.4886967803593187,0.0,0.0,0.1699051656629603,0.0,0.0,0.0,0.0,0.0,022F_BASE
2023-11-15,0.0,0.0,0.0,0.0,0.0,0.0,0.376574386573972,0.0,0.0,0.0,0.0,0.1754256134260279,0.0,0.0,0.0,0.0,0.0,0.0,0.08,0.0,0.0,0.368,022F_BASE
2023-11-16,0.0,0.0,0.0,0.0,0.0,0.0,0.376574386573972,0.0,0.0,0.0,0.0,0.1754256134260279,0.0,0.0,0.0,0.0,0.0,0.0,0.08,0.0,0.0,0.368,022F_BASE
2023-11-17,0.0,0.0,0.0,0.0,0.0,0.0,0.376574386573972,0.0,0.0,0.0,0.0,0.1754256134260279,0.0,0.0,0.0,0.0,0.0,0.0,0.08,0.0,0.0,0.368,022F_BASE
2023-11-20,0.0,0.0,0.0,0.0,0.0,0.0,0.376574386573972,0.0,0.0,0.0,0.0,0.1754256134260279,0.0,0.0,0.0,0.0,0.0,0.0,0.08,0.0,0.0,0.368,022F_BASE
2023-11-21,0.0,0.0,0.0,0.0,0.0,0.0,0.376574386573972,0.0,0.0,0.0,0.0,0.1754256134260279,0.0,0.0,0.0,0.0,0.0,0.0,0.08,0.0,0.0,0.368,022F_BASE
2023-11-22,0.0,0.0,0.0,0.0,0.0,0.0,0.376574386573972,0.0,0.0,0.0,0.0,0.1754256134260279,0.0,0.0,0.0,0.0,0.0,0.0,0.08,0.0,0.0,0.368,022F_BASE
2023-11-24,0.0,0.0,0.0,0.0,0.0,0.0,0.376574386573972,0.0,0.0,0.0,0.0,0.1754256134260279,0.0,0.0,0.0,0.0,0.0,0.0,0.08,0.0,0.0,0.368,022F_BASE
2023-11-27,0.0,0.0,0.0,0.0,0.0,0.0,0.376574386573972,0.0,0.0,0.0,0.0,0.1754256134260279,0.0,0.0,0.0,0.0,0.0,0.0,0.08,0.0,0.0,0.368,022F_BASE
2023-11-28,0.0,0.0,0.0,0.0,0.0,0.0,0.376574386573972,0.0,0.0,0.0,0.0,0.1754256134260279,0.0,0.0,0.0,0.0,0.0,0.0,0.08,0.0,0.0,0.368,022F_BASE
2023-11-29,0.0,0.0,0.0,0.0,0.0,0.0,0.376574386573972,0.0,0.0,0.0,0.0,0.1754256134260279,0.0,0.0,0.0,0.0,0.0,0.0,0.08,0.0,0.0,0.368,022F_BASE
2023-11-30,0.0,0.0,0.0,0.0,0.0,0.0,0.1552034387298372,0.1655620303635732,0.10809927856864732,0.0,0.0,0.19113525233794218,0.0,0.0,0.0,0.0,0.3,0.0,0.08,0.0,0.0,0.0,022F_BASE
2023-12-01,0.0,0.0,0.0,0.0,0.0,0.0,0.1552034387298372,0.1655620303635732,0.10809927856864732,0.0,0.0,0.19113525233794218,0.0,0.0,0.0,0.0,0.3,0.0,0.08,0.0,0.0,0.0,022F_BASE
2023-12-04,0.0,0.0,0.0,0.0,0.0,0.0,0.1552034387298372,0.1655620303635732,0.10809927856864732,0.0,0.0,0.19113525233794218,0.0,0.0,0.0,0.0,0.3,0.0,0.08,0.0,0.0,0.0,022F_BASE
2023-12-05,0.0,0.0,0.0,0.0,0.0,0.0,0.1552034387298372,0.1655620303635732,0.10809927856864732,0.0,0.0,0.19113525233794218,0.0,0.0,0.0,0.0,0.3,0.0,0.08,0.0,0.0,0.0,022F_BASE
2023-12-06,0.0,0.0,0.0,0.0,0.0,0.0,0.1552034387298372,0.1655620303635732,0.10809927856864732,0.0,0.0,0.19113525233794218,0.0,0.0,0.0,0.0,0.3,0.0,0.08,0.0,0.0,0.0,022F_BASE
2023-12-07,0.0,0.0,0.0,0.0,0.0,0.0,0.1552034387298372,0.1655620303635732,0.10809927856864732,0.0,0.0,0.19113525233794218,0.0,0.0,0.0,0.0,0.3,0.0,0.08,0.0,0.0,0.0,022F_BASE
2023-12-08,0.0,0.0,0.0,0.0,0.0,0.0,0.1552034387298372,0.1655620303635732,0.10809927856864732,0.0,0.0,0.19113525233794218,0.0,0.0,0.0,0.0,0.3,0.0,0.08,0.0,0.0,0.0,022F_BASE
2023-12-11,0.0,0.0,0.0,0.0,0.0,0.0,0.1552034387298372,0.1655620303635732,0.10809927856864732,0.0,0.0,0.19113525233794218,0.0,0.0,0.0,0.0,0.3,0.0,0.08,0.0,0.0,0.0,022F_BASE
2023-12-12,0.0,0.0,0.0,0.0,0.0,0.0,0.1552034387298372,0.1655620303635732,0.10809927856864732,0.0,0.0,0.19113525233794218,0.0,0.0,0.0,0.0,0.3,0.0,0.08,0.0,0.0,0.0,022F_BASE
2023-12-13,0.0,0.0,0.0,0.0,0.0,0.0,0.4,0.2511484727959178,0.3488515272040822,0.0,0.0,0.0,0.0,0.0,0.0,0.0,0.0,0.0,0.0,0.0,0.0,0.0,EXPANDED_CANDIDATE
2023-12-14,0.0,0.0,0.0,0.0,0.0,0.4,0.0,0.2511484727959178,0.3488515272040822,0.0,0.0,0.0,0.0,0.0,0.0,0.0,0.0,0.0,0.0,0.0,0.0,0.0,EXPANDED_CANDIDATE
2023-12-15,0.0,0.0,0.0,0.0,0.0,0.4,0.0,0.2511484727959178,0.3488515272040822,0.0,0.0,0.0,0.0,0.0,0.0,0.0,0.0,0.0,0.0,0.0,0.0,0.0,EXPANDED_CANDIDATE
2023-12-18,0.0,0.0,0.0,0.0,0.0,0.4,0.0,0.2511484727959178,0.3488515272040822,0.0,0.0,0.0,0.0,0.0,0.0,0.0,0.0,0.0,0.0,0.0,0.0,0.0,EXPANDED_CANDIDATE
2023-12-19,0.0,0.0,0.0,0.0,0.0,0.4,0.0,0.2511484727959178,0.3488515272040822,0.0,0.0,0.0,0.0,0.0,0.0,0.0,0.0,0.0,0.0,0.0,0.0,0.0,EXPANDED_CANDIDATE
2023-12-20,0.0,0.0,0.0,0.0,0.0,0.4,0.0,0.2511484727959178,0.3488515272040822,0.0,0.0,0.0,0.0,0.0,0.0,0.0,0.0,0.0,0.0,0.0,0.0,0.0,EXPANDED_CANDIDATE
2023-12-21,0.0,0.0,0.0,0.0,0.0,0.4,0.0,0.2511484727959178,0.3488515272040822,0.0,0.0,0.0,0.0,0.0,0.0,0.0,0.0,0.0,0.0,0.0,0.0,0.0,EXPANDED_CANDIDATE
2023-12-22,0.0,0.0,0.0,0.0,0.0,0.4,0.0,0.2511484727959178,0.3488515272040822,0.0,0.0,0.0,0.0,0.0,0.0,0.0,0.0,0.0,0.0,0.0,0.0,0.0,EXPANDED_CANDIDATE
2023-12-26,0.0,0.0,0.0,0.0,0.0,0.4,0.0,0.2511484727959178,0.3488515272040822,0.0,0.0,0.0,0.0,0.0,0.0,0.0,0.0,0.0,0.0,0.0,0.0,0.0,EXPANDED_CANDIDATE
2023-12-27,0.0,0.0,0.0,0.0,0.0,0.4,0.0,0.2511484727959178,0.3488515272040822,0.0,0.0,0.0,0.0,0.0,0.0,0.0,0.0,0.0,0.0,0.0,0.0,0.0,EXPANDED_CANDIDATE
2023-12-28,0.0,0.0,0.0,0.0,0.0,0.4,0.0,0.3534753604610479,0.2465246395389521,0.0,0.0,0.0,0.0,0.0,0.0,0.0,0.0,0.0,0.0,0.0,0.0,0.0,EXPANDED_CANDIDATE
2023-12-29,1.0,0.0,0.0,0.0,0.0,0.0,0.0,0.0,0.0,0.0,0.0,0.0,0.0,0.0,0.0,0.0,0.0,0.0,0.0,0.0,0.0,0.0,EXPANDED_CANDIDATE
2024-01-02,1.0,0.0,0.0,0.0,0.0,0.0,0.0,0.0,0.0,0.0,0.0,0.0,0.0,0.0,0.0,0.0,0.0,0.0,0.0,0.0,0.0,0.0,EXPANDED_CANDIDATE
2024-01-03,1.0,0.0,0.0,0.0,0.0,0.0,0.0,0.0,0.0,0.0,0.0,0.0,0.0,0.0,0.0,0.0,0.0,0.0,0.0,0.0,0.0,0.0,EXPANDED_CANDIDATE
2024-01-04,1.0,0.0,0.0,0.0,0.0,0.0,0.0,0.0,0.0,0.0,0.0,0.0,0.0,0.0,0.0,0.0,0.0,0.0,0.0,0.0,0.0,0.0,EXPANDED_CANDIDATE
2024-01-05,1.0,0.0,0.0,0.0,0.0,0.0,0.0,0.0,0.0,0.0,0.0,0.0,0.0,0.0,0.0,0.0,0.0,0.0,0.0,0.0,0.0,0.0,EXPANDED_CANDIDATE
2024-01-08,1.0,0.0,0.0,0.0,0.0,0.0,0.0,0.0,0.0,0.0,0.0,0.0,0.0,0.0,0.0,0.0,0.0,0.0,0.0,0.0,0.0,0.0,EXPANDED_CANDIDATE
2024-01-09,1.0,0.0,0.0,0.0,0.0,0.0,0.0,0.0,0.0,0.0,0.0,0.0,0.0,0.0,0.0,0.0,0.0,0.0,0.0,0.0,0.0,0.0,EXPANDED_CANDIDATE
2024-01-10,1.0,0.0,0.0,0.0,0.0,0.0,0.0,0.0,0.0,0.0,0.0,0.0,0.0,0.0,0.0,0.0,0.0,0.0,0.0,0.0,0.0,0.0,EXPANDED_CANDIDATE
2024-01-11,1.0,0.0,0.0,0.0,0.0,0.0,0.0,0.0,0.0,0.0,0.0,0.0,0.0,0.0,0.0,0.0,0.0,0.0,0.0,0.0,0.0,0.0,EXPANDED_CANDIDATE
2024-01-12,0.0,0.0,0.0,0.0,0.0,0.0,0.021776343159274,0.0,0.39894085789818523,0.0,0.0,0.1092827989425406,0.0,0.0,0.0,0.0,0.4,0.0,0.0,0.0,0.0699999999999999,0.0,022F_BASE
2024-01-16,0.0,0.0,0.0,0.0,0.0,0.0,0.7,0.0,0.0,0.0,0.0,0.0,0.0,0.0,0.0,0.0,0.0,0.0,0.0,0.0,0.0,0.3,022F_BASE
2024-01-17,0.0,0.0,0.0,0.0,0.0,0.0,0.7,0.0,0.0,0.0,0.0,0.0,0.0,0.0,0.0,0.0,0.0,0.0,0.0,0.0,0.0,0.3,022F_BASE
2024-01-18,0.0,0.0,0.0,0.0,0.0,0.0,0.7,0.0,0.0,0.0,0.0,0.0,0.0,0.0,0.0,0.0,0.0,0.0,0.0,0.0,0.0,0.3,022F_BASE
2024-01-19,0.0,0.0,0.0,0.0,0.0,0.0,0.7,0.0,0.0,0.0,0.0,0.0,0.0,0.0,0.0,0.0,0.0,0.0,0.0,0.0,0.0,0.3,022F_BASE
2024-01-22,0.0,0.0,0.0,0.0,0.0,0.0,0.7,0.0,0.0,0.0,0.0,0.0,0.0,0.0,0.0,0.0,0.0,0.0,0.0,0.0,0.0,0.3,022F_BASE
2024-01-23,0.0,0.0,0.0,0.0,0.0,0.0,0.7,0.0,0.0,0.0,0.0,0.0,0.0,0.0,0.0,0.0,0.0,0.0,0.0,0.0,0.0,0.3,022F_BASE
2024-01-24,0.0,0.0,0.0,0.0,0.0,0.0,0.7,0.0,0.0,0.0,0.0,0.0,0.0,0.0,0.0,0.0,0.0,0.0,0.0,0.0,0.0,0.3,022F_BASE
2024-01-25,0.0,0.0,0.0,0.0,0.0,0.0,0.7,0.0,0.0,0.0,0.0,0.0,0.0,0.0,0.0,0.0,0.0,0.0,0.0,0.0,0.0,0.3,022F_BASE
2024-01-26,0.0,0.0,0.0,0.0,0.0,0.0,0.7,0.0,0.0,0.0,0.0,0.0,0.0,0.0,0.0,0.0,0.0,0.0,0.0,0.0,0.0,0.3,022F_BASE
2024-01-29,0.0,0.0,0.0,0.0,0.0,0.0,0.7,0.0,0.0,0.0,0.0,0.0,0.0,0.0,0.0,0.0,0.0,0.0,0.0,0.0,0.0,0.3,022F_BASE
2024-01-30,0.0,0.0,0.0,0.0,0.0,0.0,0.6,0.0,0.0,0.0,0.0,0.0,0.0,0.0,0.4,0.0,0.0,0.0,0.0,0.0,0.0,0.0,022F_BASE
2024-01-31,0.0,0.0,0.0,0.0,0.0,0.0,0.6,0.0,0.0,0.0,0.0,0.0,0.0,0.0,0.4,0.0,0.0,0.0,0.0,0.0,0.0,0.0,022F_BASE
2024-02-01,0.0,0.0,0.0,0.0,0.0,0.0,0.6,0.0,0.0,0.0,0.0,0.0,0.0,0.0,0.4,0.0,0.0,0.0,0.0,0.0,0.0,0.0,022F_BASE
2024-02-02,0.0,0.0,0.0,0.0,0.0,0.0,0.6,0.0,0.0,0.0,0.0,0.0,0.0,0.0,0.4,0.0,0.0,0.0,0.0,0.0,0.0,0.0,022F_BASE
2024-02-05,0.0,0.0,0.0,0.0,0.0,0.0,0.6,0.0,0.0,0.0,0.0,0.0,0.0,0.0,0.4,0.0,0.0,0.0,0.0,0.0,0.0,0.0,022F_BASE
2024-02-06,0.0,0.0,0.0,0.0,0.0,0.0,0.6,0.0,0.0,0.0,0.0,0.0,0.0,0.0,0.4,0.0,0.0,0.0,0.0,0.0,0.0,0.0,022F_BASE
2024-02-07,0.0,0.0,0.0,0.0,0.0,0.0,0.6,0.0,0.0,0.0,0.0,0.0,0.0,0.0,0.4,0.0,0.0,0.0,0.0,0.0,0.0,0.0,022F_BASE
2024-02-08,0.0,0.0,0.0,0.0,0.0,0.0,0.6,0.0,0.0,0.0,0.0,0.0,0.0,0.0,0.4,0.0,0.0,0.0,0.0,0.0,0.0,0.0,022F_BASE
2024-02-09,0.0,0.0,0.0,0.0,0.0,0.0,0.6,0.0,0.0,0.0,0.0,0.0,0.0,0.0,0.4,0.0,0.0,0.0,0.0,0.0,0.0,0.0,022F_BASE
2024-02-12,0.0,0.0,0.0,0.0,0.0,0.0,0.6,0.0,0.0,0.0,0.0,0.0,0.0,0.0,0.4,0.0,0.0,0.0,0.0,0.0,0.0,0.0,022F_BASE
2024-02-13,0.0,0.0,0.0,0.0,0.0,0.0,0.03866570660500312,0.2666786674374606,0.24131989247004415,0.0,0.0,0.05333573348749208,0.0,0.0,0.4,0.0,0.0,0.0,0.0,0.0,0.0,0.0,022F_BASE
2024-02-14,0.0,0.0,0.0,0.0,0.0,0.0,0.03866570660500312,0.2666786674374606,0.24131989247004415,0.0,0.0,0.05333573348749208,0.0,0.0,0.4,0.0,0.0,0.0,0.0,0.0,0.0,0.0,022F_BASE
2024-02-15,0.0,0.0,0.0,0.0,0.0,0.0,0.03866570660500312,0.2666786674374606,0.24131989247004415,0.0,0.0,0.05333573348749208,0.0,0.0,0.4,0.0,0.0,0.0,0.0,0.0,0.0,0.0,022F_BASE
2024-02-16,0.0,0.0,0.0,0.0,0.0,0.0,0.03866570660500312,0.2666786674374606,0.24131989247004415,0.0,0.0,0.05333573348749208,0.0,0.0,0.4,0.0,0.0,0.0,0.0,0.0,0.0,0.0,022F_BASE
2024-02-20,0.0,0.0,0.0,0.0,0.0,0.0,0.03866570660500312,0.2666786674374606,0.24131989247004415,0.0,0.0,0.05333573348749208,0.0,0.0,0.4,0.0,0.0,0.0,0.0,0.0,0.0,0.0,022F_BASE
2024-02-21,0.0,0.0,0.0,0.0,0.0,0.0,0.03866570660500312,0.2666786674374606,0.24131989247004415,0.0,0.0,0.05333573348749208,0.0,0.0,0.4,0.0,0.0,0.0,0.0,0.0,0.0,0.0,022F_BASE
2024-02-22,0.0,0.0,0.0,0.0,0.0,0.0,0.03866570660500312,0.2666786674374606,0.24131989247004415,0.0,0.0,0.05333573348749208,0.0,0.0,0.4,0.0,0.0,0.0,0.0,0.0,0.0,0.0,022F_BASE
2024-02-23,0.0,0.0,0.0,0.0,0.0,0.0,0.03866570660500312,0.2666786674374606,0.24131989247004415,0.0,0.0,0.05333573348749208,0.0,0.0,0.4,0.0,0.0,0.0,0.0,0.0,0.0,0.0,022F_BASE
2024-02-26,0.0,0.0,0.0,0.0,0.0,0.0,0.03866570660500312,0.2666786674374606,0.24131989247004415,0.0,0.0,0.05333573348749208,0.0,0.0,0.4,0.0,0.0,0.0,0.0,0.0,0.0,0.0,022F_BASE
2024-02-27,0.0,0.0,0.0,0.0,0.0,0.0,0.027998559907504703,0.0,0.5079985599075048,0.0,0.0,0.0640028801849905,0.0,0.0,0.4,0.0,0.0,0.0,0.0,0.0,0.0,0.0,022F_BASE
2024-02-28,0.0,0.0,0.0,0.0,0.0,0.0,0.4,0.0,0.0,0.0,0.0,0.0,0.0,0.0,0.6,0.0,0.0,0.0,0.0,0.0,0.0,0.0,022F_BASE
2024-02-29,0.0,0.0,0.0,0.0,0.0,0.0,0.4,0.0,0.0,0.0,0.0,0.0,0.0,0.0,0.6,0.0,0.0,0.0,0.0,0.0,0.0,0.0,022F_BASE
2024-03-01,0.0,0.0,0.0,0.0,0.0,0.0,0.4,0.0,0.0,0.0,0.0,0.0,0.0,0.0,0.6,0.0,0.0,0.0,0.0,0.0,0.0,0.0,022F_BASE
2024-03-04,0.0,0.0,0.0,0.0,0.0,0.0,0.4,0.0,0.0,0.0,0.0,0.0,0.0,0.0,0.6,0.0,0.0,0.0,0.0,0.0,0.0,0.0,022F_BASE
2024-03-05,0.0,0.0,0.0,0.0,0.0,0.0,0.4,0.0,0.0,0.0,0.0,0.0,0.0,0.0,0.6,0.0,0.0,0.0,0.0,0.0,0.0,0.0,022F_BASE
2024-03-06,0.0,0.0,0.0,0.0,0.0,0.0,0.4,0.0,0.0,0.0,0.0,0.0,0.0,0.0,0.6,0.0,0.0,0.0,0.0,0.0,0.0,0.0,022F_BASE
2024-03-07,0.0,0.0,0.0,0.0,0.0,0.0,0.4,0.0,0.0,0.0,0.0,0.0,0.0,0.0,0.6,0.0,0.0,0.0,0.0,0.0,0.0,0.0,022F_BASE
2024-03-08,0.0,0.0,0.0,0.0,0.0,0.0,0.4,0.0,0.0,0.0,0.0,0.0,0.0,0.0,0.6,0.0,0.0,0.0,0.0,0.0,0.0,0.0,022F_BASE
2024-03-11,0.0,0.0,0.0,0.0,0.0,0.0,0.4,0.0,0.0,0.0,0.0,0.0,0.0,0.0,0.6,0.0,0.0,0.0,0.0,0.0,0.0,0.0,022F_BASE
2024-03-12,0.0,0.0,0.0,0.0,0.0,0.0,0.4,0.0,0.0,0.0,0.0,0.0,0.0,0.0,0.6,0.0,0.0,0.0,0.0,0.0,0.0,0.0,022F_BASE
2024-03-13,0.0,0.0,0.0,0.0,0.0,0.0,0.0,0.0,0.0,0.0,0.0,0.0,0.2455408920414201,0.6,0.0,0.0,0.1544591079585799,0.0,0.0,0.0,0.0,0.0,022F_BASE
2024-03-14,0.0,0.0,0.0,0.0,0.0,0.0,0.0,0.0,0.0,0.0,0.0,0.0,0.2455408920414201,0.6,0.0,0.0,0.1544591079585799,0.0,0.0,0.0,0.0,0.0,022F_BASE
2024-03-15,0.0,0.0,0.0,0.0,0.0,0.0,0.0,0.0,0.0,0.0,0.0,0.0,0.2455408920414201,0.6,0.0,0.0,0.1544591079585799,0.0,0.0,0.0,0.0,0.0,022F_BASE
2024-03-18,0.0,0.0,0.0,0.0,0.0,0.0,0.0,0.0,0.0,0.0,0.0,0.0,0.2455408920414201,0.6,0.0,0.0,0.1544591079585799,0.0,0.0,0.0,0.0,0.0,022F_BASE
2024-03-19,0.0,0.0,0.0,0.0,0.0,0.0,0.0,0.0,0.0,0.0,0.0,0.0,0.2455408920414201,0.6,0.0,0.0,0.1544591079585799,0.0,0.0,0.0,0.0,0.0,022F_BASE
2024-03-20,0.0,0.0,0.0,0.0,0.0,0.0,0.0,0.0,0.0,0.0,0.0,0.0,0.2455408920414201,0.6,0.0,0.0,0.1544591079585799,0.0,0.0,0.0,0.0,0.0,022F_BASE
2024-03-21,0.0,0.0,0.0,0.0,0.0,0.0,0.0,0.0,0.0,0.0,0.0,0.0,0.2455408920414201,0.6,0.0,0.0,0.1544591079585799,0.0,0.0,0.0,0.0,0.0,022F_BASE
2024-03-22,0.0,0.0,0.0,0.0,0.0,0.0,0.0,0.0,0.0,0.0,0.0,0.0,0.2455408920414201,0.6,0.0,0.0,0.1544591079585799,0.0,0.0,0.0,0.0,0.0,022F_BASE
2024-03-25,0.0,0.0,0.0,0.0,0.0,0.0,0.0,0.0,0.0,0.0,0.0,0.0,0.2455408920414201,0.6,0.0,0.0,0.1544591079585799,0.0,0.0,0.0,0.0,0.0,022F_BASE
2024-03-26,0.0,0.0,0.0,0.0,0.0,0.0,0.0,0.0,0.0,0.0,0.0,0.0,0.2455408920414201,0.6,0.0,0.0,0.1544591079585799,0.0,0.0,0.0,0.0,0.0,022F_BASE
2024-03-27,0.0,0.0579215287075526,0.0,0.065,0.0,0.0,0.0,0.0,0.0,0.0,0.0,0.0,0.1752075123457181,0.0,0.5063914195833863,0.0,0.195479539363343,0.0,0.0,0.0,0.0,0.0,022F_BASE
2024-03-28,0.0,0.0579215287075526,0.0,0.065,0.0,0.0,0.0,0.0,0.0,0.0,0.0,0.0,0.1752075123457181,0.0,0.5063914195833863,0.0,0.195479539363343,0.0,0.0,0.0,0.0,0.0,022F_BASE
2024-04-01,0.0,0.0579215287075526,0.0,0.065,0.0,0.0,0.0,0.0,0.0,0.0,0.0,0.0,0.1752075123457181,0.0,0.5063914195833863,0.0,0.195479539363343,0.0,0.0,0.0,0.0,0.0,022F_BASE
2024-04-02,0.0,0.0579215287075526,0.0,0.065,0.0,0.0,0.0,0.0,0.0,0.0,0.0,0.0,0.1752075123457181,0.0,0.5063914195833863,0.0,0.195479539363343,0.0,0.0,0.0,0.0,0.0,022F_BASE
2024-04-03,0.0,0.0579215287075526,0.0,0.065,0.0,0.0,0.0,0.0,0.0,0.0,0.0,0.0,0.1752075123457181,0.0,0.5063914195833863,0.0,0.195479539363343,0.0,0.0,0.0,0.0,0.0,022F_BASE
2024-04-04,0.0,0.0579215287075526,0.0,0.065,0.0,0.0,0.0,0.0,0.0,0.0,0.0,0.0,0.1752075123457181,0.0,0.5063914195833863,0.0,0.195479539363343,0.0,0.0,0.0,0.0,0.0,022F_BASE
2024-04-05,0.0,0.0579215287075526,0.0,0.065,0.0,0.0,0.0,0.0,0.0,0.0,0.0,0.0,0.1752075123457181,0.0,0.5063914195833863,0.0,0.195479539363343,0.0,0.0,0.0,0.0,0.0,022F_BASE
2024-04-08,0.0,0.0579215287075526,0.0,0.065,0.0,0.0,0.0,0.0,0.0,0.0,0.0,0.0,0.1752075123457181,0.0,0.5063914195833863,0.0,0.195479539363343,0.0,0.0,0.0,0.0,0.0,022F_BASE
2024-04-09,0.0,0.0579215287075526,0.0,0.065,0.0,0.0,0.0,0.0,0.0,0.0,0.0,0.0,0.1752075123457181,0.0,0.5063914195833863,0.0,0.195479539363343,0.0,0.0,0.0,0.0,0.0,022F_BASE
2024-04-10,0.0,0.0579215287075526,0.0,0.065,0.0,0.0,0.0,0.0,0.0,0.0,0.0,0.0,0.1752075123457181,0.0,0.5063914195833863,0.0,0.195479539363343,0.0,0.0,0.0,0.0,0.0,022F_BASE
2024-04-11,0.92,0.0,0.0,0.0,0.0,0.0,0.0,0.0,0.0,0.0,0.0,0.0,0.0,0.0,0.08,0.0,0.0,0.0,0.0,0.0,0.0,0.0,022F_BASE
2024-04-12,0.92,0.0,0.0,0.0,0.0,0.0,0.0,0.0,0.0,0.0,0.0,0.0,0.0,0.0,0.08,0.0,0.0,0.0,0.0,0.0,0.0,0.0,022F_BASE
2024-04-15,0.92,0.0,0.0,0.0,0.0,0.0,0.0,0.0,0.0,0.0,0.0,0.0,0.0,0.0,0.08,0.0,0.0,0.0,0.0,0.0,0.0,0.0,022F_BASE
2024-04-16,0.92,0.0,0.0,0.0,0.0,0.0,0.0,0.0,0.0,0.0,0.0,0.0,0.0,0.0,0.08,0.0,0.0,0.0,0.0,0.0,0.0,0.0,022F_BASE
2024-04-17,0.92,0.0,0.0,0.0,0.0,0.0,0.0,0.0,0.0,0.0,0.0,0.0,0.0,0.0,0.08,0.0,0.0,0.0,0.0,0.0,0.0,0.0,022F_BASE
2024-04-18,0.92,0.0,0.0,0.0,0.0,0.0,0.0,0.0,0.0,0.0,0.0,0.0,0.0,0.0,0.08,0.0,0.0,0.0,0.0,0.0,0.0,0.0,022F_BASE
2024-04-19,0.92,0.0,0.0,0.0,0.0,0.0,0.0,0.0,0.0,0.0,0.0,0.0,0.0,0.0,0.08,0.0,0.0,0.0,0.0,0.0,0.0,0.0,022F_BASE
2024-04-22,0.92,0.0,0.0,0.0,0.0,0.0,0.0,0.0,0.0,0.0,0.0,0.0,0.0,0.0,0.08,0.0,0.0,0.0,0.0,0.0,0.0,0.0,022F_BASE
2024-04-23,0.92,0.0,0.0,0.0,0.0,0.0,0.0,0.0,0.0,0.0,0.0,0.0,0.0,0.0,0.08,0.0,0.0,0.0,0.0,0.0,0.0,0.0,022F_BASE
2024-04-24,0.92,0.0,0.0,0.0,0.0,0.0,0.0,0.0,0.0,0.0,0.0,0.0,0.0,0.0,0.08,0.0,0.0,0.0,0.0,0.0,0.0,0.0,022F_BASE
2024-04-25,0.0,0.0,0.0,0.0,0.0,0.0,0.0,0.0,0.0,0.15,0.0,0.0,0.0,0.4499999999999999,0.0,0.0,0.0,0.0,0.0,0.05,0.0,0.35,022F_BASE
2024-04-26,0.0,0.0,0.0,0.0,0.0,0.0,0.0,0.0,0.0,0.15,0.0,0.0,0.0,0.4499999999999999,0.0,0.0,0.0,0.0,0.0,0.05,0.0,0.35,022F_BASE
2024-04-29,0.0,0.0,0.0,0.0,0.0,0.0,0.0,0.0,0.0,0.15,0.0,0.0,0.0,0.4499999999999999,0.0,0.0,0.0,0.0,0.0,0.05,0.0,0.35,022F_BASE
2024-04-30,0.0,0.0,0.0,0.0,0.0,0.0,0.0,0.0,0.0,0.15,0.0,0.0,0.0,0.4499999999999999,0.0,0.0,0.0,0.0,0.0,0.05,0.0,0.35,022F_BASE
2024-05-01,0.0,0.0,0.0,0.0,0.0,0.0,0.0,0.0,0.0,0.15,0.0,0.0,0.0,0.4499999999999999,0.0,0.0,0.0,0.0,0.0,0.05,0.0,0.35,022F_BASE
2024-05-02,0.0,0.0,0.0,0.0,0.0,0.0,0.0,0.0,0.0,0.15,0.0,0.0,0.0,0.4499999999999999,0.0,0.0,0.0,0.0,0.0,0.05,0.0,0.35,022F_BASE
2024-05-03,0.0,0.0,0.0,0.0,0.0,0.0,0.0,0.0,0.0,0.15,0.0,0.0,0.0,0.4499999999999999,0.0,0.0,0.0,0.0,0.0,0.05,0.0,0.35,022F_BASE
2024-05-06,0.0,0.0,0.0,0.0,0.0,0.0,0.0,0.0,0.0,0.15,0.0,0.0,0.0,0.4499999999999999,0.0,0.0,0.0,0.0,0.0,0.05,0.0,0.35,022F_BASE
2024-05-07,0.0,0.0,0.0,0.0,0.0,0.0,0.0,0.0,0.0,0.15,0.0,0.0,0.0,0.4499999999999999,0.0,0.0,0.0,0.0,0.0,0.05,0.0,0.35,022F_BASE
2024-05-08,0.0,0.0,0.0,0.0,0.0,0.0,0.0,0.0,0.0,0.15,0.0,0.0,0.0,0.4499999999999999,0.0,0.0,0.0,0.0,0.0,0.05,0.0,0.35,022F_BASE
2024-05-09,0.0,0.0,0.0,0.0,0.0,0.0,0.0,0.0,0.0,0.0,0.0,0.0,0.0,0.6,0.0,0.0,0.0,0.0,0.0,0.0,0.0,0.4,022F_BASE
2024-05-10,0.0,0.0,0.0,0.0,0.0,0.0,0.0,0.0,0.0,0.0,0.0,0.0,0.0,0.6,0.0,0.0,0.0,0.0,0.0,0.0,0.0,0.4,022F_BASE
2024-05-13,0.0,0.0,0.0,0.0,0.0,0.0,0.0,0.0,0.0,0.0,0.0,0.0,0.0,0.6,0.0,0.0,0.0,0.0,0.0,0.0,0.0,0.4,022F_BASE
2024-05-14,0.0,0.0,0.0,0.0,0.0,0.0,0.0,0.0,0.0,0.0,0.0,0.0,0.0,0.6,0.0,0.0,0.0,0.0,0.0,0.0,0.0,0.4,022F_BASE
2024-05-15,0.0,0.0,0.0,0.0,0.0,0.0,0.0,0.0,0.0,0.0,0.0,0.0,0.0,0.6,0.0,0.0,0.0,0.0,0.0,0.0,0.0,0.4,022F_BASE
2024-05-16,0.0,0.0,0.0,0.0,0.0,0.0,0.0,0.0,0.0,0.0,0.0,0.0,0.0,0.6,0.0,0.0,0.0,0.0,0.0,0.0,0.0,0.4,022F_BASE
2024-05-17,0.0,0.0,0.0,0.0,0.0,0.0,0.0,0.0,0.0,0.0,0.0,0.0,0.0,0.6,0.0,0.0,0.0,0.0,0.0,0.0,0.0,0.4,022F_BASE
2024-05-20,0.0,0.0,0.0,0.0,0.0,0.0,0.0,0.0,0.0,0.0,0.0,0.0,0.0,0.6,0.0,0.0,0.0,0.0,0.0,0.0,0.0,0.4,022F_BASE
2024-05-21,0.0,0.0,0.0,0.0,0.0,0.0,0.0,0.0,0.0,0.0,0.0,0.0,0.0,0.6,0.0,0.0,0.0,0.0,0.0,0.0,0.0,0.4,022F_BASE
2024-05-22,0.0,0.0,0.0,0.0,0.0,0.0,0.0,0.4780142161641535,0.021985783835846484,0.0,0.0,0.0,0.0,0.5,0.0,0.0,0.0,0.0,0.0,0.0,0.0,0.0,EXPANDED_CANDIDATE
2024-05-23,0.0,0.0,0.0,0.0,0.0,0.0,0.3,0.47801421616415346,0.2219857838358465,0.0,0.0,0.0,0.0,0.0,0.0,0.0,0.0,0.0,0.0,0.0,0.0,0.0,EXPANDED_CANDIDATE
2024-05-24,0.0,0.0,0.0,0.0,0.0,0.0,0.3,0.47801421616415346,0.2219857838358465,0.0,0.0,0.0,0.0,0.0,0.0,0.0,0.0,0.0,0.0,0.0,0.0,0.0,EXPANDED_CANDIDATE
2024-05-28,0.0,0.0,0.0,0.0,0.0,0.0,0.3,0.47801421616415346,0.2219857838358465,0.0,0.0,0.0,0.0,0.0,0.0,0.0,0.0,0.0,0.0,0.0,0.0,0.0,EXPANDED_CANDIDATE
2024-05-29,0.0,0.0,0.0,0.0,0.0,0.0,0.3,0.47801421616415346,0.2219857838358465,0.0,0.0,0.0,0.0,0.0,0.0,0.0,0.0,0.0,0.0,0.0,0.0,0.0,EXPANDED_CANDIDATE
2024-05-30,0.0,0.0,0.0,0.0,0.0,0.0,0.3,0.47801421616415346,0.2219857838358465,0.0,0.0,0.0,0.0,0.0,0.0,0.0,0.0,0.0,0.0,0.0,0.0,0.0,EXPANDED_CANDIDATE
2024-05-31,0.0,0.0,0.0,0.0,0.0,0.0,0.3,0.47801421616415346,0.2219857838358465,0.0,0.0,0.0,0.0,0.0,0.0,0.0,0.0,0.0,0.0,0.0,0.0,0.0,EXPANDED_CANDIDATE
2024-06-03,0.0,0.0,0.0,0.0,0.0,0.0,0.3,0.47801421616415346,0.2219857838358465,0.0,0.0,0.0,0.0,0.0,0.0,0.0,0.0,0.0,0.0,0.0,0.0,0.0,EXPANDED_CANDIDATE
2024-06-04,0.0,0.0,0.0,0.0,0.0,0.0,0.3,0.47801421616415346,0.2219857838358465,0.0,0.0,0.0,0.0,0.0,0.0,0.0,0.0,0.0,0.0,0.0,0.0,0.0,EXPANDED_CANDIDATE
2024-06-05,0.0,0.0,0.0,0.0,0.0,0.0,0.3,0.47801421616415346,0.2219857838358465,0.0,0.0,0.0,0.0,0.0,0.0,0.0,0.0,0.0,0.0,0.0,0.0,0.0,EXPANDED_CANDIDATE
2024-06-06,0.0,0.0,0.0,0.0,0.0,0.0,0.10148016741887417,0.08928158903528957,0.020505616416972128,0.0,0.0,0.388732627128864,0.0,0.4,0.0,0.0,0.0,0.0,0.0,0.0,0.0,0.0,022F_BASE
2024-06-07,0.0,0.0,0.0,0.0,0.0,0.0,0.21710641765989236,0.0,0.0,0.0,0.0,0.3828935823401075,0.0,0.4,0.0,0.0,0.0,0.0,0.0,0.0,0.0,0.0,022F_BASE
2024-06-10,0.0,0.0,0.0,0.0,0.0,0.0,0.21710641765989236,0.0,0.0,0.0,0.0,0.3828935823401075,0.0,0.4,0.0,0.0,0.0,0.0,0.0,0.0,0.0,0.0,022F_BASE
2024-06-11,0.0,0.0,0.0,0.0,0.0,0.0,0.21710641765989236,0.0,0.0,0.0,0.0,0.3828935823401075,0.0,0.4,0.0,0.0,0.0,0.0,0.0,0.0,0.0,0.0,022F_BASE
2024-06-12,0.0,0.0,0.0,0.0,0.0,0.0,0.21710641765989236,0.0,0.0,0.0,0.0,0.3828935823401075,0.0,0.4,0.0,0.0,0.0,0.0,0.0,0.0,0.0,0.0,022F_BASE
2024-06-13,0.0,0.0,0.0,0.0,0.0,0.0,0.21710641765989236,0.0,0.0,0.0,0.0,0.3828935823401075,0.0,0.4,0.0,0.0,0.0,0.0,0.0,0.0,0.0,0.0,022F_BASE
2024-06-14,0.0,0.0,0.0,0.0,0.0,0.0,0.21710641765989236,0.0,0.0,0.0,0.0,0.3828935823401075,0.0,0.4,0.0,0.0,0.0,0.0,0.0,0.0,0.0,0.0,022F_BASE
2024-06-17,0.0,0.0,0.0,0.0,0.0,0.0,0.21710641765989236,0.0,0.0,0.0,0.0,0.3828935823401075,0.0,0.4,0.0,0.0,0.0,0.0,0.0,0.0,0.0,0.0,022F_BASE
2024-06-18,0.0,0.0,0.0,0.0,0.0,0.0,0.21710641765989236,0.0,0.0,0.0,0.0,0.3828935823401075,0.0,0.4,0.0,0.0,0.0,0.0,0.0,0.0,0.0,0.0,022F_BASE
2024-06-20,0.0,0.0,0.0,0.0,0.0,0.0,0.21710641765989236,0.0,0.0,0.0,0.0,0.3828935823401075,0.0,0.4,0.0,0.0,0.0,0.0,0.0,0.0,0.0,0.0,022F_BASE
2024-06-21,0.0,0.0,0.0,0.0,0.0,0.0,0.21710641765989236,0.0,0.0,0.0,0.0,0.3828935823401075,0.0,0.4,0.0,0.0,0.0,0.0,0.0,0.0,0.0,0.0,022F_BASE
2024-06-24,0.0,0.0,0.0,0.0,0.0,0.0,0.31100185970057337,0.0,0.0,0.0,0.0,0.2889981402994265,0.0,0.0,0.0,0.0,0.4,0.0,0.0,0.0,0.0,0.0,022F_BASE
2024-06-25,0.0,0.0,0.0,0.0,0.0,0.0,0.31100185970057337,0.0,0.0,0.0,0.0,0.2889981402994265,0.0,0.0,0.0,0.0,0.4,0.0,0.0,0.0,0.0,0.0,022F_BASE
2024-06-26,0.0,0.0,0.0,0.0,0.0,0.0,0.31100185970057337,0.0,0.0,0.0,0.0,0.2889981402994265,0.0,0.0,0.0,0.0,0.4,0.0,0.0,0.0,0.0,0.0,022F_BASE
2024-06-27,0.0,0.0,0.0,0.0,0.0,0.0,0.31100185970057337,0.0,0.0,0.0,0.0,0.2889981402994265,0.0,0.0,0.0,0.0,0.4,0.0,0.0,0.0,0.0,0.0,022F_BASE
2024-06-28,0.0,0.0,0.0,0.0,0.0,0.0,0.31100185970057337,0.0,0.0,0.0,0.0,0.2889981402994265,0.0,0.0,0.0,0.0,0.4,0.0,0.0,0.0,0.0,0.0,022F_BASE
2024-07-01,0.0,0.0,0.0,0.0,0.0,0.0,0.31100185970057337,0.0,0.0,0.0,0.0,0.2889981402994265,0.0,0.0,0.0,0.0,0.4,0.0,0.0,0.0,0.0,0.0,022F_BASE
2024-07-02,0.0,0.0,0.0,0.0,0.0,0.0,0.31100185970057337,0.0,0.0,0.0,0.0,0.2889981402994265,0.0,0.0,0.0,0.0,0.4,0.0,0.0,0.0,0.0,0.0,022F_BASE
2024-07-03,0.0,0.0,0.0,0.0,0.0,0.0,0.31100185970057337,0.0,0.0,0.0,0.0,0.2889981402994265,0.0,0.0,0.0,0.0,0.4,0.0,0.0,0.0,0.0,0.0,022F_BASE
2024-07-05,0.0,0.0,0.0,0.0,0.0,0.0,0.31100185970057337,0.0,0.0,0.0,0.0,0.2889981402994265,0.0,0.0,0.0,0.0,0.4,0.0,0.0,0.0,0.0,0.0,022F_BASE
2024-07-08,0.0,0.0,0.0,0.0,0.0,0.0,0.31100185970057337,0.0,0.0,0.0,0.0,0.2889981402994265,0.0,0.0,0.0,0.0,0.4,0.0,0.0,0.0,0.0,0.0,022F_BASE
2024-07-09,0.0,0.0,0.0,0.0,0.0,0.0,0.2517788540266149,0.0,0.0,0.0,0.0,0.3482211459733851,0.0,0.4,0.0,0.0,0.0,0.0,0.0,0.0,0.0,0.0,022F_BASE
2024-07-10,0.0,0.0,0.0,0.0,0.0,0.0,0.2517788540266149,0.0,0.0,0.0,0.0,0.3482211459733851,0.0,0.4,0.0,0.0,0.0,0.0,0.0,0.0,0.0,0.0,022F_BASE
2024-07-11,0.0,0.0,0.0,0.0,0.0,0.0,0.2517788540266149,0.0,0.0,0.0,0.0,0.3482211459733851,0.0,0.4,0.0,0.0,0.0,0.0,0.0,0.0,0.0,0.0,022F_BASE
2024-07-12,0.0,0.0,0.0,0.0,0.0,0.0,0.2517788540266149,0.0,0.0,0.0,0.0,0.3482211459733851,0.0,0.4,0.0,0.0,0.0,0.0,0.0,0.0,0.0,0.0,022F_BASE
2024-07-15,0.0,0.0,0.0,0.0,0.0,0.0,0.2517788540266149,0.0,0.0,0.0,0.0,0.3482211459733851,0.0,0.4,0.0,0.0,0.0,0.0,0.0,0.0,0.0,0.0,022F_BASE
2024-07-16,0.0,0.0,0.0,0.0,0.0,0.0,0.2517788540266149,0.0,0.0,0.0,0.0,0.3482211459733851,0.0,0.4,0.0,0.0,0.0,0.0,0.0,0.0,0.0,0.0,022F_BASE
2024-07-17,0.0,0.0,0.0,0.0,0.0,0.0,0.2517788540266149,0.0,0.0,0.0,0.0,0.3482211459733851,0.0,0.4,0.0,0.0,0.0,0.0,0.0,0.0,0.0,0.0,022F_BASE
2024-07-18,0.0,0.0,0.0,0.0,0.0,0.0,0.2517788540266149,0.0,0.0,0.0,0.0,0.3482211459733851,0.0,0.4,0.0,0.0,0.0,0.0,0.0,0.0,0.0,0.0,022F_BASE
2024-07-19,0.0,0.0,0.0,0.0,0.0,0.0,0.2517788540266149,0.0,0.0,0.0,0.0,0.3482211459733851,0.0,0.4,0.0,0.0,0.0,0.0,0.0,0.0,0.0,0.0,022F_BASE
2024-07-22,0.0,0.0,0.0,0.0,0.0,0.0,0.2517788540266149,0.0,0.0,0.0,0.0,0.3482211459733851,0.0,0.4,0.0,0.0,0.0,0.0,0.0,0.0,0.0,0.0,022F_BASE
2024-07-23,0.0,0.0,0.0,0.1,0.0,0.0,0.0,0.0,0.0,0.15,0.0,0.0,0.0,0.3,0.45,0.0,0.0,0.0,0.0,0.0,0.0,0.0,022F_BASE
2024-07-24,0.0,0.0,0.0,0.1,0.0,0.0,0.0,0.0,0.0,0.15,0.0,0.0,0.0,0.3,0.45,0.0,0.0,0.0,0.0,0.0,0.0,0.0,022F_BASE
2024-07-25,0.0,0.0,0.0,0.1,0.0,0.0,0.0,0.0,0.0,0.15,0.0,0.0,0.0,0.3,0.45,0.0,0.0,0.0,0.0,0.0,0.0,0.0,022F_BASE
2024-07-26,0.0,0.0,0.0,0.1,0.0,0.0,0.0,0.0,0.0,0.15,0.0,0.0,0.0,0.3,0.45,0.0,0.0,0.0,0.0,0.0,0.0,0.0,022F_BASE
2024-07-29,0.0,0.0,0.0,0.1,0.0,0.0,0.0,0.0,0.0,0.15,0.0,0.0,0.0,0.3,0.45,0.0,0.0,0.0,0.0,0.0,0.0,0.0,022F_BASE
2024-07-30,0.0,0.0,0.0,0.1,0.0,0.0,0.0,0.0,0.0,0.15,0.0,0.0,0.0,0.3,0.45,0.0,0.0,0.0,0.0,0.0,0.0,0.0,022F_BASE
2024-07-31,0.0,0.0,0.0,0.1,0.0,0.0,0.0,0.0,0.0,0.15,0.0,0.0,0.0,0.3,0.45,0.0,0.0,0.0,0.0,0.0,0.0,0.0,022F_BASE
2024-08-01,0.0,0.0,0.0,0.1,0.0,0.0,0.0,0.0,0.0,0.15,0.0,0.0,0.0,0.3,0.45,0.0,0.0,0.0,0.0,0.0,0.0,0.0,022F_BASE
2024-08-02,0.0,0.0,0.0,0.1,0.0,0.0,0.0,0.0,0.0,0.15,0.0,0.0,0.0,0.3,0.45,0.0,0.0,0.0,0.0,0.0,0.0,0.0,022F_BASE
2024-08-05,0.0,0.0,0.0,0.1,0.0,0.0,0.0,0.0,0.0,0.15,0.0,0.0,0.0,0.3,0.45,0.0,0.0,0.0,0.0,0.0,0.0,0.0,022F_BASE
2024-08-06,0.0,0.0,0.0,0.0,0.0,0.0,0.0,0.0,0.0,0.0,0.0,0.0,0.0,0.0,0.6,0.0,0.0,0.0,0.0,0.0,0.0,0.4,022F_BASE
2024-08-07,0.0,0.0,0.0,0.0,0.0,0.0,0.0,0.0,0.0,0.0,0.0,0.0,0.0,0.0,0.6,0.0,0.0,0.0,0.0,0.0,0.0,0.4,022F_BASE
2024-08-08,0.0,0.0,0.0,0.0,0.0,0.0,0.0,0.0,0.0,0.0,0.0,0.0,0.0,0.0,0.6,0.0,0.0,0.0,0.0,0.0,0.0,0.4,022F_BASE
2024-08-09,0.0,0.0,0.0,0.0,0.0,0.0,0.0,0.0,0.0,0.0,0.0,0.0,0.0,0.0,0.6,0.0,0.0,0.0,0.0,0.0,0.0,0.4,022F_BASE
2024-08-12,0.0,0.0,0.0,0.0,0.0,0.0,0.0,0.0,0.0,0.0,0.0,0.0,0.0,0.0,0.6,0.0,0.0,0.0,0.0,0.0,0.0,0.4,022F_BASE
2024-08-13,0.0,0.0,0.0,0.0,0.0,0.0,0.0,0.0,0.0,0.0,0.0,0.0,0.0,0.0,0.6,0.0,0.0,0.0,0.0,0.0,0.0,0.4,022F_BASE
2024-08-14,0.0,0.0,0.0,0.0,0.0,0.0,0.0,0.0,0.0,0.0,0.0,0.0,0.0,0.0,0.6,0.0,0.0,0.0,0.0,0.0,0.0,0.4,022F_BASE
2024-08-15,0.0,0.0,0.0,0.0,0.0,0.0,0.0,0.0,0.0,0.0,0.0,0.0,0.0,0.0,0.6,0.0,0.0,0.0,0.0,0.0,0.0,0.4,022F_BASE
2024-08-16,0.0,0.0,0.0,0.0,0.0,0.0,0.0,0.0,0.0,0.0,0.0,0.0,0.0,0.0,0.6,0.0,0.0,0.0,0.0,0.0,0.0,0.4,022F_BASE
2024-08-19,0.0,0.0,0.0,0.0,0.0,0.0,0.0,0.0,0.0,0.0,0.0,0.0,0.0,0.0,0.6,0.0,0.0,0.0,0.0,0.0,0.0,0.4,022F_BASE
2024-08-20,0.0,0.1331375874163419,0.0,0.0,0.0,0.0,0.0,0.0,0.0,0.0,0.0,0.0,0.0,0.38,0.436862412583658,0.0,0.0,0.05,0.0,0.0,0.0,0.0,022F_BASE
2024-08-21,0.0,0.1331375874163419,0.0,0.0,0.0,0.0,0.0,0.0,0.0,0.0,0.0,0.0,0.0,0.38,0.436862412583658,0.0,0.0,0.05,0.0,0.0,0.0,0.0,022F_BASE
2024-08-22,0.0,0.1331375874163419,0.0,0.0,0.0,0.0,0.0,0.0,0.0,0.0,0.0,0.0,0.0,0.38,0.436862412583658,0.0,0.0,0.05,0.0,0.0,0.0,0.0,022F_BASE
2024-08-23,0.0,0.1331375874163419,0.0,0.0,0.0,0.0,0.0,0.0,0.0,0.0,0.0,0.0,0.0,0.38,0.436862412583658,0.0,0.0,0.05,0.0,0.0,0.0,0.0,022F_BASE
2024-08-26,0.0,0.1331375874163419,0.0,0.0,0.0,0.0,0.0,0.0,0.0,0.0,0.0,0.0,0.0,0.38,0.436862412583658,0.0,0.0,0.05,0.0,0.0,0.0,0.0,022F_BASE
2024-08-27,0.0,0.1331375874163419,0.0,0.0,0.0,0.0,0.0,0.0,0.0,0.0,0.0,0.0,0.0,0.38,0.436862412583658,0.0,0.0,0.05,0.0,0.0,0.0,0.0,022F_BASE
2024-08-28,0.0,0.1331375874163419,0.0,0.0,0.0,0.0,0.0,0.0,0.0,0.0,0.0,0.0,0.0,0.38,0.436862412583658,0.0,0.0,0.05,0.0,0.0,0.0,0.0,022F_BASE
2024-08-29,0.0,0.1331375874163419,0.0,0.0,0.0,0.0,0.0,0.0,0.0,0.0,0.0,0.0,0.0,0.38,0.436862412583658,0.0,0.0,0.05,0.0,0.0,0.0,0.0,022F_BASE
2024-08-30,0.0,0.1331375874163419,0.0,0.0,0.0,0.0,0.0,0.0,0.0,0.0,0.0,0.0,0.0,0.38,0.436862412583658,0.0,0.0,0.05,0.0,0.0,0.0,0.0,022F_BASE
2024-09-03,0.0,0.1331375874163419,0.0,0.0,0.0,0.0,0.0,0.0,0.0,0.0,0.0,0.0,0.0,0.38,0.436862412583658,0.0,0.0,0.05,0.0,0.0,0.0,0.0,022F_BASE
2024-09-04,1.0,0.0,0.0,0.0,0.0,0.0,0.0,0.0,0.0,0.0,0.0,0.0,0.0,0.0,0.0,0.0,0.0,0.0,0.0,0.0,0.0,0.0,022F_BASE
2024-09-05,1.0,0.0,0.0,0.0,0.0,0.0,0.0,0.0,0.0,0.0,0.0,0.0,0.0,0.0,0.0,0.0,0.0,0.0,0.0,0.0,0.0,0.0,022F_BASE
2024-09-06,1.0,0.0,0.0,0.0,0.0,0.0,0.0,0.0,0.0,0.0,0.0,0.0,0.0,0.0,0.0,0.0,0.0,0.0,0.0,0.0,0.0,0.0,022F_BASE
2024-09-09,1.0,0.0,0.0,0.0,0.0,0.0,0.0,0.0,0.0,0.0,0.0,0.0,0.0,0.0,0.0,0.0,0.0,0.0,0.0,0.0,0.0,0.0,022F_BASE
2024-09-10,1.0,0.0,0.0,0.0,0.0,0.0,0.0,0.0,0.0,0.0,0.0,0.0,0.0,0.0,0.0,0.0,0.0,0.0,0.0,0.0,0.0,0.0,022F_BASE
2024-09-11,1.0,0.0,0.0,0.0,0.0,0.0,0.0,0.0,0.0,0.0,0.0,0.0,0.0,0.0,0.0,0.0,0.0,0.0,0.0,0.0,0.0,0.0,022F_BASE
2024-09-12,1.0,0.0,0.0,0.0,0.0,0.0,0.0,0.0,0.0,0.0,0.0,0.0,0.0,0.0,0.0,0.0,0.0,0.0,0.0,0.0,0.0,0.0,022F_BASE
2024-09-13,1.0,0.0,0.0,0.0,0.0,0.0,0.0,0.0,0.0,0.0,0.0,0.0,0.0,0.0,0.0,0.0,0.0,0.0,0.0,0.0,0.0,0.0,022F_BASE
2024-09-16,1.0,0.0,0.0,0.0,0.0,0.0,0.0,0.0,0.0,0.0,0.0,0.0,0.0,0.0,0.0,0.0,0.0,0.0,0.0,0.0,0.0,0.0,022F_BASE
2024-09-17,1.0,0.0,0.0,0.0,0.0,0.0,0.0,0.0,0.0,0.0,0.0,0.0,0.0,0.0,0.0,0.0,0.0,0.0,0.0,0.0,0.0,0.0,022F_BASE
2024-09-18,0.0,0.0,0.0,0.0,0.0,0.0,0.0,0.0,0.0,0.0,0.0,0.0,0.0,0.4,0.6,0.0,0.0,0.0,0.0,0.0,0.0,0.0,022F_BASE
2024-09-19,0.0,0.0,0.0,0.0,0.0,0.0,0.0,0.0,0.0,0.0,0.0,0.0,0.0,0.4,0.6,0.0,0.0,0.0,0.0,0.0,0.0,0.0,022F_BASE
2024-09-20,0.0,0.0,0.0,0.0,0.0,0.0,0.0,0.0,0.0,0.0,0.0,0.0,0.0,0.4,0.6,0.0,0.0,0.0,0.0,0.0,0.0,0.0,022F_BASE
2024-09-23,0.0,0.0,0.0,0.0,0.0,0.0,0.0,0.0,0.0,0.0,0.0,0.0,0.0,0.4,0.6,0.0,0.0,0.0,0.0,0.0,0.0,0.0,022F_BASE
2024-09-24,0.0,0.0,0.0,0.0,0.0,0.0,0.0,0.0,0.0,0.0,0.0,0.0,0.0,0.4,0.6,0.0,0.0,0.0,0.0,0.0,0.0,0.0,022F_BASE
2024-09-25,0.0,0.0,0.0,0.0,0.0,0.0,0.0,0.0,0.0,0.0,0.0,0.0,0.0,0.4,0.6,0.0,0.0,0.0,0.0,0.0,0.0,0.0,022F_BASE
2024-09-26,0.0,0.0,0.0,0.0,0.0,0.0,0.0,0.0,0.0,0.0,0.0,0.0,0.0,0.4,0.6,0.0,0.0,0.0,0.0,0.0,0.0,0.0,022F_BASE
2024-09-27,0.0,0.0,0.0,0.0,0.0,0.0,0.0,0.0,0.0,0.0,0.0,0.0,0.0,0.4,0.6,0.0,0.0,0.0,0.0,0.0,0.0,0.0,022F_BASE
2024-09-30,0.0,0.0,0.0,0.0,0.0,0.0,0.0,0.0,0.0,0.0,0.0,0.0,0.0,0.4,0.6,0.0,0.0,0.0,0.0,0.0,0.0,0.0,022F_BASE
2024-10-01,0.0,0.0,0.0,0.0,0.0,0.0,0.0,0.0,0.0,0.0,0.0,0.0,0.0,0.4,0.6,0.0,0.0,0.0,0.0,0.0,0.0,0.0,022F_BASE
2024-10-02,0.0,0.0,0.0,0.0,0.0,0.0,0.0,0.0,0.0,0.0,0.0,0.0,0.0,0.6,0.4,0.0,0.0,0.0,0.0,0.0,0.0,0.0,022F_BASE
2024-10-03,0.0,0.0,0.0,0.0,0.0,0.0,0.0,0.0,0.0,0.0,0.0,0.0,0.0,0.6,0.4,0.0,0.0,0.0,0.0,0.0,0.0,0.0,022F_BASE
2024-10-04,0.0,0.0,0.0,0.0,0.0,0.0,0.0,0.0,0.0,0.0,0.0,0.0,0.0,0.6,0.4,0.0,0.0,0.0,0.0,0.0,0.0,0.0,022F_BASE
2024-10-07,0.0,0.0,0.0,0.0,0.0,0.0,0.0,0.0,0.0,0.0,0.0,0.0,0.0,0.6,0.4,0.0,0.0,0.0,0.0,0.0,0.0,0.0,022F_BASE
2024-10-08,0.0,0.0,0.0,0.0,0.0,0.0,0.0,0.0,0.0,0.0,0.0,0.0,0.0,0.6,0.4,0.0,0.0,0.0,0.0,0.0,0.0,0.0,022F_BASE
2024-10-09,0.0,0.0,0.0,0.0,0.0,0.0,0.0,0.0,0.0,0.0,0.0,0.0,0.0,0.6,0.4,0.0,0.0,0.0,0.0,0.0,0.0,0.0,022F_BASE
2024-10-10,0.0,0.0,0.0,0.0,0.0,0.0,0.0,0.0,0.0,0.0,0.0,0.0,0.0,0.6,0.4,0.0,0.0,0.0,0.0,0.0,0.0,0.0,022F_BASE
2024-10-11,0.0,0.0,0.0,0.0,0.0,0.0,0.0,0.0,0.0,0.0,0.0,0.0,0.0,0.6,0.4,0.0,0.0,0.0,0.0,0.0,0.0,0.0,022F_BASE
2024-10-14,0.0,0.0,0.0,0.0,0.0,0.0,0.0,0.0,0.0,0.0,0.0,0.0,0.0,0.6,0.4,0.0,0.0,0.0,0.0,0.0,0.0,0.0,022F_BASE
2024-10-15,0.0,0.0,0.0,0.0,0.0,0.0,0.0,0.0,0.0,0.0,0.0,0.0,0.0,0.6,0.4,0.0,0.0,0.0,0.0,0.0,0.0,0.0,022F_BASE
2024-10-16,0.0,0.0,0.0,0.0,0.0,0.0,0.0,0.0,0.0,0.0,0.0,0.0,0.0,0.4,0.6,0.0,0.0,0.0,0.0,0.0,0.0,0.0,022F_BASE
2024-10-17,0.0,0.0,0.0,0.0,0.0,0.0,0.0,0.0,0.0,0.0,0.0,0.0,0.0,0.4,0.6,0.0,0.0,0.0,0.0,0.0,0.0,0.0,022F_BASE
2024-10-18,0.0,0.0,0.0,0.0,0.0,0.0,0.0,0.0,0.0,0.0,0.0,0.0,0.0,0.4,0.6,0.0,0.0,0.0,0.0,0.0,0.0,0.0,022F_BASE
2024-10-21,0.0,0.0,0.0,0.0,0.0,0.0,0.0,0.0,0.0,0.0,0.0,0.0,0.0,0.4,0.6,0.0,0.0,0.0,0.0,0.0,0.0,0.0,022F_BASE
2024-10-22,0.0,0.0,0.0,0.0,0.0,0.0,0.0,0.0,0.0,0.0,0.0,0.0,0.0,0.4,0.6,0.0,0.0,0.0,0.0,0.0,0.0,0.0,022F_BASE
2024-10-23,0.0,0.0,0.0,0.0,0.0,0.0,0.0,0.0,0.0,0.0,0.0,0.0,0.0,0.4,0.6,0.0,0.0,0.0,0.0,0.0,0.0,0.0,022F_BASE
2024-10-24,0.0,0.0,0.0,0.0,0.0,0.0,0.0,0.0,0.0,0.0,0.0,0.0,0.0,0.4,0.6,0.0,0.0,0.0,0.0,0.0,0.0,0.0,022F_BASE
2024-10-25,0.0,0.0,0.0,0.0,0.0,0.0,0.0,0.0,0.0,0.0,0.0,0.0,0.0,0.4,0.6,0.0,0.0,0.0,0.0,0.0,0.0,0.0,022F_BASE
2024-10-28,0.0,0.0,0.0,0.0,0.0,0.0,0.0,0.0,0.0,0.0,0.0,0.0,0.0,0.4,0.6,0.0,0.0,0.0,0.0,0.0,0.0,0.0,022F_BASE
2024-10-29,0.0,0.0,0.0,0.0,0.0,0.0,0.0,0.0,0.0,0.0,0.0,0.0,0.0,0.4,0.6,0.0,0.0,0.0,0.0,0.0,0.0,0.0,022F_BASE
2024-10-30,0.0,0.0,0.0,0.0,0.0,0.0,0.0,0.0,0.0,0.0,0.0,0.0,0.0,0.4,0.6,0.0,0.0,0.0,0.0,0.0,0.0,0.0,022F_BASE
2024-10-31,0.0,0.0,0.0,0.0,0.0,0.0,0.0,0.0,0.0,0.0,0.0,0.0,0.0,0.4,0.6,0.0,0.0,0.0,0.0,0.0,0.0,0.0,022F_BASE
2024-11-01,0.0,0.0,0.0,0.0,0.0,0.0,0.0,0.0,0.0,0.0,0.0,0.0,0.0,0.4,0.6,0.0,0.0,0.0,0.0,0.0,0.0,0.0,022F_BASE
2024-11-04,0.0,0.0,0.0,0.0,0.0,0.0,0.0,0.0,0.0,0.0,0.0,0.0,0.0,0.4,0.6,0.0,0.0,0.0,0.0,0.0,0.0,0.0,022F_BASE
2024-11-05,0.0,0.0,0.0,0.0,0.0,0.0,0.0,0.0,0.0,0.0,0.0,0.0,0.0,0.4,0.6,0.0,0.0,0.0,0.0,0.0,0.0,0.0,022F_BASE
2024-11-06,0.0,0.0,0.0,0.0,0.0,0.0,0.0,0.0,0.0,0.0,0.0,0.0,0.0,0.4,0.6,0.0,0.0,0.0,0.0,0.0,0.0,0.0,022F_BASE
2024-11-07,0.0,0.0,0.0,0.0,0.0,0.0,0.0,0.0,0.0,0.0,0.0,0.0,0.0,0.4,0.6,0.0,0.0,0.0,0.0,0.0,0.0,0.0,022F_BASE
2024-11-08,0.0,0.0,0.0,0.0,0.0,0.0,0.0,0.0,0.0,0.0,0.0,0.0,0.0,0.4,0.6,0.0,0.0,0.0,0.0,0.0,0.0,0.0,022F_BASE
2024-11-11,0.0,0.0,0.0,0.0,0.0,0.0,0.0,0.0,0.0,0.0,0.0,0.0,0.0,0.4,0.6,0.0,0.0,0.0,0.0,0.0,0.0,0.0,022F_BASE
2024-11-12,0.0,0.0,0.0,0.0,0.0,0.0,0.0,0.0,0.0,0.0,0.0,0.0,0.0,0.4,0.6,0.0,0.0,0.0,0.0,0.0,0.0,0.0,022F_BASE
2024-11-13,0.0,0.0,0.0,0.0,0.0,0.0,0.0,0.0,0.0,0.0,0.0,0.0,0.0,0.4,0.6,0.0,0.0,0.0,0.0,0.0,0.0,0.0,022F_BASE
2024-11-14,0.0,0.0,0.0,0.0,0.0,0.0,0.0,0.0,0.0,0.0,0.0,0.0,0.0,0.4,0.6,0.0,0.0,0.0,0.0,0.0,0.0,0.0,022F_BASE
2024-11-15,0.0,0.0,0.0,0.0,0.0,0.0,0.0,0.0,0.0,0.0,0.0,0.0,0.0,0.4,0.6,0.0,0.0,0.0,0.0,0.0,0.0,0.0,022F_BASE
2024-11-18,0.0,0.0,0.0,0.0,0.0,0.0,0.0,0.0,0.0,0.0,0.0,0.0,0.0,0.4,0.6,0.0,0.0,0.0,0.0,0.0,0.0,0.0,022F_BASE
2024-11-19,0.0,0.0,0.0,0.0,0.0,0.0,0.0,0.0,0.0,0.0,0.0,0.0,0.0,0.4,0.6,0.0,0.0,0.0,0.0,0.0,0.0,0.0,022F_BASE
2024-11-20,0.0,0.0,0.0,0.0,0.0,0.0,0.0,0.0,0.0,0.0,0.0,0.0,0.0,0.4,0.6,0.0,0.0,0.0,0.0,0.0,0.0,0.0,022F_BASE
2024-11-21,0.0,0.0,0.0,0.0,0.0,0.0,0.0,0.0,0.0,0.0,0.0,0.0,0.0,0.4,0.6,0.0,0.0,0.0,0.0,0.0,0.0,0.0,022F_BASE
2024-11-22,0.0,0.0,0.0,0.0,0.0,0.0,0.0,0.0,0.0,0.0,0.0,0.0,0.0,0.4,0.6,0.0,0.0,0.0,0.0,0.0,0.0,0.0,022F_BASE
2024-11-25,0.0,0.0,0.0,0.0,0.0,0.0,0.0,0.0,0.0,0.0,0.0,0.0,0.0,0.4,0.6,0.0,0.0,0.0,0.0,0.0,0.0,0.0,022F_BASE
2024-11-26,0.0,0.0,0.0,0.0,0.0,0.0,0.0,0.0,0.0,0.0,0.0,0.0,0.0,0.4,0.6,0.0,0.0,0.0,0.0,0.0,0.0,0.0,022F_BASE
2024-11-27,0.0,0.1893668958268781,0.08,0.0,0.0,0.0,0.3605246814677754,0.0,0.0,0.0,0.0,0.0,0.0,0.0,0.3701084227053464,0.0,0.0,0.0,0.0,0.0,0.0,0.0,022F_BASE
2024-11-29,0.0,0.1893668958268781,0.08,0.0,0.0,0.0,0.3605246814677754,0.0,0.0,0.0,0.0,0.0,0.0,0.0,0.3701084227053464,0.0,0.0,0.0,0.0,0.0,0.0,0.0,022F_BASE
2024-12-02,0.0,0.1893668958268781,0.08,0.0,0.0,0.0,0.3605246814677754,0.0,0.0,0.0,0.0,0.0,0.0,0.0,0.3701084227053464,0.0,0.0,0.0,0.0,0.0,0.0,0.0,022F_BASE
2024-12-03,0.0,0.1893668958268781,0.08,0.0,0.0,0.0,0.3605246814677754,0.0,0.0,0.0,0.0,0.0,0.0,0.0,0.3701084227053464,0.0,0.0,0.0,0.0,0.0,0.0,0.0,022F_BASE
2024-12-04,0.0,0.1893668958268781,0.08,0.0,0.0,0.0,0.3605246814677754,0.0,0.0,0.0,0.0,0.0,0.0,0.0,0.3701084227053464,0.0,0.0,0.0,0.0,0.0,0.0,0.0,022F_BASE
2024-12-05,0.0,0.1893668958268781,0.08,0.0,0.0,0.0,0.3605246814677754,0.0,0.0,0.0,0.0,0.0,0.0,0.0,0.3701084227053464,0.0,0.0,0.0,0.0,0.0,0.0,0.0,022F_BASE
2024-12-06,0.0,0.1893668958268781,0.08,0.0,0.0,0.0,0.3605246814677754,0.0,0.0,0.0,0.0,0.0,0.0,0.0,0.3701084227053464,0.0,0.0,0.0,0.0,0.0,0.0,0.0,022F_BASE
2024-12-09,0.0,0.1893668958268781,0.08,0.0,0.0,0.0,0.3605246814677754,0.0,0.0,0.0,0.0,0.0,0.0,0.0,0.3701084227053464,0.0,0.0,0.0,0.0,0.0,0.0,0.0,022F_BASE
2024-12-10,0.0,0.1893668958268781,0.08,0.0,0.0,0.0,0.3605246814677754,0.0,0.0,0.0,0.0,0.0,0.0,0.0,0.3701084227053464,0.0,0.0,0.0,0.0,0.0,0.0,0.0,022F_BASE
2024-12-11,0.0,0.1893668958268781,0.08,0.0,0.0,0.0,0.3605246814677754,0.0,0.0,0.0,0.0,0.0,0.0,0.0,0.3701084227053464,0.0,0.0,0.0,0.0,0.0,0.0,0.0,022F_BASE
2024-12-12,1.0,0.0,0.0,0.0,0.0,0.0,0.0,0.0,0.0,0.0,0.0,0.0,0.0,0.0,0.0,0.0,0.0,0.0,0.0,0.0,0.0,0.0,022F_BASE
2024-12-13,1.0,0.0,0.0,0.0,0.0,0.0,0.0,0.0,0.0,0.0,0.0,0.0,0.0,0.0,0.0,0.0,0.0,0.0,0.0,0.0,0.0,0.0,022F_BASE
2024-12-16,1.0,0.0,0.0,0.0,0.0,0.0,0.0,0.0,0.0,0.0,0.0,0.0,0.0,0.0,0.0,0.0,0.0,0.0,0.0,0.0,0.0,0.0,022F_BASE
2024-12-17,1.0,0.0,0.0,0.0,0.0,0.0,0.0,0.0,0.0,0.0,0.0,0.0,0.0,0.0,0.0,0.0,0.0,0.0,0.0,0.0,0.0,0.0,022F_BASE
2024-12-18,1.0,0.0,0.0,0.0,0.0,0.0,0.0,0.0,0.0,0.0,0.0,0.0,0.0,0.0,0.0,0.0,0.0,0.0,0.0,0.0,0.0,0.0,022F_BASE
2024-12-19,1.0,0.0,0.0,0.0,0.0,0.0,0.0,0.0,0.0,0.0,0.0,0.0,0.0,0.0,0.0,0.0,0.0,0.0,0.0,0.0,0.0,0.0,022F_BASE
2024-12-20,1.0,0.0,0.0,0.0,0.0,0.0,0.0,0.0,0.0,0.0,0.0,0.0,0.0,0.0,0.0,0.0,0.0,0.0,0.0,0.0,0.0,0.0,022F_BASE
2024-12-23,1.0,0.0,0.0,0.0,0.0,0.0,0.0,0.0,0.0,0.0,0.0,0.0,0.0,0.0,0.0,0.0,0.0,0.0,0.0,0.0,0.0,0.0,022F_BASE
2024-12-24,1.0,0.0,0.0,0.0,0.0,0.0,0.0,0.0,0.0,0.0,0.0,0.0,0.0,0.0,0.0,0.0,0.0,0.0,0.0,0.0,0.0,0.0,022F_BASE
2024-12-26,1.0,0.0,0.0,0.0,0.0,0.0,0.0,0.0,0.0,0.0,0.0,0.0,0.0,0.0,0.0,0.0,0.0,0.0,0.0,0.0,0.0,0.0,022F_BASE
2024-12-27,0.92,0.0,0.0,0.0,0.0,0.0,0.0,0.0,0.0,0.0,0.0,0.0,0.0,0.0,0.08,0.0,0.0,0.0,0.0,0.0,0.0,0.0,022F_BASE
2024-12-30,0.92,0.0,0.0,0.0,0.0,0.0,0.0,0.0,0.0,0.0,0.0,0.0,0.0,0.0,0.08,0.0,0.0,0.0,0.0,0.0,0.0,0.0,022F_BASE
2024-12-31,0.92,0.0,0.0,0.0,0.0,0.0,0.0,0.0,0.0,0.0,0.0,0.0,0.0,0.0,0.08,0.0,0.0,0.0,0.0,0.0,0.0,0.0,022F_BASE
2025-01-02,0.92,0.0,0.0,0.0,0.0,0.0,0.0,0.0,0.0,0.0,0.0,0.0,0.0,0.0,0.08,0.0,0.0,0.0,0.0,0.0,0.0,0.0,022F_BASE
2025-01-03,0.92,0.0,0.0,0.0,0.0,0.0,0.0,0.0,0.0,0.0,0.0,0.0,0.0,0.0,0.08,0.0,0.0,0.0,0.0,0.0,0.0,0.0,022F_BASE
2025-01-06,0.92,0.0,0.0,0.0,0.0,0.0,0.0,0.0,0.0,0.0,0.0,0.0,0.0,0.0,0.08,0.0,0.0,0.0,0.0,0.0,0.0,0.0,022F_BASE
2025-01-07,0.92,0.0,0.0,0.0,0.0,0.0,0.0,0.0,0.0,0.0,0.0,0.0,0.0,0.0,0.08,0.0,0.0,0.0,0.0,0.0,0.0,0.0,022F_BASE
2025-01-08,0.92,0.0,0.0,0.0,0.0,0.0,0.0,0.0,0.0,0.0,0.0,0.0,0.0,0.0,0.08,0.0,0.0,0.0,0.0,0.0,0.0,0.0,022F_BASE
2025-01-10,0.92,0.0,0.0,0.0,0.0,0.0,0.0,0.0,0.0,0.0,0.0,0.0,0.0,0.0,0.08,0.0,0.0,0.0,0.0,0.0,0.0,0.0,022F_BASE
2025-01-13,0.92,0.0,0.0,0.0,0.0,0.0,0.0,0.0,0.0,0.0,0.0,0.0,0.0,0.0,0.08,0.0,0.0,0.0,0.0,0.0,0.0,0.0,022F_BASE
2025-01-14,0.0,0.0,0.08,0.1,0.0,0.0,0.0,0.0,0.0,0.15,0.0,0.0,0.0,0.2699999999999999,0.0,0.0,0.0,0.0,0.0,0.0,0.07,0.33,022F_BASE
2025-01-15,0.0,0.0,0.08,0.1,0.0,0.0,0.0,0.0,0.0,0.15,0.0,0.0,0.0,0.2699999999999999,0.0,0.0,0.0,0.0,0.0,0.0,0.07,0.33,022F_BASE
2025-01-16,0.0,0.0,0.08,0.1,0.0,0.0,0.0,0.0,0.0,0.15,0.0,0.0,0.0,0.2699999999999999,0.0,0.0,0.0,0.0,0.0,0.0,0.07,0.33,022F_BASE
2025-01-17,0.0,0.0,0.08,0.1,0.0,0.0,0.0,0.0,0.0,0.15,0.0,0.0,0.0,0.2699999999999999,0.0,0.0,0.0,0.0,0.0,0.0,0.07,0.33,022F_BASE
2025-01-21,0.0,0.0,0.08,0.1,0.0,0.0,0.0,0.0,0.0,0.15,0.0,0.0,0.0,0.2699999999999999,0.0,0.0,0.0,0.0,0.0,0.0,0.07,0.33,022F_BASE
2025-01-22,0.0,0.0,0.08,0.1,0.0,0.0,0.0,0.0,0.0,0.15,0.0,0.0,0.0,0.2699999999999999,0.0,0.0,0.0,0.0,0.0,0.0,0.07,0.33,022F_BASE
2025-01-23,0.0,0.0,0.08,0.1,0.0,0.0,0.0,0.0,0.0,0.15,0.0,0.0,0.0,0.2699999999999999,0.0,0.0,0.0,0.0,0.0,0.0,0.07,0.33,022F_BASE
2025-01-24,0.0,0.0,0.08,0.1,0.0,0.0,0.0,0.0,0.0,0.15,0.0,0.0,0.0,0.2699999999999999,0.0,0.0,0.0,0.0,0.0,0.0,0.07,0.33,022F_BASE
2025-01-27,0.0,0.0,0.08,0.1,0.0,0.0,0.0,0.0,0.0,0.15,0.0,0.0,0.0,0.2699999999999999,0.0,0.0,0.0,0.0,0.0,0.0,0.07,0.33,022F_BASE
2025-01-28,0.0,0.0,0.08,0.1,0.0,0.0,0.0,0.0,0.0,0.15,0.0,0.0,0.0,0.2699999999999999,0.0,0.0,0.0,0.0,0.0,0.0,0.07,0.33,022F_BASE
2025-01-29,0.0,0.1577550370394733,0.0799999999999999,0.065,0.0,0.0,0.0,0.0,0.0,0.0,0.0,0.0,0.0,0.3162250699521373,0.3810198930083893,0.0,0.0,0.0,0.0,0.0,0.0,0.0,022F_BASE
2025-01-30,0.0,0.1577550370394733,0.0799999999999999,0.065,0.0,0.0,0.0,0.0,0.0,0.0,0.0,0.0,0.0,0.3162250699521373,0.3810198930083893,0.0,0.0,0.0,0.0,0.0,0.0,0.0,022F_BASE
2025-01-31,0.0,0.1577550370394733,0.0799999999999999,0.065,0.0,0.0,0.0,0.0,0.0,0.0,0.0,0.0,0.0,0.3162250699521373,0.3810198930083893,0.0,0.0,0.0,0.0,0.0,0.0,0.0,022F_BASE
2025-02-03,0.0,0.1577550370394733,0.0799999999999999,0.065,0.0,0.0,0.0,0.0,0.0,0.0,0.0,0.0,0.0,0.3162250699521373,0.3810198930083893,0.0,0.0,0.0,0.0,0.0,0.0,0.0,022F_BASE
2025-02-04,0.0,0.1577550370394733,0.0799999999999999,0.065,0.0,0.0,0.0,0.0,0.0,0.0,0.0,0.0,0.0,0.3162250699521373,0.3810198930083893,0.0,0.0,0.0,0.0,0.0,0.0,0.0,022F_BASE
2025-02-05,0.0,0.1577550370394733,0.0799999999999999,0.065,0.0,0.0,0.0,0.0,0.0,0.0,0.0,0.0,0.0,0.3162250699521373,0.3810198930083893,0.0,0.0,0.0,0.0,0.0,0.0,0.0,022F_BASE
2025-02-06,0.0,0.1577550370394733,0.0799999999999999,0.065,0.0,0.0,0.0,0.0,0.0,0.0,0.0,0.0,0.0,0.3162250699521373,0.3810198930083893,0.0,0.0,0.0,0.0,0.0,0.0,0.0,022F_BASE
2025-02-07,0.0,0.1577550370394733,0.0799999999999999,0.065,0.0,0.0,0.0,0.0,0.0,0.0,0.0,0.0,0.0,0.3162250699521373,0.3810198930083893,0.0,0.0,0.0,0.0,0.0,0.0,0.0,022F_BASE
2025-02-10,0.0,0.1577550370394733,0.0799999999999999,0.065,0.0,0.0,0.0,0.0,0.0,0.0,0.0,0.0,0.0,0.3162250699521373,0.3810198930083893,0.0,0.0,0.0,0.0,0.0,0.0,0.0,022F_BASE
2025-02-11,0.0,0.1577550370394733,0.0799999999999999,0.065,0.0,0.0,0.0,0.0,0.0,0.0,0.0,0.0,0.0,0.3162250699521373,0.3810198930083893,0.0,0.0,0.0,0.0,0.0,0.0,0.0,022F_BASE
2025-02-12,0.0,0.0,0.0799999999999999,0.0,0.0,0.0,0.0,0.0,0.0,0.0,0.0,0.0,0.1922465242941698,0.5098221170051056,0.0,0.0,0.1679313587007246,0.05,0.0,0.0,0.0,0.0,022F_BASE
2025-02-13,0.0,0.0,0.0799999999999999,0.0,0.0,0.0,0.0,0.0,0.0,0.0,0.0,0.0,0.1922465242941698,0.5098221170051056,0.0,0.0,0.1679313587007246,0.05,0.0,0.0,0.0,0.0,022F_BASE
2025-02-14,0.0,0.0,0.0799999999999999,0.0,0.0,0.0,0.0,0.0,0.0,0.0,0.0,0.0,0.1922465242941698,0.5098221170051056,0.0,0.0,0.1679313587007246,0.05,0.0,0.0,0.0,0.0,022F_BASE
2025-02-18,0.0,0.0,0.0799999999999999,0.0,0.0,0.0,0.0,0.0,0.0,0.0,0.0,0.0,0.1922465242941698,0.5098221170051056,0.0,0.0,0.1679313587007246,0.05,0.0,0.0,0.0,0.0,022F_BASE
2025-02-19,0.0,0.0,0.0799999999999999,0.0,0.0,0.0,0.0,0.0,0.0,0.0,0.0,0.0,0.1922465242941698,0.5098221170051056,0.0,0.0,0.1679313587007246,0.05,0.0,0.0,0.0,0.0,022F_BASE
2025-02-20,0.0,0.0,0.0799999999999999,0.0,0.0,0.0,0.0,0.0,0.0,0.0,0.0,0.0,0.1922465242941698,0.5098221170051056,0.0,0.0,0.1679313587007246,0.05,0.0,0.0,0.0,0.0,022F_BASE
2025-02-21,0.0,0.0,0.0799999999999999,0.0,0.0,0.0,0.0,0.0,0.0,0.0,0.0,0.0,0.1922465242941698,0.5098221170051056,0.0,0.0,0.1679313587007246,0.05,0.0,0.0,0.0,0.0,022F_BASE
2025-02-24,0.0,0.0,0.0799999999999999,0.0,0.0,0.0,0.0,0.0,0.0,0.0,0.0,0.0,0.1922465242941698,0.5098221170051056,0.0,0.0,0.1679313587007246,0.05,0.0,0.0,0.0,0.0,022F_BASE
2025-02-25,0.0,0.0,0.0799999999999999,0.0,0.0,0.0,0.0,0.0,0.0,0.0,0.0,0.0,0.1922465242941698,0.5098221170051056,0.0,0.0,0.1679313587007246,0.05,0.0,0.0,0.0,0.0,022F_BASE
2025-02-26,0.0,0.0,0.0799999999999999,0.0,0.0,0.0,0.0,0.0,0.0,0.0,0.0,0.0,0.1922465242941698,0.5098221170051056,0.0,0.0,0.1679313587007246,0.05,0.0,0.0,0.0,0.0,022F_BASE
2025-02-27,0.0,0.0,0.0,0.0,0.0,0.0,0.0,0.0,0.0,0.0,0.0,0.0,0.0,0.6,0.0,0.0,0.0,0.0,0.0,0.0,0.0,0.4,022F_BASE
2025-02-28,0.0,0.0,0.0,0.0,0.0,0.0,0.0,0.0,0.0,0.0,0.0,0.0,0.0,0.6,0.0,0.0,0.0,0.0,0.0,0.0,0.0,0.4,022F_BASE
2025-03-03,0.0,0.0,0.0,0.0,0.0,0.0,0.0,0.0,0.0,0.0,0.0,0.0,0.0,0.6,0.0,0.0,0.0,0.0,0.0,0.0,0.0,0.4,022F_BASE
2025-03-04,0.0,0.0,0.0,0.0,0.0,0.0,0.0,0.0,0.0,0.0,0.0,0.0,0.0,0.6,0.0,0.0,0.0,0.0,0.0,0.0,0.0,0.4,022F_BASE
2025-03-05,0.0,0.0,0.0,0.0,0.0,0.0,0.0,0.0,0.0,0.0,0.0,0.0,0.0,0.6,0.0,0.0,0.0,0.0,0.0,0.0,0.0,0.4,022F_BASE
2025-03-06,0.0,0.0,0.0,0.0,0.0,0.0,0.0,0.0,0.0,0.0,0.0,0.0,0.0,0.6,0.0,0.0,0.0,0.0,0.0,0.0,0.0,0.4,022F_BASE
2025-03-07,0.0,0.0,0.0,0.0,0.0,0.0,0.0,0.0,0.0,0.0,0.0,0.0,0.0,0.6,0.0,0.0,0.0,0.0,0.0,0.0,0.0,0.4,022F_BASE
2025-03-10,0.0,0.0,0.0,0.0,0.0,0.0,0.0,0.0,0.0,0.0,0.0,0.0,0.0,0.6,0.0,0.0,0.0,0.0,0.0,0.0,0.0,0.4,022F_BASE
2025-03-11,0.0,0.0,0.0,0.0,0.0,0.0,0.0,0.0,0.0,0.0,0.0,0.0,0.0,0.6,0.0,0.0,0.0,0.0,0.0,0.0,0.0,0.4,022F_BASE
2025-03-12,0.0,0.0,0.0,0.0,0.0,0.0,0.0,0.0,0.0,0.0,0.0,0.0,0.0,0.6,0.0,0.0,0.0,0.0,0.0,0.0,0.0,0.4,022F_BASE
2025-03-13,0.0,0.0,0.0,0.0,0.0,0.0,0.0,0.0,0.0,0.0,0.0,0.0,0.0,0.0,0.4,0.0,0.0,0.0,0.0,0.0,0.0,0.6,022F_BASE
2025-03-14,0.0,0.0,0.0,0.0,0.0,0.0,0.0,0.0,0.0,0.0,0.0,0.0,0.0,0.0,0.4,0.0,0.0,0.0,0.0,0.0,0.0,0.6,022F_BASE
2025-03-17,0.0,0.0,0.0,0.0,0.0,0.0,0.0,0.0,0.0,0.0,0.0,0.0,0.0,0.0,0.4,0.0,0.0,0.0,0.0,0.0,0.0,0.6,022F_BASE
2025-03-18,0.0,0.0,0.0,0.0,0.0,0.0,0.0,0.0,0.0,0.0,0.0,0.0,0.0,0.0,0.4,0.0,0.0,0.0,0.0,0.0,0.0,0.6,022F_BASE
2025-03-19,0.0,0.0,0.0,0.0,0.0,0.0,0.0,0.0,0.0,0.0,0.0,0.0,0.0,0.0,0.4,0.0,0.0,0.0,0.0,0.0,0.0,0.6,022F_BASE
2025-03-20,0.0,0.0,0.0,0.0,0.0,0.0,0.0,0.0,0.0,0.0,0.0,0.0,0.0,0.0,0.4,0.0,0.0,0.0,0.0,0.0,0.0,0.6,022F_BASE
2025-03-21,0.0,0.0,0.0,0.0,0.0,0.0,0.0,0.0,0.0,0.0,0.0,0.0,0.0,0.0,0.4,0.0,0.0,0.0,0.0,0.0,0.0,0.6,022F_BASE
2025-03-24,0.0,0.0,0.0,0.0,0.0,0.0,0.0,0.0,0.0,0.0,0.0,0.0,0.0,0.0,0.4,0.0,0.0,0.0,0.0,0.0,0.0,0.6,022F_BASE
2025-03-25,0.0,0.0,0.0,0.0,0.0,0.0,0.0,0.0,0.0,0.0,0.0,0.0,0.0,0.0,0.4,0.0,0.0,0.0,0.0,0.0,0.0,0.6,022F_BASE
2025-03-26,0.0,0.0,0.0,0.0,0.0,0.0,0.0,0.0,0.0,0.0,0.0,0.0,0.0,0.0,0.4,0.0,0.0,0.0,0.0,0.0,0.0,0.6,022F_BASE
2025-03-27,1.0,0.0,0.0,0.0,0.0,0.0,0.0,0.0,0.0,0.0,0.0,0.0,0.0,0.0,0.0,0.0,0.0,0.0,0.0,0.0,0.0,0.0,022F_BASE
2025-03-28,1.0,0.0,0.0,0.0,0.0,0.0,0.0,0.0,0.0,0.0,0.0,0.0,0.0,0.0,0.0,0.0,0.0,0.0,0.0,0.0,0.0,0.0,022F_BASE
2025-03-31,1.0,0.0,0.0,0.0,0.0,0.0,0.0,0.0,0.0,0.0,0.0,0.0,0.0,0.0,0.0,0.0,0.0,0.0,0.0,0.0,0.0,0.0,022F_BASE
2025-04-01,1.0,0.0,0.0,0.0,0.0,0.0,0.0,0.0,0.0,0.0,0.0,0.0,0.0,0.0,0.0,0.0,0.0,0.0,0.0,0.0,0.0,0.0,022F_BASE
2025-04-02,1.0,0.0,0.0,0.0,0.0,0.0,0.0,0.0,0.0,0.0,0.0,0.0,0.0,0.0,0.0,0.0,0.0,0.0,0.0,0.0,0.0,0.0,022F_BASE
2025-04-03,1.0,0.0,0.0,0.0,0.0,0.0,0.0,0.0,0.0,0.0,0.0,0.0,0.0,0.0,0.0,0.0,0.0,0.0,0.0,0.0,0.0,0.0,022F_BASE
2025-04-04,1.0,0.0,0.0,0.0,0.0,0.0,0.0,0.0,0.0,0.0,0.0,0.0,0.0,0.0,0.0,0.0,0.0,0.0,0.0,0.0,0.0,0.0,022F_BASE
2025-04-07,1.0,0.0,0.0,0.0,0.0,0.0,0.0,0.0,0.0,0.0,0.0,0.0,0.0,0.0,0.0,0.0,0.0,0.0,0.0,0.0,0.0,0.0,022F_BASE
2025-04-08,1.0,0.0,0.0,0.0,0.0,0.0,0.0,0.0,0.0,0.0,0.0,0.0,0.0,0.0,0.0,0.0,0.0,0.0,0.0,0.0,0.0,0.0,022F_BASE
2025-04-09,1.0,0.0,0.0,0.0,0.0,0.0,0.0,0.0,0.0,0.0,0.0,0.0,0.0,0.0,0.0,0.0,0.0,0.0,0.0,0.0,0.0,0.0,022F_BASE
2025-04-10,0.0,0.0,0.08,0.1,0.0,0.0,0.3279999999999999,0.0,0.0,0.0,0.0,0.0,0.0,0.0,0.492,0.0,0.0,0.0,0.0,0.0,0.0,0.0,022F_BASE
2025-04-11,0.0,0.0,0.08,0.1,0.0,0.0,0.3279999999999999,0.0,0.0,0.0,0.0,0.0,0.0,0.0,0.492,0.0,0.0,0.0,0.0,0.0,0.0,0.0,022F_BASE
2025-04-14,0.0,0.0,0.08,0.1,0.0,0.0,0.3279999999999999,0.0,0.0,0.0,0.0,0.0,0.0,0.0,0.492,0.0,0.0,0.0,0.0,0.0,0.0,0.0,022F_BASE
2025-04-15,0.0,0.0,0.08,0.1,0.0,0.0,0.3279999999999999,0.0,0.0,0.0,0.0,0.0,0.0,0.0,0.492,0.0,0.0,0.0,0.0,0.0,0.0,0.0,022F_BASE
2025-04-16,0.0,0.0,0.08,0.1,0.0,0.0,0.3279999999999999,0.0,0.0,0.0,0.0,0.0,0.0,0.0,0.492,0.0,0.0,0.0,0.0,0.0,0.0,0.0,022F_BASE
2025-04-17,0.0,0.0,0.08,0.1,0.0,0.0,0.3279999999999999,0.0,0.0,0.0,0.0,0.0,0.0,0.0,0.492,0.0,0.0,0.0,0.0,0.0,0.0,0.0,022F_BASE
2025-04-21,0.0,0.0,0.08,0.1,0.0,0.0,0.3279999999999999,0.0,0.0,0.0,0.0,0.0,0.0,0.0,0.492,0.0,0.0,0.0,0.0,0.0,0.0,0.0,022F_BASE
2025-04-22,0.0,0.0,0.08,0.1,0.0,0.0,0.3279999999999999,0.0,0.0,0.0,0.0,0.0,0.0,0.0,0.492,0.0,0.0,0.0,0.0,0.0,0.0,0.0,022F_BASE
2025-04-23,0.0,0.0,0.08,0.1,0.0,0.0,0.3279999999999999,0.0,0.0,0.0,0.0,0.0,0.0,0.0,0.492,0.0,0.0,0.0,0.0,0.0,0.0,0.0,022F_BASE
2025-04-24,0.0,0.0,0.08,0.1,0.0,0.0,0.3279999999999999,0.0,0.0,0.0,0.0,0.0,0.0,0.0,0.492,0.0,0.0,0.0,0.0,0.0,0.0,0.0,022F_BASE
2025-04-25,0.0,0.0,0.0,0.0,0.0,0.0,0.6,0.0,0.0,0.0,0.0,0.0,0.0,0.0,0.0,0.0,0.0,0.0,0.0,0.0,0.0,0.4,022F_BASE
2025-04-28,0.0,0.0,0.0,0.0,0.0,0.0,0.6,0.0,0.0,0.0,0.0,0.0,0.0,0.0,0.0,0.0,0.0,0.0,0.0,0.0,0.0,0.4,022F_BASE
2025-04-29,0.0,0.0,0.0,0.0,0.0,0.0,0.6,0.0,0.0,0.0,0.0,0.0,0.0,0.0,0.0,0.0,0.0,0.0,0.0,0.0,0.0,0.4,022F_BASE
2025-04-30,0.0,0.0,0.0,0.0,0.0,0.0,0.6,0.0,0.0,0.0,0.0,0.0,0.0,0.0,0.0,0.0,0.0,0.0,0.0,0.0,0.0,0.4,022F_BASE
2025-05-01,0.0,0.0,0.0,0.0,0.0,0.0,0.6,0.0,0.0,0.0,0.0,0.0,0.0,0.0,0.0,0.0,0.0,0.0,0.0,0.0,0.0,0.4,022F_BASE
2025-05-02,0.0,0.0,0.0,0.0,0.0,0.0,0.6,0.0,0.0,0.0,0.0,0.0,0.0,0.0,0.0,0.0,0.0,0.0,0.0,0.0,0.0,0.4,022F_BASE
2025-05-05,0.0,0.0,0.0,0.0,0.0,0.0,0.6,0.0,0.0,0.0,0.0,0.0,0.0,0.0,0.0,0.0,0.0,0.0,0.0,0.0,0.0,0.4,022F_BASE
2025-05-06,0.0,0.0,0.0,0.0,0.0,0.0,0.6,0.0,0.0,0.0,0.0,0.0,0.0,0.0,0.0,0.0,0.0,0.0,0.0,0.0,0.0,0.4,022F_BASE
2025-05-07,0.0,0.0,0.0,0.0,0.0,0.0,0.6,0.0,0.0,0.0,0.0,0.0,0.0,0.0,0.0,0.0,0.0,0.0,0.0,0.0,0.0,0.4,022F_BASE
2025-05-08,0.0,0.0,0.0,0.0,0.0,0.0,0.0,0.3196470249645588,0.18035297503544118,0.0,0.0,0.0,0.0,0.5,0.0,0.0,0.0,0.0,0.0,0.0,0.0,0.0,EXPANDED_CANDIDATE
2025-05-09,0.0,0.0,0.0,0.0,0.0,0.0,0.3,0.3196470249645588,0.38035297503544113,0.0,0.0,0.0,0.0,0.0,0.0,0.0,0.0,0.0,0.0,0.0,0.0,0.0,EXPANDED_CANDIDATE
2025-05-12,0.0,0.0,0.0,0.0,0.0,0.0,0.3,0.3196470249645588,0.38035297503544113,0.0,0.0,0.0,0.0,0.0,0.0,0.0,0.0,0.0,0.0,0.0,0.0,0.0,EXPANDED_CANDIDATE
2025-05-13,0.0,0.0,0.0,0.0,0.0,0.0,0.3,0.3196470249645588,0.38035297503544113,0.0,0.0,0.0,0.0,0.0,0.0,0.0,0.0,0.0,0.0,0.0,0.0,0.0,EXPANDED_CANDIDATE
2025-05-14,0.0,0.0,0.0,0.0,0.0,0.0,0.3,0.3196470249645588,0.38035297503544113,0.0,0.0,0.0,0.0,0.0,0.0,0.0,0.0,0.0,0.0,0.0,0.0,0.0,EXPANDED_CANDIDATE
2025-05-15,0.0,0.0,0.0,0.0,0.0,0.0,0.3,0.3196470249645588,0.38035297503544113,0.0,0.0,0.0,0.0,0.0,0.0,0.0,0.0,0.0,0.0,0.0,0.0,0.0,EXPANDED_CANDIDATE
2025-05-16,0.0,0.0,0.0,0.0,0.0,0.0,0.3,0.3196470249645588,0.38035297503544113,0.0,0.0,0.0,0.0,0.0,0.0,0.0,0.0,0.0,0.0,0.0,0.0,0.0,EXPANDED_CANDIDATE
2025-05-19,0.0,0.0,0.0,0.0,0.0,0.0,0.3,0.3196470249645588,0.38035297503544113,0.0,0.0,0.0,0.0,0.0,0.0,0.0,0.0,0.0,0.0,0.0,0.0,0.0,EXPANDED_CANDIDATE
2025-05-20,0.0,0.0,0.0,0.0,0.0,0.0,0.3,0.3196470249645588,0.38035297503544113,0.0,0.0,0.0,0.0,0.0,0.0,0.0,0.0,0.0,0.0,0.0,0.0,0.0,EXPANDED_CANDIDATE
2025-05-21,0.0,0.0,0.0,0.0,0.0,0.0,0.3,0.3196470249645588,0.38035297503544113,0.0,0.0,0.0,0.0,0.0,0.0,0.0,0.0,0.0,0.0,0.0,0.0,0.0,EXPANDED_CANDIDATE
2025-05-22,0.0,0.0,0.0,0.0,0.0,0.0,0.38035297503544113,0.0,0.0,0.0,0.0,0.3196470249645588,0.0,0.0,0.0,0.0,0.3,0.0,0.0,0.0,0.0,0.0,022F_BASE
2025-05-23,0.0,0.0095067367716175,0.0,0.0,0.0,0.0,0.09251525935981175,0.0,0.0,0.0,0.0,0.6074847406401881,0.0,0.0,0.2904932632283825,0.0,0.0,0.0,0.0,0.0,0.0,0.0,022F_BASE
2025-05-27,0.0,0.0095067367716175,0.0,0.0,0.0,0.0,0.09251525935981175,0.0,0.0,0.0,0.0,0.6074847406401881,0.0,0.0,0.2904932632283825,0.0,0.0,0.0,0.0,0.0,0.0,0.0,022F_BASE
2025-05-28,0.0,0.0095067367716175,0.0,0.0,0.0,0.0,0.09251525935981175,0.0,0.0,0.0,0.0,0.6074847406401881,0.0,0.0,0.2904932632283825,0.0,0.0,0.0,0.0,0.0,0.0,0.0,022F_BASE
2025-05-29,0.0,0.0095067367716175,0.0,0.0,0.0,0.0,0.09251525935981175,0.0,0.0,0.0,0.0,0.6074847406401881,0.0,0.0,0.2904932632283825,0.0,0.0,0.0,0.0,0.0,0.0,0.0,022F_BASE
2025-05-30,0.0,0.0095067367716175,0.0,0.0,0.0,0.0,0.09251525935981175,0.0,0.0,0.0,0.0,0.6074847406401881,0.0,0.0,0.2904932632283825,0.0,0.0,0.0,0.0,0.0,0.0,0.0,022F_BASE
2025-06-02,0.0,0.0095067367716175,0.0,0.0,0.0,0.0,0.09251525935981175,0.0,0.0,0.0,0.0,0.6074847406401881,0.0,0.0,0.2904932632283825,0.0,0.0,0.0,0.0,0.0,0.0,0.0,022F_BASE
2025-06-03,0.0,0.0095067367716175,0.0,0.0,0.0,0.0,0.09251525935981175,0.0,0.0,0.0,0.0,0.6074847406401881,0.0,0.0,0.2904932632283825,0.0,0.0,0.0,0.0,0.0,0.0,0.0,022F_BASE
2025-06-04,0.0,0.0095067367716175,0.0,0.0,0.0,0.0,0.09251525935981175,0.0,0.0,0.0,0.0,0.6074847406401881,0.0,0.0,0.2904932632283825,0.0,0.0,0.0,0.0,0.0,0.0,0.0,022F_BASE
2025-06-05,0.0,0.0095067367716175,0.0,0.0,0.0,0.0,0.09251525935981175,0.0,0.0,0.0,0.0,0.6074847406401881,0.0,0.0,0.2904932632283825,0.0,0.0,0.0,0.0,0.0,0.0,0.0,022F_BASE
2025-06-06,0.0,0.0095067367716175,0.0,0.0,0.0,0.0,0.09251525935981175,0.0,0.0,0.0,0.0,0.6074847406401881,0.0,0.0,0.2904932632283825,0.0,0.0,0.0,0.0,0.0,0.0,0.0,022F_BASE
2025-06-09,0.0,0.0913961266547841,0.0,0.0,0.0,0.0,0.0,0.0,0.0,0.0,0.0,0.22,0.0,0.0,0.6086038733452159,0.0,0.0,0.0,0.08,0.0,0.0,0.0,022F_BASE
2025-06-10,0.0,0.0913961266547841,0.0,0.0,0.0,0.0,0.0,0.0,0.0,0.0,0.0,0.22,0.0,0.0,0.6086038733452159,0.0,0.0,0.0,0.08,0.0,0.0,0.0,022F_BASE
2025-06-11,0.0,0.0913961266547841,0.0,0.0,0.0,0.0,0.0,0.0,0.0,0.0,0.0,0.22,0.0,0.0,0.6086038733452159,0.0,0.0,0.0,0.08,0.0,0.0,0.0,022F_BASE
2025-06-12,0.0,0.0913961266547841,0.0,0.0,0.0,0.0,0.0,0.0,0.0,0.0,0.0,0.22,0.0,0.0,0.6086038733452159,0.0,0.0,0.0,0.08,0.0,0.0,0.0,022F_BASE
2025-06-13,0.0,0.0913961266547841,0.0,0.0,0.0,0.0,0.0,0.0,0.0,0.0,0.0,0.22,0.0,0.0,0.6086038733452159,0.0,0.0,0.0,0.08,0.0,0.0,0.0,022F_BASE
2025-06-16,0.0,0.0913961266547841,0.0,0.0,0.0,0.0,0.0,0.0,0.0,0.0,0.0,0.22,0.0,0.0,0.6086038733452159,0.0,0.0,0.0,0.08,0.0,0.0,0.0,022F_BASE
2025-06-17,0.0,0.0913961266547841,0.0,0.0,0.0,0.0,0.0,0.0,0.0,0.0,0.0,0.22,0.0,0.0,0.6086038733452159,0.0,0.0,0.0,0.08,0.0,0.0,0.0,022F_BASE
2025-06-18,0.0,0.0913961266547841,0.0,0.0,0.0,0.0,0.0,0.0,0.0,0.0,0.0,0.22,0.0,0.0,0.6086038733452159,0.0,0.0,0.0,0.08,0.0,0.0,0.0,022F_BASE
2025-06-20,0.0,0.0913961266547841,0.0,0.0,0.0,0.0,0.0,0.0,0.0,0.0,0.0,0.22,0.0,0.0,0.6086038733452159,0.0,0.0,0.0,0.08,0.0,0.0,0.0,022F_BASE
2025-06-23,0.0,0.0913961266547841,0.0,0.0,0.0,0.0,0.0,0.0,0.0,0.0,0.0,0.22,0.0,0.0,0.6086038733452159,0.0,0.0,0.0,0.08,0.0,0.0,0.0,022F_BASE
2025-06-24,0.0,0.25,0.0,0.0,0.0,0.0,0.0,0.0,0.0,0.0,0.0,0.0,0.0,0.4,0.35,0.0,0.0,0.0,0.0,0.0,0.0,0.0,022F_BASE
2025-06-25,0.0,0.25,0.0,0.0,0.0,0.0,0.0,0.0,0.0,0.0,0.0,0.0,0.0,0.4,0.35,0.0,0.0,0.0,0.0,0.0,0.0,0.0,022F_BASE
2025-06-26,0.0,0.25,0.0,0.0,0.0,0.0,0.0,0.0,0.0,0.0,0.0,0.0,0.0,0.4,0.35,0.0,0.0,0.0,0.0,0.0,0.0,0.0,022F_BASE
2025-06-27,0.0,0.25,0.0,0.0,0.0,0.0,0.0,0.0,0.0,0.0,0.0,0.0,0.0,0.4,0.35,0.0,0.0,0.0,0.0,0.0,0.0,0.0,022F_BASE
2025-06-30,0.0,0.25,0.0,0.0,0.0,0.0,0.0,0.0,0.0,0.0,0.0,0.0,0.0,0.4,0.35,0.0,0.0,0.0,0.0,0.0,0.0,0.0,022F_BASE
2025-07-01,0.0,0.25,0.0,0.0,0.0,0.0,0.0,0.0,0.0,0.0,0.0,0.0,0.0,0.4,0.35,0.0,0.0,0.0,0.0,0.0,0.0,0.0,022F_BASE
2025-07-02,0.0,0.25,0.0,0.0,0.0,0.0,0.0,0.0,0.0,0.0,0.0,0.0,0.0,0.4,0.35,0.0,0.0,0.0,0.0,0.0,0.0,0.0,022F_BASE
2025-07-03,0.0,0.25,0.0,0.0,0.0,0.0,0.0,0.0,0.0,0.0,0.0,0.0,0.0,0.4,0.35,0.0,0.0,0.0,0.0,0.0,0.0,0.0,022F_BASE
2025-07-07,0.0,0.25,0.0,0.0,0.0,0.0,0.0,0.0,0.0,0.0,0.0,0.0,0.0,0.4,0.35,0.0,0.0,0.0,0.0,0.0,0.0,0.0,022F_BASE
2025-07-08,0.0,0.25,0.0,0.0,0.0,0.0,0.0,0.0,0.0,0.0,0.0,0.0,0.0,0.4,0.35,0.0,0.0,0.0,0.0,0.0,0.0,0.0,022F_BASE
2025-07-09,0.0,0.0,0.0,0.0,0.0,0.0,0.0,0.2025,0.0,0.0,0.0,0.0675,0.0,0.6799999999999999,0.0,0.0,0.0,0.0,0.0,0.05,0.0,0.0,022F_BASE
2025-07-10,0.0,0.0,0.0,0.0,0.0,0.0,0.0,0.2025,0.0,0.0,0.0,0.0675,0.0,0.6799999999999999,0.0,0.0,0.0,0.0,0.0,0.05,0.0,0.0,022F_BASE
2025-07-11,0.0,0.0,0.0,0.0,0.0,0.0,0.0,0.2025,0.0,0.0,0.0,0.0675,0.0,0.6799999999999999,0.0,0.0,0.0,0.0,0.0,0.05,0.0,0.0,022F_BASE
2025-07-14,0.0,0.0,0.0,0.0,0.0,0.0,0.0,0.2025,0.0,0.0,0.0,0.0675,0.0,0.6799999999999999,0.0,0.0,0.0,0.0,0.0,0.05,0.0,0.0,022F_BASE
2025-07-15,0.0,0.0,0.0,0.0,0.0,0.0,0.0,0.2025,0.0,0.0,0.0,0.0675,0.0,0.6799999999999999,0.0,0.0,0.0,0.0,0.0,0.05,0.0,0.0,022F_BASE
2025-07-16,0.0,0.0,0.0,0.0,0.0,0.0,0.0,0.2025,0.0,0.0,0.0,0.0675,0.0,0.6799999999999999,0.0,0.0,0.0,0.0,0.0,0.05,0.0,0.0,022F_BASE
2025-07-17,0.0,0.0,0.0,0.0,0.0,0.0,0.0,0.2025,0.0,0.0,0.0,0.0675,0.0,0.6799999999999999,0.0,0.0,0.0,0.0,0.0,0.05,0.0,0.0,022F_BASE
2025-07-18,0.0,0.0,0.0,0.0,0.0,0.0,0.0,0.2025,0.0,0.0,0.0,0.0675,0.0,0.6799999999999999,0.0,0.0,0.0,0.0,0.0,0.05,0.0,0.0,022F_BASE
2025-07-21,0.0,0.0,0.0,0.0,0.0,0.0,0.0,0.2025,0.0,0.0,0.0,0.0675,0.0,0.6799999999999999,0.0,0.0,0.0,0.0,0.0,0.05,0.0,0.0,022F_BASE
2025-07-22,0.0,0.0,0.0,0.0,0.0,0.0,0.0,0.2025,0.0,0.0,0.0,0.0675,0.0,0.6799999999999999,0.0,0.0,0.0,0.0,0.0,0.05,0.0,0.0,022F_BASE
2025-07-23,0.0,0.0,0.0,0.0,0.0,0.0,0.0,0.0,0.0,0.0,0.0,0.0,0.35,0.6,0.0,0.0,0.05,0.0,0.0,0.0,0.0,0.0,022F_BASE
2025-07-24,0.0,0.0,0.0,0.0,0.0,0.0,0.0,0.0,0.0,0.0,0.0,0.0,0.35,0.6,0.0,0.0,0.05,0.0,0.0,0.0,0.0,0.0,022F_BASE
2025-07-25,0.0,0.0,0.0,0.0,0.0,0.0,0.0,0.0,0.0,0.0,0.0,0.0,0.35,0.6,0.0,0.0,0.05,0.0,0.0,0.0,0.0,0.0,022F_BASE
2025-07-28,0.0,0.0,0.0,0.0,0.0,0.0,0.0,0.0,0.0,0.0,0.0,0.0,0.35,0.6,0.0,0.0,0.05,0.0,0.0,0.0,0.0,0.0,022F_BASE
2025-07-29,0.0,0.0,0.0,0.0,0.0,0.0,0.0,0.0,0.0,0.0,0.0,0.0,0.35,0.6,0.0,0.0,0.05,0.0,0.0,0.0,0.0,0.0,022F_BASE
2025-07-30,0.0,0.0,0.0,0.0,0.0,0.0,0.0,0.0,0.0,0.0,0.0,0.0,0.35,0.6,0.0,0.0,0.05,0.0,0.0,0.0,0.0,0.0,022F_BASE
2025-07-31,0.0,0.0,0.0,0.0,0.0,0.0,0.0,0.0,0.0,0.0,0.0,0.0,0.35,0.6,0.0,0.0,0.05,0.0,0.0,0.0,0.0,0.0,022F_BASE
2025-08-01,0.0,0.0,0.0,0.0,0.0,0.0,0.0,0.0,0.0,0.0,0.0,0.0,0.35,0.6,0.0,0.0,0.05,0.0,0.0,0.0,0.0,0.0,022F_BASE
2025-08-04,0.0,0.0,0.0,0.0,0.0,0.0,0.0,0.0,0.0,0.0,0.0,0.0,0.35,0.6,0.0,0.0,0.05,0.0,0.0,0.0,0.0,0.0,022F_BASE
2025-08-05,0.0,0.0,0.0,0.0,0.0,0.0,0.0,0.0,0.0,0.0,0.0,0.0,0.35,0.6,0.0,0.0,0.05,0.0,0.0,0.0,0.0,0.0,022F_BASE
2025-08-06,0.0,0.0132172398683411,0.08,0.0,0.0,0.0,0.3657082976602803,0.0,0.0,0.0,0.0,0.1180430141620417,0.0,0.0,0.3530314483093368,0.0,0.0,0.0,0.0,0.0,0.07,0.0,022F_BASE
2025-08-07,0.0,0.0132172398683411,0.08,0.0,0.0,0.0,0.3657082976602803,0.0,0.0,0.0,0.0,0.1180430141620417,0.0,0.0,0.3530314483093368,0.0,0.0,0.0,0.0,0.0,0.07,0.0,022F_BASE
2025-08-08,0.0,0.0132172398683411,0.08,0.0,0.0,0.0,0.3657082976602803,0.0,0.0,0.0,0.0,0.1180430141620417,0.0,0.0,0.3530314483093368,0.0,0.0,0.0,0.0,0.0,0.07,0.0,022F_BASE
2025-08-11,0.0,0.0132172398683411,0.08,0.0,0.0,0.0,0.3657082976602803,0.0,0.0,0.0,0.0,0.1180430141620417,0.0,0.0,0.3530314483093368,0.0,0.0,0.0,0.0,0.0,0.07,0.0,022F_BASE
2025-08-12,0.0,0.0132172398683411,0.08,0.0,0.0,0.0,0.3657082976602803,0.0,0.0,0.0,0.0,0.1180430141620417,0.0,0.0,0.3530314483093368,0.0,0.0,0.0,0.0,0.0,0.07,0.0,022F_BASE
2025-08-13,0.0,0.0132172398683411,0.08,0.0,0.0,0.0,0.3657082976602803,0.0,0.0,0.0,0.0,0.1180430141620417,0.0,0.0,0.3530314483093368,0.0,0.0,0.0,0.0,0.0,0.07,0.0,022F_BASE
2025-08-14,0.0,0.0132172398683411,0.08,0.0,0.0,0.0,0.3657082976602803,0.0,0.0,0.0,0.0,0.1180430141620417,0.0,0.0,0.3530314483093368,0.0,0.0,0.0,0.0,0.0,0.07,0.0,022F_BASE
2025-08-15,0.0,0.0132172398683411,0.08,0.0,0.0,0.0,0.3657082976602803,0.0,0.0,0.0,0.0,0.1180430141620417,0.0,0.0,0.3530314483093368,0.0,0.0,0.0,0.0,0.0,0.07,0.0,022F_BASE
2025-08-18,0.0,0.0132172398683411,0.08,0.0,0.0,0.0,0.3657082976602803,0.0,0.0,0.0,0.0,0.1180430141620417,0.0,0.0,0.3530314483093368,0.0,0.0,0.0,0.0,0.0,0.07,0.0,022F_BASE
2025-08-19,0.0,0.0132172398683411,0.08,0.0,0.0,0.0,0.3657082976602803,0.0,0.0,0.0,0.0,0.1180430141620417,0.0,0.0,0.3530314483093368,0.0,0.0,0.0,0.0,0.0,0.07,0.0,022F_BASE
2025-08-20,0.0,0.0,0.0,0.1,0.0,0.225,0.0,0.0,0.0,0.15,0.0,0.0,0.0,0.075,0.45,0.0,0.0,0.0,0.0,0.0,0.0,0.0,022F_BASE
2025-08-21,0.0,0.0,0.0,0.1,0.0,0.225,0.0,0.0,0.0,0.15,0.0,0.0,0.0,0.075,0.45,0.0,0.0,0.0,0.0,0.0,0.0,0.0,022F_BASE
2025-08-22,0.0,0.0,0.0,0.1,0.0,0.225,0.0,0.0,0.0,0.15,0.0,0.0,0.0,0.075,0.45,0.0,0.0,0.0,0.0,0.0,0.0,0.0,022F_BASE
2025-08-25,0.0,0.0,0.0,0.1,0.0,0.225,0.0,0.0,0.0,0.15,0.0,0.0,0.0,0.075,0.45,0.0,0.0,0.0,0.0,0.0,0.0,0.0,022F_BASE
2025-08-26,0.0,0.0,0.0,0.1,0.0,0.225,0.0,0.0,0.0,0.15,0.0,0.0,0.0,0.075,0.45,0.0,0.0,0.0,0.0,0.0,0.0,0.0,022F_BASE
2025-08-27,0.0,0.0,0.0,0.1,0.0,0.225,0.0,0.0,0.0,0.15,0.0,0.0,0.0,0.075,0.45,0.0,0.0,0.0,0.0,0.0,0.0,0.0,022F_BASE
2025-08-28,0.0,0.0,0.0,0.1,0.0,0.225,0.0,0.0,0.0,0.15,0.0,0.0,0.0,0.075,0.45,0.0,0.0,0.0,0.0,0.0,0.0,0.0,022F_BASE
2025-08-29,0.0,0.0,0.0,0.1,0.0,0.225,0.0,0.0,0.0,0.15,0.0,0.0,0.0,0.075,0.45,0.0,0.0,0.0,0.0,0.0,0.0,0.0,022F_BASE
2025-09-02,0.0,0.0,0.0,0.1,0.0,0.225,0.0,0.0,0.0,0.15,0.0,0.0,0.0,0.075,0.45,0.0,0.0,0.0,0.0,0.0,0.0,0.0,022F_BASE
2025-09-03,0.0,0.0,0.0,0.1,0.0,0.225,0.0,0.0,0.0,0.15,0.0,0.0,0.0,0.075,0.45,0.0,0.0,0.0,0.0,0.0,0.0,0.0,022F_BASE
2025-09-04,0.0,0.0,0.0,0.0625,0.0,0.0,0.0,0.0,0.0,0.15,0.0,0.0,0.0,0.0,0.1875,0.0,0.0,0.0,0.0,0.0,0.0,0.6,022F_BASE
2025-09-05,0.0,0.0,0.0,0.0625,0.0,0.0,0.0,0.0,0.0,0.15,0.0,0.0,0.0,0.0,0.1875,0.0,0.0,0.0,0.0,0.0,0.0,0.6,022F_BASE
2025-09-08,0.0,0.0,0.0,0.0625,0.0,0.0,0.0,0.0,0.0,0.15,0.0,0.0,0.0,0.0,0.1875,0.0,0.0,0.0,0.0,0.0,0.0,0.6,022F_BASE
2025-09-09,0.0,0.0,0.0,0.0625,0.0,0.0,0.0,0.0,0.0,0.15,0.0,0.0,0.0,0.0,0.1875,0.0,0.0,0.0,0.0,0.0,0.0,0.6,022F_BASE
2025-09-10,0.0,0.0,0.0,0.0625,0.0,0.0,0.0,0.0,0.0,0.15,0.0,0.0,0.0,0.0,0.1875,0.0,0.0,0.0,0.0,0.0,0.0,0.6,022F_BASE
2025-09-11,0.0,0.0,0.0,0.0625,0.0,0.0,0.0,0.0,0.0,0.15,0.0,0.0,0.0,0.0,0.1875,0.0,0.0,0.0,0.0,0.0,0.0,0.6,022F_BASE
2025-09-12,0.0,0.0,0.0,0.0625,0.0,0.0,0.0,0.0,0.0,0.15,0.0,0.0,0.0,0.0,0.1875,0.0,0.0,0.0,0.0,0.0,0.0,0.6,022F_BASE
2025-09-15,0.0,0.0,0.0,0.0625,0.0,0.0,0.0,0.0,0.0,0.15,0.0,0.0,0.0,0.0,0.1875,0.0,0.0,0.0,0.0,0.0,0.0,0.6,022F_BASE
2025-09-16,0.0,0.0,0.0,0.0625,0.0,0.0,0.0,0.0,0.0,0.15,0.0,0.0,0.0,0.0,0.1875,0.0,0.0,0.0,0.0,0.0,0.0,0.6,022F_BASE
2025-09-17,0.0,0.0,0.0,0.0625,0.0,0.0,0.0,0.0,0.0,0.15,0.0,0.0,0.0,0.0,0.1875,0.0,0.0,0.0,0.0,0.0,0.0,0.6,022F_BASE
2025-09-18,0.0,0.0,0.0,0.0999999999999999,0.0,0.0,0.0,0.0,0.0,0.0,0.0,0.0,0.0,0.27,0.63,0.0,0.0,0.0,0.0,0.0,0.0,0.0,022F_BASE
2025-09-19,0.0,0.0,0.0,0.0999999999999999,0.0,0.0,0.0,0.0,0.0,0.0,0.0,0.0,0.0,0.27,0.63,0.0,0.0,0.0,0.0,0.0,0.0,0.0,022F_BASE
2025-09-22,0.0,0.0,0.0,0.0999999999999999,0.0,0.0,0.0,0.0,0.0,0.0,0.0,0.0,0.0,0.27,0.63,0.0,0.0,0.0,0.0,0.0,0.0,0.0,022F_BASE
2025-09-23,0.0,0.0,0.0,0.0999999999999999,0.0,0.0,0.0,0.0,0.0,0.0,0.0,0.0,0.0,0.27,0.63,0.0,0.0,0.0,0.0,0.0,0.0,0.0,022F_BASE
2025-09-24,0.0,0.0,0.0,0.0999999999999999,0.0,0.0,0.0,0.0,0.0,0.0,0.0,0.0,0.0,0.27,0.63,0.0,0.0,0.0,0.0,0.0,0.0,0.0,022F_BASE
2025-09-25,0.0,0.0,0.0,0.0999999999999999,0.0,0.0,0.0,0.0,0.0,0.0,0.0,0.0,0.0,0.27,0.63,0.0,0.0,0.0,0.0,0.0,0.0,0.0,022F_BASE
2025-09-26,0.0,0.0,0.0,0.0999999999999999,0.0,0.0,0.0,0.0,0.0,0.0,0.0,0.0,0.0,0.27,0.63,0.0,0.0,0.0,0.0,0.0,0.0,0.0,022F_BASE
2025-09-29,0.0,0.0,0.0,0.0999999999999999,0.0,0.0,0.0,0.0,0.0,0.0,0.0,0.0,0.0,0.27,0.63,0.0,0.0,0.0,0.0,0.0,0.0,0.0,022F_BASE
2025-09-30,0.0,0.0,0.0,0.0999999999999999,0.0,0.0,0.0,0.0,0.0,0.0,0.0,0.0,0.0,0.27,0.63,0.0,0.0,0.0,0.0,0.0,0.0,0.0,022F_BASE
2025-10-01,0.0,0.0,0.0,0.0999999999999999,0.0,0.0,0.0,0.0,0.0,0.0,0.0,0.0,0.0,0.27,0.63,0.0,0.0,0.0,0.0,0.0,0.0,0.0,022F_BASE
2025-10-02,0.0,0.0,0.0,0.0,0.0,0.0,0.09165292704387157,0.16611378691775727,0.053082888728787636,0.0,0.0,0.22915039730958336,0.0,0.0,0.36,0.0,0.0,0.1,0.0,0.0,0.0,0.0,022F_BASE
2025-10-03,0.0,0.0,0.0,0.0,0.0,0.0,0.09165292704387157,0.16611378691775727,0.053082888728787636,0.0,0.0,0.22915039730958336,0.0,0.0,0.36,0.0,0.0,0.1,0.0,0.0,0.0,0.0,022F_BASE
2025-10-06,0.0,0.0,0.0,0.0,0.0,0.0,0.09165292704387157,0.16611378691775727,0.053082888728787636,0.0,0.0,0.22915039730958336,0.0,0.0,0.36,0.0,0.0,0.1,0.0,0.0,0.0,0.0,022F_BASE
2025-10-07,0.0,0.0,0.0,0.0,0.0,0.0,0.09165292704387157,0.16611378691775727,0.053082888728787636,0.0,0.0,0.22915039730958336,0.0,0.0,0.36,0.0,0.0,0.1,0.0,0.0,0.0,0.0,022F_BASE
2025-10-08,0.0,0.0,0.0,0.0,0.0,0.0,0.09165292704387157,0.16611378691775727,0.053082888728787636,0.0,0.0,0.22915039730958336,0.0,0.0,0.36,0.0,0.0,0.1,0.0,0.0,0.0,0.0,022F_BASE
2025-10-09,0.0,0.0,0.0,0.0,0.0,0.0,0.09165292704387157,0.16611378691775727,0.053082888728787636,0.0,0.0,0.22915039730958336,0.0,0.0,0.36,0.0,0.0,0.1,0.0,0.0,0.0,0.0,022F_BASE
2025-10-10,0.0,0.0,0.0,0.0,0.0,0.0,0.09165292704387157,0.16611378691775727,0.053082888728787636,0.0,0.0,0.22915039730958336,0.0,0.0,0.36,0.0,0.0,0.1,0.0,0.0,0.0,0.0,022F_BASE
2025-10-13,0.0,0.0,0.0,0.0,0.0,0.0,0.09165292704387157,0.16611378691775727,0.053082888728787636,0.0,0.0,0.22915039730958336,0.0,0.0,0.36,0.0,0.0,0.1,0.0,0.0,0.0,0.0,022F_BASE
2025-10-14,0.0,0.0,0.0,0.0,0.0,0.0,0.09165292704387157,0.16611378691775727,0.053082888728787636,0.0,0.0,0.22915039730958336,0.0,0.0,0.36,0.0,0.0,0.1,0.0,0.0,0.0,0.0,022F_BASE
2025-10-15,0.0,0.0,0.0,0.0,0.0,0.0,0.07400145663455351,0.1789095430184862,0.04028713262805872,0.0,0.0,0.24680186771890142,0.0,0.0,0.36,0.0,0.0,0.1,0.0,0.0,0.0,0.0,022F_BASE
2025-10-16,0.0,0.0,0.0,0.0,0.0,0.0,0.05605822767835744,0.3153417857313983,0.11823036158425465,0.0,0.0,0.11036962500598935,0.0,0.4,0.0,0.0,0.0,0.0,0.0,0.0,0.0,0.0,022F_BASE
2025-10-17,0.0,0.0,0.0,0.0,0.0,0.0,0.05605822767835744,0.3153417857313983,0.11823036158425465,0.0,0.0,0.11036962500598935,0.0,0.4,0.0,0.0,0.0,0.0,0.0,0.0,0.0,0.0,022F_BASE
2025-10-20,0.0,0.0,0.0,0.0,0.0,0.0,0.05605822767835744,0.3153417857313983,0.11823036158425465,0.0,0.0,0.11036962500598935,0.0,0.4,0.0,0.0,0.0,0.0,0.0,0.0,0.0,0.0,022F_BASE
2025-10-21,0.0,0.0,0.0,0.0,0.0,0.0,0.05605822767835744,0.3153417857313983,0.11823036158425465,0.0,0.0,0.11036962500598935,0.0,0.4,0.0,0.0,0.0,0.0,0.0,0.0,0.0,0.0,022F_BASE
2025-10-22,0.0,0.0,0.0,0.0,0.0,0.0,0.05605822767835744,0.3153417857313983,0.11823036158425465,0.0,0.0,0.11036962500598935,0.0,0.4,0.0,0.0,0.0,0.0,0.0,0.0,0.0,0.0,022F_BASE
2025-10-23,0.0,0.0,0.0,0.0,0.0,0.0,0.05605822767835744,0.3153417857313983,0.11823036158425465,0.0,0.0,0.11036962500598935,0.0,0.4,0.0,0.0,0.0,0.0,0.0,0.0,0.0,0.0,022F_BASE
2025-10-24,0.0,0.0,0.0,0.0,0.0,0.0,0.05605822767835744,0.3153417857313983,0.11823036158425465,0.0,0.0,0.11036962500598935,0.0,0.4,0.0,0.0,0.0,0.0,0.0,0.0,0.0,0.0,022F_BASE
2025-10-27,0.0,0.0,0.0,0.0,0.0,0.0,0.05605822767835744,0.3153417857313983,0.11823036158425465,0.0,0.0,0.11036962500598935,0.0,0.4,0.0,0.0,0.0,0.0,0.0,0.0,0.0,0.0,022F_BASE
2025-10-28,0.0,0.0,0.0,0.0,0.0,0.0,0.05605822767835744,0.3153417857313983,0.11823036158425465,0.0,0.0,0.11036962500598935,0.0,0.4,0.0,0.0,0.0,0.0,0.0,0.0,0.0,0.0,022F_BASE
2025-10-29,0.0,0.0,0.0,0.0,0.0,0.0,0.027628040826744082,0.4038935495887785,0.02967859772687448,0.0,0.0,0.1387998118576027,0.0,0.4,0.0,0.0,0.0,0.0,0.0,0.0,0.0,0.0,022F_BASE
2025-10-30,0.0,0.0,0.0,0.0,0.0,0.0,0.12359807314927185,0.0,0.0,0.0,0.0,0.426401926850728,0.0,0.38,0.0,0.0,0.0,0.0,0.0,0.0,0.07,0.0,022F_BASE
2025-10-31,0.0,0.0,0.0,0.0,0.0,0.0,0.12359807314927185,0.0,0.0,0.0,0.0,0.426401926850728,0.0,0.38,0.0,0.0,0.0,0.0,0.0,0.0,0.07,0.0,022F_BASE
2025-11-03,0.0,0.0,0.0,0.0,0.0,0.0,0.12359807314927185,0.0,0.0,0.0,0.0,0.426401926850728,0.0,0.38,0.0,0.0,0.0,0.0,0.0,0.0,0.07,0.0,022F_BASE
2025-11-04,0.0,0.0,0.0,0.0,0.0,0.0,0.12359807314927185,0.0,0.0,0.0,0.0,0.426401926850728,0.0,0.38,0.0,0.0,0.0,0.0,0.0,0.0,0.07,0.0,022F_BASE
2025-11-05,0.0,0.0,0.0,0.0,0.0,0.0,0.12359807314927185,0.0,0.0,0.0,0.0,0.426401926850728,0.0,0.38,0.0,0.0,0.0,0.0,0.0,0.0,0.07,0.0,022F_BASE
2025-11-06,0.0,0.0,0.0,0.0,0.0,0.0,0.12359807314927185,0.0,0.0,0.0,0.0,0.426401926850728,0.0,0.38,0.0,0.0,0.0,0.0,0.0,0.0,0.07,0.0,022F_BASE
2025-11-07,0.0,0.0,0.0,0.0,0.0,0.0,0.12359807314927185,0.0,0.0,0.0,0.0,0.426401926850728,0.0,0.38,0.0,0.0,0.0,0.0,0.0,0.0,0.07,0.0,022F_BASE
2025-11-10,0.0,0.0,0.0,0.0,0.0,0.0,0.12359807314927185,0.0,0.0,0.0,0.0,0.426401926850728,0.0,0.38,0.0,0.0,0.0,0.0,0.0,0.0,0.07,0.0,022F_BASE
2025-11-11,0.0,0.0,0.0,0.0,0.0,0.0,0.12359807314927185,0.0,0.0,0.0,0.0,0.426401926850728,0.0,0.38,0.0,0.0,0.0,0.0,0.0,0.0,0.07,0.0,022F_BASE
2025-11-12,0.0,0.0,0.0,0.0,0.0,0.0,0.12359807314927185,0.0,0.0,0.0,0.0,0.426401926850728,0.0,0.38,0.0,0.0,0.0,0.0,0.0,0.0,0.07,0.0,022F_BASE
2025-11-13,0.0,0.0,0.0,0.0,0.0,0.0,0.33698494868079104,0.0,0.0,0.0,0.0,0.2630150513192088,0.0,0.4,0.0,0.0,0.0,0.0,0.0,0.0,0.0,0.0,022F_BASE
2025-11-14,0.0,0.0,0.0,0.0,0.0,0.0,0.33698494868079104,0.0,0.0,0.0,0.0,0.2630150513192088,0.0,0.4,0.0,0.0,0.0,0.0,0.0,0.0,0.0,0.0,022F_BASE
2025-11-17,0.0,0.0,0.0,0.0,0.0,0.0,0.33698494868079104,0.0,0.0,0.0,0.0,0.2630150513192088,0.0,0.4,0.0,0.0,0.0,0.0,0.0,0.0,0.0,0.0,022F_BASE
2025-11-18,0.0,0.0,0.0,0.0,0.0,0.0,0.33698494868079104,0.0,0.0,0.0,0.0,0.2630150513192088,0.0,0.4,0.0,0.0,0.0,0.0,0.0,0.0,0.0,0.0,022F_BASE
2025-11-19,0.0,0.0,0.0,0.0,0.0,0.0,0.33698494868079104,0.0,0.0,0.0,0.0,0.2630150513192088,0.0,0.4,0.0,0.0,0.0,0.0,0.0,0.0,0.0,0.0,022F_BASE
2025-11-20,0.0,0.0,0.0,0.0,0.0,0.0,0.33698494868079104,0.0,0.0,0.0,0.0,0.2630150513192088,0.0,0.4,0.0,0.0,0.0,0.0,0.0,0.0,0.0,0.0,022F_BASE
2025-11-21,0.0,0.0,0.0,0.0,0.0,0.0,0.33698494868079104,0.0,0.0,0.0,0.0,0.2630150513192088,0.0,0.4,0.0,0.0,0.0,0.0,0.0,0.0,0.0,0.0,022F_BASE
2025-11-24,0.0,0.0,0.0,0.0,0.0,0.0,0.33698494868079104,0.0,0.0,0.0,0.0,0.2630150513192088,0.0,0.4,0.0,0.0,0.0,0.0,0.0,0.0,0.0,0.0,022F_BASE
2025-11-25,0.0,0.0,0.0,0.0,0.0,0.0,0.33698494868079104,0.0,0.0,0.0,0.0,0.2630150513192088,0.0,0.4,0.0,0.0,0.0,0.0,0.0,0.0,0.0,0.0,022F_BASE
2025-11-26,0.0,0.0,0.0,0.0,0.0,0.0,0.33698494868079104,0.0,0.0,0.0,0.0,0.2630150513192088,0.0,0.4,0.0,0.0,0.0,0.0,0.0,0.0,0.0,0.0,022F_BASE
2025-11-28,0.0,0.0,0.0,0.0,0.0,0.0,0.0,0.0,0.0,0.0,0.0,0.0,0.0,0.4,0.6,0.0,0.0,0.0,0.0,0.0,0.0,0.0,022F_BASE
2025-12-01,0.0,0.0,0.0,0.0,0.0,0.0,0.0,0.0,0.0,0.0,0.0,0.0,0.0,0.4,0.6,0.0,0.0,0.0,0.0,0.0,0.0,0.0,022F_BASE
2025-12-02,0.0,0.0,0.0,0.0,0.0,0.0,0.0,0.0,0.0,0.0,0.0,0.0,0.0,0.4,0.6,0.0,0.0,0.0,0.0,0.0,0.0,0.0,022F_BASE
2025-12-03,0.0,0.0,0.0,0.0,0.0,0.0,0.0,0.0,0.0,0.0,0.0,0.0,0.0,0.4,0.6,0.0,0.0,0.0,0.0,0.0,0.0,0.0,022F_BASE
2025-12-04,0.0,0.0,0.0,0.0,0.0,0.0,0.0,0.0,0.0,0.0,0.0,0.0,0.0,0.4,0.6,0.0,0.0,0.0,0.0,0.0,0.0,0.0,022F_BASE
2025-12-05,0.0,0.0,0.0,0.0,0.0,0.0,0.0,0.0,0.0,0.0,0.0,0.0,0.0,0.4,0.6,0.0,0.0,0.0,0.0,0.0,0.0,0.0,022F_BASE
2025-12-08,0.0,0.0,0.0,0.0,0.0,0.0,0.0,0.0,0.0,0.0,0.0,0.0,0.0,0.4,0.6,0.0,0.0,0.0,0.0,0.0,0.0,0.0,022F_BASE
2025-12-09,0.0,0.0,0.0,0.0,0.0,0.0,0.0,0.0,0.0,0.0,0.0,0.0,0.0,0.4,0.6,0.0,0.0,0.0,0.0,0.0,0.0,0.0,022F_BASE
2025-12-10,0.0,0.0,0.0,0.0,0.0,0.0,0.0,0.0,0.0,0.0,0.0,0.0,0.0,0.4,0.6,0.0,0.0,0.0,0.0,0.0,0.0,0.0,022F_BASE
2025-12-11,0.0,0.0,0.0,0.0,0.0,0.0,0.0,0.0,0.0,0.0,0.0,0.0,0.0,0.4,0.6,0.0,0.0,0.0,0.0,0.0,0.0,0.0,022F_BASE
2025-12-12,0.0,0.0,0.0,0.0,0.0,0.0,0.0,0.0,0.0,0.0,0.0,0.0,0.302859619920335,0.4,0.0,0.0,0.2971403800796649,0.0,0.0,0.0,0.0,0.0,022F_BASE
2025-12-15,0.0,0.0,0.0,0.0,0.0,0.0,0.0,0.0,0.0,0.0,0.0,0.0,0.302859619920335,0.4,0.0,0.0,0.2971403800796649,0.0,0.0,0.0,0.0,0.0,022F_BASE
2025-12-16,0.0,0.0,0.0,0.0,0.0,0.0,0.0,0.0,0.0,0.0,0.0,0.0,0.302859619920335,0.4,0.0,0.0,0.2971403800796649,0.0,0.0,0.0,0.0,0.0,022F_BASE
2025-12-17,0.0,0.0,0.0,0.0,0.0,0.0,0.0,0.0,0.0,0.0,0.0,0.0,0.302859619920335,0.4,0.0,0.0,0.2971403800796649,0.0,0.0,0.0,0.0,0.0,022F_BASE
2025-12-18,0.0,0.0,0.0,0.0,0.0,0.0,0.0,0.0,0.0,0.0,0.0,0.0,0.302859619920335,0.4,0.0,0.0,0.2971403800796649,0.0,0.0,0.0,0.0,0.0,022F_BASE
2025-12-19,0.0,0.0,0.0,0.0,0.0,0.0,0.0,0.0,0.0,0.0,0.0,0.0,0.302859619920335,0.4,0.0,0.0,0.2971403800796649,0.0,0.0,0.0,0.0,0.0,022F_BASE
2025-12-22,0.0,0.0,0.0,0.0,0.0,0.0,0.0,0.0,0.0,0.0,0.0,0.0,0.302859619920335,0.4,0.0,0.0,0.2971403800796649,0.0,0.0,0.0,0.0,0.0,022F_BASE
2025-12-23,0.0,0.0,0.0,0.0,0.0,0.0,0.0,0.0,0.0,0.0,0.0,0.0,0.302859619920335,0.4,0.0,0.0,0.2971403800796649,0.0,0.0,0.0,0.0,0.0,022F_BASE
2025-12-24,0.0,0.0,0.0,0.0,0.0,0.0,0.0,0.0,0.0,0.0,0.0,0.0,0.302859619920335,0.4,0.0,0.0,0.2971403800796649,0.0,0.0,0.0,0.0,0.0,022F_BASE
2025-12-26,0.0,0.0,0.0,0.0,0.0,0.0,0.0,0.0,0.0,0.0,0.0,0.0,0.302859619920335,0.4,0.0,0.0,0.2971403800796649,0.0,0.0,0.0,0.0,0.0,022F_BASE
2025-12-29,0.0,0.0,0.0,0.0,0.0,0.0,0.0,0.0,0.0,0.0,0.0,0.0,0.35,0.6,0.0,0.0,0.05,0.0,0.0,0.0,0.0,0.0,022F_BASE
2025-12-30,0.0,0.0,0.0,0.0,0.0,0.0,0.0,0.0,0.0,0.0,0.0,0.0,0.35,0.6,0.0,0.0,0.05,0.0,0.0,0.0,0.0,0.0,022F_BASE
2025-12-31,0.0,0.0,0.0,0.0,0.0,0.0,0.0,0.0,0.0,0.0,0.0,0.0,0.35,0.6,0.0,0.0,0.05,0.0,0.0,0.0,0.0,0.0,022F_BASE
2026-01-02,0.0,0.0,0.0,0.0,0.0,0.0,0.0,0.0,0.0,0.0,0.0,0.0,0.35,0.6,0.0,0.0,0.05,0.0,0.0,0.0,0.0,0.0,022F_BASE
2026-01-05,0.0,0.0,0.0,0.0,0.0,0.0,0.0,0.0,0.0,0.0,0.0,0.0,0.35,0.6,0.0,0.0,0.05,0.0,0.0,0.0,0.0,0.0,022F_BASE
2026-01-06,0.0,0.0,0.0,0.0,0.0,0.0,0.0,0.0,0.0,0.0,0.0,0.0,0.35,0.6,0.0,0.0,0.05,0.0,0.0,0.0,0.0,0.0,022F_BASE
2026-01-07,0.0,0.0,0.0,0.0,0.0,0.0,0.0,0.0,0.0,0.0,0.0,0.0,0.35,0.6,0.0,0.0,0.05,0.0,0.0,0.0,0.0,0.0,022F_BASE
2026-01-08,0.0,0.0,0.0,0.0,0.0,0.0,0.0,0.0,0.0,0.0,0.0,0.0,0.35,0.6,0.0,0.0,0.05,0.0,0.0,0.0,0.0,0.0,022F_BASE
2026-01-09,0.0,0.0,0.0,0.0,0.0,0.0,0.0,0.0,0.0,0.0,0.0,0.0,0.35,0.6,0.0,0.0,0.05,0.0,0.0,0.0,0.0,0.0,022F_BASE
2026-01-12,0.0,0.0,0.0,0.0,0.0,0.0,0.0,0.0,0.0,0.0,0.0,0.0,0.35,0.6,0.0,0.0,0.05,0.0,0.0,0.0,0.0,0.0,022F_BASE
2026-01-13,0.0,0.1198762744116915,0.0,0.065,0.0,0.0,0.0,0.0,0.0,0.0,0.0,0.0,0.1398220315765085,0.0,0.5367605757696804,0.0,0.1385411182421196,0.0,0.0,0.0,0.0,0.0,022F_BASE
2026-01-14,0.0,0.1198762744116915,0.0,0.065,0.0,0.0,0.0,0.0,0.0,0.0,0.0,0.0,0.1398220315765085,0.0,0.5367605757696804,0.0,0.1385411182421196,0.0,0.0,0.0,0.0,0.0,022F_BASE
2026-01-15,0.0,0.1198762744116915,0.0,0.065,0.0,0.0,0.0,0.0,0.0,0.0,0.0,0.0,0.1398220315765085,0.0,0.5367605757696804,0.0,0.1385411182421196,0.0,0.0,0.0,0.0,0.0,022F_BASE
2026-01-16,0.0,0.1198762744116915,0.0,0.065,0.0,0.0,0.0,0.0,0.0,0.0,0.0,0.0,0.1398220315765085,0.0,0.5367605757696804,0.0,0.1385411182421196,0.0,0.0,0.0,0.0,0.0,022F_BASE
2026-01-20,0.0,0.1198762744116915,0.0,0.065,0.0,0.0,0.0,0.0,0.0,0.0,0.0,0.0,0.1398220315765085,0.0,0.5367605757696804,0.0,0.1385411182421196,0.0,0.0,0.0,0.0,0.0,022F_BASE
2026-01-21,0.0,0.1198762744116915,0.0,0.065,0.0,0.0,0.0,0.0,0.0,0.0,0.0,0.0,0.1398220315765085,0.0,0.5367605757696804,0.0,0.1385411182421196,0.0,0.0,0.0,0.0,0.0,022F_BASE
2026-01-22,0.0,0.1198762744116915,0.0,0.065,0.0,0.0,0.0,0.0,0.0,0.0,0.0,0.0,0.1398220315765085,0.0,0.5367605757696804,0.0,0.1385411182421196,0.0,0.0,0.0,0.0,0.0,022F_BASE
2026-01-23,0.0,0.1198762744116915,0.0,0.065,0.0,0.0,0.0,0.0,0.0,0.0,0.0,0.0,0.1398220315765085,0.0,0.5367605757696804,0.0,0.1385411182421196,0.0,0.0,0.0,0.0,0.0,022F_BASE
2026-01-26,0.0,0.1198762744116915,0.0,0.065,0.0,0.0,0.0,0.0,0.0,0.0,0.0,0.0,0.1398220315765085,0.0,0.5367605757696804,0.0,0.1385411182421196,0.0,0.0,0.0,0.0,0.0,022F_BASE
2026-01-27,0.0,0.1198762744116915,0.0,0.065,0.0,0.0,0.0,0.0,0.0,0.0,0.0,0.0,0.1398220315765085,0.0,0.5367605757696804,0.0,0.1385411182421196,0.0,0.0,0.0,0.0,0.0,022F_BASE
2026-01-28,0.0,0.25,0.0,0.0,0.0,0.0,0.0,0.0,0.0,0.15,0.0,0.0,0.1999999999999999,0.0,0.4000000000000001,0.0,0.0,0.0,0.0,0.0,0.0,0.0,022F_BASE
2026-01-29,0.0,0.25,0.0,0.0,0.0,0.0,0.0,0.0,0.0,0.15,0.0,0.0,0.1999999999999999,0.0,0.4000000000000001,0.0,0.0,0.0,0.0,0.0,0.0,0.0,022F_BASE
2026-01-30,0.0,0.25,0.0,0.0,0.0,0.0,0.0,0.0,0.0,0.15,0.0,0.0,0.1999999999999999,0.0,0.4000000000000001,0.0,0.0,0.0,0.0,0.0,0.0,0.0,022F_BASE
2026-02-02,0.0,0.25,0.0,0.0,0.0,0.0,0.0,0.0,0.0,0.15,0.0,0.0,0.1999999999999999,0.0,0.4000000000000001,0.0,0.0,0.0,0.0,0.0,0.0,0.0,022F_BASE
2026-02-03,0.0,0.25,0.0,0.0,0.0,0.0,0.0,0.0,0.0,0.15,0.0,0.0,0.1999999999999999,0.0,0.4000000000000001,0.0,0.0,0.0,0.0,0.0,0.0,0.0,022F_BASE
2026-02-04,0.0,0.25,0.0,0.0,0.0,0.0,0.0,0.0,0.0,0.15,0.0,0.0,0.1999999999999999,0.0,0.4000000000000001,0.0,0.0,0.0,0.0,0.0,0.0,0.0,022F_BASE
2026-02-05,0.0,0.25,0.0,0.0,0.0,0.0,0.0,0.0,0.0,0.15,0.0,0.0,0.1999999999999999,0.0,0.4000000000000001,0.0,0.0,0.0,0.0,0.0,0.0,0.0,022F_BASE
2026-02-06,0.0,0.25,0.0,0.0,0.0,0.0,0.0,0.0,0.0,0.15,0.0,0.0,0.1999999999999999,0.0,0.4000000000000001,0.0,0.0,0.0,0.0,0.0,0.0,0.0,022F_BASE
2026-02-09,0.0,0.25,0.0,0.0,0.0,0.0,0.0,0.0,0.0,0.15,0.0,0.0,0.1999999999999999,0.0,0.4000000000000001,0.0,0.0,0.0,0.0,0.0,0.0,0.0,022F_BASE
2026-02-10,0.0,0.25,0.0,0.0,0.0,0.0,0.0,0.0,0.0,0.15,0.0,0.0,0.1999999999999999,0.0,0.4000000000000001,0.0,0.0,0.0,0.0,0.0,0.0,0.0,022F_BASE
2026-02-11,0.0,0.0,0.0,0.1,0.0,0.0,0.0,0.0,0.0,0.0,0.0,0.0,0.0950102824623778,0.0,0.5337009041790514,0.0,0.2712888133585707,0.0,0.0,0.0,0.0,0.0,022F_BASE
2026-02-12,0.0,0.0,0.0,0.1,0.0,0.0,0.0,0.0,0.0,0.0,0.0,0.0,0.0950102824623778,0.0,0.5337009041790514,0.0,0.2712888133585707,0.0,0.0,0.0,0.0,0.0,022F_BASE
2026-02-13,0.0,0.0,0.0,0.1,0.0,0.0,0.0,0.0,0.0,0.0,0.0,0.0,0.0950102824623778,0.0,0.5337009041790514,0.0,0.2712888133585707,0.0,0.0,0.0,0.0,0.0,022F_BASE
2026-02-17,0.0,0.0,0.0,0.1,0.0,0.0,0.0,0.0,0.0,0.0,0.0,0.0,0.0950102824623778,0.0,0.5337009041790514,0.0,0.2712888133585707,0.0,0.0,0.0,0.0,0.0,022F_BASE
2026-02-18,0.0,0.0,0.0,0.1,0.0,0.0,0.0,0.0,0.0,0.0,0.0,0.0,0.0950102824623778,0.0,0.5337009041790514,0.0,0.2712888133585707,0.0,0.0,0.0,0.0,0.0,022F_BASE
2026-02-19,0.0,0.0,0.0,0.1,0.0,0.0,0.0,0.0,0.0,0.0,0.0,0.0,0.0950102824623778,0.0,0.5337009041790514,0.0,0.2712888133585707,0.0,0.0,0.0,0.0,0.0,022F_BASE
2026-02-20,0.0,0.0,0.0,0.1,0.0,0.0,0.0,0.0,0.0,0.0,0.0,0.0,0.0950102824623778,0.0,0.5337009041790514,0.0,0.2712888133585707,0.0,0.0,0.0,0.0,0.0,022F_BASE
2026-02-23,0.0,0.0,0.0,0.1,0.0,0.0,0.0,0.0,0.0,0.0,0.0,0.0,0.0950102824623778,0.0,0.5337009041790514,0.0,0.2712888133585707,0.0,0.0,0.0,0.0,0.0,022F_BASE
2026-02-24,0.0,0.0,0.0,0.1,0.0,0.0,0.0,0.0,0.0,0.0,0.0,0.0,0.0950102824623778,0.0,0.5337009041790514,0.0,0.2712888133585707,0.0,0.0,0.0,0.0,0.0,022F_BASE
2026-02-25,0.0,0.0,0.0,0.1,0.0,0.0,0.0,0.0,0.0,0.0,0.0,0.0,0.0950102824623778,0.0,0.5337009041790514,0.0,0.2712888133585707,0.0,0.0,0.0,0.0,0.0,022F_BASE
2026-02-26,0.0,0.25,0.0,0.0,0.0,0.0,0.0,0.0,0.0,0.0,0.0,0.0,0.0,0.0,0.35,0.0,0.4,0.0,0.0,0.0,0.0,0.0,022F_BASE
2026-02-27,0.0,0.25,0.0,0.0,0.0,0.0,0.0,0.0,0.0,0.0,0.0,0.0,0.0,0.0,0.35,0.0,0.4,0.0,0.0,0.0,0.0,0.0,022F_BASE
2026-03-02,0.0,0.25,0.0,0.0,0.0,0.0,0.0,0.0,0.0,0.0,0.0,0.0,0.0,0.0,0.35,0.0,0.4,0.0,0.0,0.0,0.0,0.0,022F_BASE
2026-03-03,0.0,0.25,0.0,0.0,0.0,0.0,0.0,0.0,0.0,0.0,0.0,0.0,0.0,0.0,0.35,0.0,0.4,0.0,0.0,0.0,0.0,0.0,022F_BASE
2026-03-04,0.0,0.25,0.0,0.0,0.0,0.0,0.0,0.0,0.0,0.0,0.0,0.0,0.0,0.0,0.35,0.0,0.4,0.0,0.0,0.0,0.0,0.0,022F_BASE
2026-03-05,0.0,0.25,0.0,0.0,0.0,0.0,0.0,0.0,0.0,0.0,0.0,0.0,0.0,0.0,0.35,0.0,0.4,0.0,0.0,0.0,0.0,0.0,022F_BASE
2026-03-06,0.0,0.25,0.0,0.0,0.0,0.0,0.0,0.0,0.0,0.0,0.0,0.0,0.0,0.0,0.35,0.0,0.4,0.0,0.0,0.0,0.0,0.0,022F_BASE
2026-03-09,0.0,0.25,0.0,0.0,0.0,0.0,0.0,0.0,0.0,0.0,0.0,0.0,0.0,0.0,0.35,0.0,0.4,0.0,0.0,0.0,0.0,0.0,022F_BASE
2026-03-10,0.0,0.25,0.0,0.0,0.0,0.0,0.0,0.0,0.0,0.0,0.0,0.0,0.0,0.0,0.35,0.0,0.4,0.0,0.0,0.0,0.0,0.0,022F_BASE
2026-03-11,0.0,0.25,0.0,0.0,0.0,0.0,0.0,0.0,0.0,0.0,0.0,0.0,0.0,0.0,0.35,0.0,0.4,0.0,0.0,0.0,0.0,0.0,022F_BASE
2026-03-12,0.0,0.25,0.0,0.0,0.0,0.0,0.0,0.0,0.0,0.0,0.0,0.0,0.0,0.0,0.6500000000000001,0.0,0.0,0.0,0.0,0.0,0.0,0.0999999999999999,022F_BASE
2026-03-13,0.0,0.25,0.0,0.0,0.0,0.0,0.0,0.0,0.0,0.0,0.0,0.0,0.0,0.0,0.6500000000000001,0.0,0.0,0.0,0.0,0.0,0.0,0.0999999999999999,022F_BASE
2026-03-16,0.0,0.25,0.0,0.0,0.0,0.0,0.0,0.0,0.0,0.0,0.0,0.0,0.0,0.0,0.6500000000000001,0.0,0.0,0.0,0.0,0.0,0.0,0.0999999999999999,022F_BASE
2026-03-17,0.0,0.25,0.0,0.0,0.0,0.0,0.0,0.0,0.0,0.0,0.0,0.0,0.0,0.0,0.6500000000000001,0.0,0.0,0.0,0.0,0.0,0.0,0.0999999999999999,022F_BASE
2026-03-18,0.0,0.25,0.0,0.0,0.0,0.0,0.0,0.0,0.0,0.0,0.0,0.0,0.0,0.0,0.6500000000000001,0.0,0.0,0.0,0.0,0.0,0.0,0.0999999999999999,022F_BASE
2026-03-19,0.0,0.25,0.0,0.0,0.0,0.0,0.0,0.0,0.0,0.0,0.0,0.0,0.0,0.0,0.6500000000000001,0.0,0.0,0.0,0.0,0.0,0.0,0.0999999999999999,022F_BASE
2026-03-20,0.0,0.25,0.0,0.0,0.0,0.0,0.0,0.0,0.0,0.0,0.0,0.0,0.0,0.0,0.6500000000000001,0.0,0.0,0.0,0.0,0.0,0.0,0.0999999999999999,022F_BASE
2026-03-23,0.0,0.25,0.0,0.0,0.0,0.0,0.0,0.0,0.0,0.0,0.0,0.0,0.0,0.0,0.6500000000000001,0.0,0.0,0.0,0.0,0.0,0.0,0.0999999999999999,022F_BASE
2026-03-24,0.0,0.25,0.0,0.0,0.0,0.0,0.0,0.0,0.0,0.0,0.0,0.0,0.0,0.0,0.6500000000000001,0.0,0.0,0.0,0.0,0.0,0.0,0.0999999999999999,022F_BASE
2026-03-25,0.0,0.25,0.0,0.0,0.0,0.0,0.0,0.0,0.0,0.0,0.0,0.0,0.0,0.0,0.6500000000000001,0.0,0.0,0.0,0.0,0.0,0.0,0.0999999999999999,022F_BASE
2026-03-26,0.0,0.0,0.0,0.0,0.0,0.0,0.0,0.0,0.0,0.0999999999999999,0.0,0.0,0.0,0.0999999999999999,0.0,0.0,0.0,0.0,0.08,0.0,0.0,0.7200000000000001,022F_BASE
2026-03-27,0.0,0.0,0.0,0.0,0.0,0.0,0.0,0.0,0.0,0.0999999999999999,0.0,0.0,0.0,0.0999999999999999,0.0,0.0,0.0,0.0,0.08,0.0,0.0,0.7200000000000001,022F_BASE
2026-03-30,0.0,0.0,0.0,0.0,0.0,0.0,0.0,0.0,0.0,0.0999999999999999,0.0,0.0,0.0,0.0999999999999999,0.0,0.0,0.0,0.0,0.08,0.0,0.0,0.7200000000000001,022F_BASE
2026-03-31,0.0,0.0,0.0,0.0,0.0,0.0,0.0,0.0,0.0,0.0999999999999999,0.0,0.0,0.0,0.0999999999999999,0.0,0.0,0.0,0.0,0.08,0.0,0.0,0.7200000000000001,022F_BASE
2026-04-01,0.0,0.0,0.0,0.0,0.0,0.0,0.0,0.0,0.0,0.0999999999999999,0.0,0.0,0.0,0.0999999999999999,0.0,0.0,0.0,0.0,0.08,0.0,0.0,0.7200000000000001,022F_BASE
2026-04-02,0.0,0.0,0.0,0.0,0.0,0.0,0.0,0.0,0.0,0.0999999999999999,0.0,0.0,0.0,0.0999999999999999,0.0,0.0,0.0,0.0,0.08,0.0,0.0,0.7200000000000001,022F_BASE
2026-04-06,0.0,0.0,0.0,0.0,0.0,0.0,0.0,0.0,0.0,0.0999999999999999,0.0,0.0,0.0,0.0999999999999999,0.0,0.0,0.0,0.0,0.08,0.0,0.0,0.7200000000000001,022F_BASE
2026-04-07,0.0,0.0,0.0,0.0,0.0,0.0,0.0,0.0,0.0,0.0999999999999999,0.0,0.0,0.0,0.0999999999999999,0.0,0.0,0.0,0.0,0.08,0.0,0.0,0.7200000000000001,022F_BASE
2026-04-08,0.0,0.0,0.0,0.0,0.0,0.0,0.0,0.0,0.0,0.0999999999999999,0.0,0.0,0.0,0.0999999999999999,0.0,0.0,0.0,0.0,0.08,0.0,0.0,0.7200000000000001,022F_BASE
2026-04-09,0.0,0.0,0.4,0.6,0.0,0.0,0.0,0.0,0.0,0.0,0.0,0.0,0.0,0.0,0.0,0.0,0.0,0.0,0.0,0.0,0.0,0.0,EXPANDED_CANDIDATE
2026-04-10,0.0,0.0,0.0,0.0,0.0,0.0,0.0,0.3761618336751366,0.32383816632486334,0.0,0.0,0.0,0.0,0.0,0.0,0.0,0.0,0.0,0.0,0.0,0.0,0.3,EXPANDED_CANDIDATE
2026-04-13,0.0,0.0,0.0,0.0,0.0,0.0,0.0,0.3761618336751366,0.32383816632486334,0.0,0.0,0.0,0.0,0.0,0.0,0.0,0.0,0.0,0.0,0.0,0.0,0.3,EXPANDED_CANDIDATE
2026-04-14,0.0,0.0,0.0,0.0,0.0,0.0,0.0,0.3761618336751366,0.32383816632486334,0.0,0.0,0.0,0.0,0.0,0.0,0.0,0.0,0.0,0.0,0.0,0.0,0.3,EXPANDED_CANDIDATE
2026-04-15,0.0,0.0,0.0,0.0,0.0,0.0,0.0,0.3761618336751366,0.32383816632486334,0.0,0.0,0.0,0.0,0.0,0.0,0.0,0.0,0.0,0.0,0.0,0.0,0.3,EXPANDED_CANDIDATE
2026-04-16,0.0,0.0,0.0,0.0,0.0,0.0,0.0,0.3761618336751366,0.32383816632486334,0.0,0.0,0.0,0.0,0.0,0.0,0.0,0.0,0.0,0.0,0.0,0.0,0.3,EXPANDED_CANDIDATE
2026-04-17,0.0,0.0,0.0,0.0,0.0,0.0,0.0,0.3761618336751366,0.32383816632486334,0.0,0.0,0.0,0.0,0.0,0.0,0.0,0.0,0.0,0.0,0.0,0.0,0.3,EXPANDED_CANDIDATE
2026-04-20,0.0,0.0,0.0,0.0,0.0,0.0,0.0,0.3761618336751366,0.32383816632486334,0.0,0.0,0.0,0.0,0.0,0.0,0.0,0.0,0.0,0.0,0.0,0.0,0.3,EXPANDED_CANDIDATE
2026-04-21,0.0,0.0,0.0,0.0,0.0,0.0,0.0,0.3761618336751366,0.32383816632486334,0.0,0.0,0.0,0.0,0.0,0.0,0.0,0.0,0.0,0.0,0.0,0.0,0.3,EXPANDED_CANDIDATE
2026-04-22,0.0,0.0,0.0,0.0,0.0,0.0,0.0,0.3761618336751366,0.32383816632486334,0.0,0.0,0.0,0.0,0.0,0.0,0.0,0.0,0.0,0.0,0.0,0.0,0.3,EXPANDED_CANDIDATE
2026-04-23,0.0,0.0,0.0,0.0,0.0,0.0,0.0023838166324862964,0.32145434969237696,0.0,0.0,0.0,0.0761618336751366,0.0,0.0,0.0,0.0,0.0,0.0,0.0,0.0,0.0,0.6,022F_BASE
2026-04-24,0.0,0.0,0.0,0.0,0.0,0.0,0.0,0.3,0.0,0.0,0.0,0.3999999999999999,0.0,0.0,0.0,0.0,0.0,0.0,0.0,0.0,0.0,0.3,022F_BASE
2026-04-27,0.0,0.0,0.0,0.0,0.0,0.0,0.0,0.3,0.0,0.0,0.0,0.3999999999999999,0.0,0.0,0.0,0.0,0.0,0.0,0.0,0.0,0.0,0.3,022F_BASE
2026-04-28,0.0,0.0,0.0,0.0,0.0,0.0,0.0,0.3,0.0,0.0,0.0,0.3999999999999999,0.0,0.0,0.0,0.0,0.0,0.0,0.0,0.0,0.0,0.3,022F_BASE
2026-04-29,0.0,0.0,0.0,0.0,0.0,0.0,0.0,0.3,0.0,0.0,0.0,0.3999999999999999,0.0,0.0,0.0,0.0,0.0,0.0,0.0,0.0,0.0,0.3,022F_BASE
2026-04-30,0.0,0.0,0.0,0.0,0.0,0.0,0.0,0.3,0.0,0.0,0.0,0.3999999999999999,0.0,0.0,0.0,0.0,0.0,0.0,0.0,0.0,0.0,0.3,022F_BASE
2026-05-01,0.0,0.0,0.0,0.0,0.0,0.0,0.0,0.3,0.0,0.0,0.0,0.3999999999999999,0.0,0.0,0.0,0.0,0.0,0.0,0.0,0.0,0.0,0.3,022F_BASE
2026-05-04,0.0,0.0,0.0,0.0,0.0,0.0,0.0,0.3,0.0,0.0,0.0,0.3999999999999999,0.0,0.0,0.0,0.0,0.0,0.0,0.0,0.0,0.0,0.3,022F_BASE
2026-05-05,0.0,0.0,0.0,0.0,0.0,0.0,0.0,0.3,0.0,0.0,0.0,0.3999999999999999,0.0,0.0,0.0,0.0,0.0,0.0,0.0,0.0,0.0,0.3,022F_BASE
2026-05-06,0.0,0.0,0.0,0.0,0.0,0.0,0.0,0.3,0.0,0.0,0.0,0.3999999999999999,0.0,0.0,0.0,0.0,0.0,0.0,0.0,0.0,0.0,0.3,022F_BASE
2026-05-07,0.0,0.0,0.0,0.0,0.0,0.0,0.0,0.3,0.0,0.0,0.0,0.3999999999999999,0.0,0.0,0.0,0.0,0.0,0.0,0.0,0.0,0.0,0.3,022F_BASE
2026-05-08,0.0,0.0,0.0,0.0,0.0,0.0,0.046499999999999986,0.0,0.0,0.0,0.0,0.6975,0.0,0.0,0.0,0.0,0.0,0.0,0.0,0.0,0.07,0.1859999999999999,022F_BASE
2026-05-11,0.0,0.0,0.0,0.0,0.0,0.0,0.046499999999999986,0.0,0.0,0.0,0.0,0.6975,0.0,0.0,0.0,0.0,0.0,0.0,0.0,0.0,0.07,0.1859999999999999,022F_BASE
2026-05-12,0.0,0.0,0.0,0.0,0.0,0.0,0.046499999999999986,0.0,0.0,0.0,0.0,0.6975,0.0,0.0,0.0,0.0,0.0,0.0,0.0,0.0,0.07,0.1859999999999999,022F_BASE
2026-05-13,0.0,0.0,0.0,0.0,0.0,0.0,0.046499999999999986,0.0,0.0,0.0,0.0,0.6975,0.0,0.0,0.0,0.0,0.0,0.0,0.0,0.0,0.07,0.1859999999999999,022F_BASE
2026-05-14,0.0,0.0,0.0,0.0,0.0,0.0,0.046499999999999986,0.0,0.0,0.0,0.0,0.6975,0.0,0.0,0.0,0.0,0.0,0.0,0.0,0.0,0.07,0.1859999999999999,022F_BASE
2026-05-15,0.0,0.0,0.0,0.0,0.0,0.0,0.046499999999999986,0.0,0.0,0.0,0.0,0.6975,0.0,0.0,0.0,0.0,0.0,0.0,0.0,0.0,0.07,0.1859999999999999,022F_BASE
2026-05-18,0.0,0.0,0.0,0.0,0.0,0.0,0.046499999999999986,0.0,0.0,0.0,0.0,0.6975,0.0,0.0,0.0,0.0,0.0,0.0,0.0,0.0,0.07,0.1859999999999999,022F_BASE
2026-05-19,0.0,0.0,0.0,0.0,0.0,0.0,0.046499999999999986,0.0,0.0,0.0,0.0,0.6975,0.0,0.0,0.0,0.0,0.0,0.0,0.0,0.0,0.07,0.1859999999999999,022F_BASE
2026-05-20,0.0,0.0,0.0,0.0,0.0,0.0,0.046499999999999986,0.0,0.0,0.0,0.0,0.6975,0.0,0.0,0.0,0.0,0.0,0.0,0.0,0.0,0.07,0.1859999999999999,022F_BASE
2026-05-21,0.0,0.0,0.0,0.0,0.0,0.0,0.046499999999999986,0.0,0.0,0.0,0.0,0.6975,0.0,0.0,0.0,0.0,0.0,0.0,0.0,0.0,0.07,0.1859999999999999,022F_BASE
2026-05-22,0.0,0.0,0.0,0.0,0.0,0.0,0.2074082116753163,0.0,0.0,0.0,0.0,0.4435917883246836,0.0,0.0,0.0,0.0,0.0,0.0,0.0,0.0,0.07,0.279,022F_BASE
2026-05-26,0.0,0.0,0.0,0.0,0.0,0.0,0.2074082116753163,0.0,0.0,0.0,0.0,0.4435917883246836,0.0,0.0,0.0,0.0,0.0,0.0,0.0,0.0,0.07,0.279,022F_BASE
2026-05-27,0.0,0.0,0.0,0.0,0.0,0.0,0.2074082116753163,0.0,0.0,0.0,0.0,0.4435917883246836,0.0,0.0,0.0,0.0,0.0,0.0,0.0,0.0,0.07,0.279,022F_BASE
2026-05-28,0.0,0.0,0.0,0.0,0.0,0.0,0.2074082116753163,0.0,0.0,0.0,0.0,0.4435917883246836,0.0,0.0,0.0,0.0,0.0,0.0,0.0,0.0,0.07,0.279,022F_BASE
2026-05-29,0.0,0.0,0.0,0.0,0.0,0.0,0.2074082116753163,0.0,0.0,0.0,0.0,0.4435917883246836,0.0,0.0,0.0,0.0,0.0,0.0,0.0,0.0,0.07,0.279,022F_BASE
2026-06-01,0.0,0.0,0.0,0.0,0.0,0.0,0.2074082116753163,0.0,0.0,0.0,0.0,0.4435917883246836,0.0,0.0,0.0,0.0,0.0,0.0,0.0,0.0,0.07,0.279,022F_BASE
2026-06-02,0.0,0.0,0.0,0.0,0.0,0.0,0.2074082116753163,0.0,0.0,0.0,0.0,0.4435917883246836,0.0,0.0,0.0,0.0,0.0,0.0,0.0,0.0,0.07,0.279,022F_BASE
2026-06-03,0.0,0.0,0.0,0.0,0.0,0.0,0.2074082116753163,0.0,0.0,0.0,0.0,0.4435917883246836,0.0,0.0,0.0,0.0,0.0,0.0,0.0,0.0,0.07,0.279,022F_BASE
2026-06-04,0.0,0.0,0.0,0.0,0.0,0.0,0.2074082116753163,0.0,0.0,0.0,0.0,0.4435917883246836,0.0,0.0,0.0,0.0,0.0,0.0,0.0,0.0,0.07,0.279,022F_BASE
2026-06-05,0.0,0.0,0.0,0.0,0.0,0.0,0.2074082116753163,0.0,0.0,0.0,0.0,0.4435917883246836,0.0,0.0,0.0,0.0,0.0,0.0,0.0,0.0,0.07,0.279,022F_BASE
2026-06-08,0.0,0.0,0.0,0.0,0.0,0.0,0.0,0.0,0.0,0.0,0.0,0.0,0.0,0.285,0.0,0.0,0.0,0.05,0.0,0.0,0.0,0.665,022F_BASE
2026-06-09,0.0,0.0,0.0,0.0,0.0,0.0,0.0,0.0,0.0,0.0,0.0,0.0,0.0,0.285,0.0,0.0,0.0,0.05,0.0,0.0,0.0,0.665,022F_BASE
2026-06-10,0.0,0.0,0.0,0.0,0.0,0.0,0.0,0.0,0.0,0.0,0.0,0.0,0.0,0.285,0.0,0.0,0.0,0.05,0.0,0.0,0.0,0.665,022F_BASE
2026-06-11,0.0,0.0,0.0,0.0,0.0,0.0,0.0,0.0,0.0,0.0,0.0,0.0,0.0,0.285,0.0,0.0,0.0,0.05,0.0,0.0,0.0,0.665,022F_BASE
2026-06-12,0.0,0.0,0.0,0.0,0.0,0.0,0.0,0.0,0.0,0.0,0.0,0.0,0.0,0.285,0.0,0.0,0.0,0.05,0.0,0.0,0.0,0.665,022F_BASE
2026-06-15,0.0,0.0,0.0,0.0,0.0,0.0,0.0,0.0,0.0,0.0,0.0,0.0,0.0,0.285,0.0,0.0,0.0,0.05,0.0,0.0,0.0,0.665,022F_BASE
2026-06-16,0.0,0.0,0.0,0.0,0.0,0.0,0.0,0.0,0.0,0.0,0.0,0.0,0.0,0.285,0.0,0.0,0.0,0.05,0.0,0.0,0.0,0.665,022F_BASE
2026-06-17,0.0,0.0,0.0,0.0,0.0,0.0,0.0,0.0,0.0,0.0,0.0,0.0,0.0,0.285,0.0,0.0,0.0,0.05,0.0,0.0,0.0,0.665,022F_BASE
