model,date,top_asset,second_asset,top_score,second_score,score_gap,turnover,tx_cost_applied,overlay_fraction,v2_tqqq_scale,v2_alert_action,war_strength,growth_strength,risk_off_strength,soxx_strength,copper_strength,copper_3m_strength,industrial_strength,materials_strength,usd_3m_strength,hyg_strength,credit_strength,tech_real_economy_divergence,crash_pressure,soxx_5d,soxx_10d,soxx_dd_21,qqqm_5d,qqqm_10d,qqqm_dd_21,breakdown_score,overlay_style,conditional_breakdown_defense_level,raw_pred_QQQM,adj_pred_QQQM,signal_w_QQQM,exec_w_QQQM,raw_pred_SOXX,adj_pred_SOXX,signal_w_SOXX,exec_w_SOXX,raw_pred_IWM,adj_pred_IWM,signal_w_IWM,exec_w_IWM,raw_pred_FEZ,adj_pred_FEZ,signal_w_FEZ,exec_w_FEZ,raw_pred_XLE,adj_pred_XLE,signal_w_XLE,exec_w_XLE,raw_pred_XLB,adj_pred_XLB,signal_w_XLB,exec_w_XLB,raw_pred_XLI,adj_pred_XLI,signal_w_XLI,exec_w_XLI,raw_pred_XLF,adj_pred_XLF,signal_w_XLF,exec_w_XLF,raw_pred_XLV,adj_pred_XLV,signal_w_XLV,exec_w_XLV,raw_pred_XLP,adj_pred_XLP,signal_w_XLP,exec_w_XLP,raw_pred_XLU,adj_pred_XLU,signal_w_XLU,exec_w_XLU,raw_pred_XLRE,adj_pred_XLRE,signal_w_XLRE,exec_w_XLRE,raw_pred_TLT,adj_pred_TLT,signal_w_TLT,exec_w_TLT,raw_pred_IEF,adj_pred_IEF,signal_w_IEF,exec_w_IEF,raw_pred_GLD,adj_pred_GLD,signal_w_GLD,exec_w_GLD,raw_pred_XSOE,adj_pred_XSOE,signal_w_XSOE,exec_w_XSOE,signal_w_BIL,exec_w_BIL,exec_w_TQQQ,exec_w_ERX,exec_w_UXI,exec_w_SOXL
EXPANDED_EXECUTION_CANDIDATE_SHADOW,2023-10-17,XLE,XLV,-0.024819104476821095,-0.02490154548658049,8.244100975939375e-05,0.0,0.0,0.0,0.0,HARD_EXIT_TO_BIL,-0.10600694213592463,-0.03619250314678883,0.9319698538505125,-0.08667365838359208,-0.38105804387052167,-0.044293868434934144,-0.31035024942772094,-0.2537661748401089,1.9100213543075666,0.01827124712043996,-0.9299785563352997,0.2755656585081081,0.5381273366450698,-0.010760237889492874,0.02942988708177441,-0.020651964795883826,-0.0007255275454292054,0.03774205659772445,-0.007923619603659504,0.0,hybrid,off,-0.025667292158749924,-0.027891229935006846,0.0,0.0,-0.026910184702790965,-0.028960518381262092,0.0,0.0,-0.02580179541763004,-0.028811747937915605,0.0,0.0,-0.02573184402451482,-0.02573184402451482,0.0,0.0,-0.024819104476821095,-0.024819104476821095,0.0,0.0,-0.02580179541763004,-0.028150152710898938,0.0,0.0,-0.02567036696193073,-0.027920919105153923,0.0,0.0,-0.02574031835504595,-0.02750009832908966,0.0,0.0,-0.02574031835504595,-0.02490154548658049,0.0,0.0,-0.02574031835504595,-0.02574031835504595,0.0,0.0,-0.025933605418110083,-0.025933605418110083,0.0,0.0,-0.025933605418110083,-0.025933605418110083,0.0,0.0,-0.025933605418110083,-0.025933605418110083,0.0,0.0,-0.02574031835504595,-0.02574031835504595,0.0,0.0,-0.02574031835504595,-0.02574031835504595,0.0,0.0,-0.02580179541763004,-0.029941316628091748,0.0,0.0,1.0,1.0,0.0,0.0,0.0,0.0
EXPANDED_EXECUTION_CANDIDATE_SHADOW,2023-10-31,SOXX,IWM,0.05375537378543261,0.026673333334387147,0.027082040451045463,2.0,0.002,0.0,0.136,V2_TQQQ_TO_QQQM_OVERLAY,0.43769459749384865,-0.8973985370898285,0.48188336318497615,-1.1520027749961,0.7293686986321902,0.39338633443611687,0.40136273743357925,0.568724473277643,1.3726127556149033,0.951187779153033,0.3151076759833189,-1.4557396704284133,-0.6806904569830575,-0.04007725809490481,-0.07818123182692072,-0.09721860057541609,-0.023014942920916215,-0.047326695249250816,-0.05487531612265695,6.0,hybrid,off,0.02487560598513713,0.024104776599398123,0.0,0.0,0.054815517184439555,0.05375537378543261,0.5,0.5,0.02830311387613438,0.026673333334387147,0.5,0.5,0.023505983726881292,0.023505983726881292,0.0,0.0,0.015575612034961939,0.016451001229949636,0.0,0.0,0.023155435629388644,0.024042140469581304,0.0,0.0,0.023288892703729136,0.023149589826539873,0.0,0.0,0.01817292365524563,0.018174676376267646,0.0,0.0,0.018875496112882365,0.019309191139748844,0.0,0.0,0.01938751518179328,0.01938751518179328,0.0,0.0,0.02339955131606657,0.02339955131606657,0.0,0.0,0.021114823448484032,0.021114823448484032,0.0,0.0,0.024888265625579047,0.024888265625579047,0.0,0.0,0.011611338646330576,0.011611338646330576,0.0,0.0,0.011854853629916938,0.011854853629916938,0.0,0.0,0.02323925968536773,0.022609375186001146,0.0,0.0,0.0,0.0,0.0,0.0,0.0,0.0
EXPANDED_EXECUTION_CANDIDATE_SHADOW,2023-11-14,XSOE,XLRE,0.004659158780129347,0.004635903006685008,2.325577344433876e-05,2.0,0.002,0.0,0.1904,V2_TQQQ_TO_QQQM_OVERLAY,0.019261526173547372,0.002386341360273575,-0.46555991345505493,-0.002179964005868552,0.15845533571841589,0.07654773270676124,0.03193492524422804,0.07031511055346099,0.4956943538491315,0.4264443569977014,0.6753057685906978,-0.08093777188444234,-0.2347866285126874,0.06424395673311278,0.14846645474613873,0.0,0.03391382650506669,0.09838570331068719,0.0,0.0,hybrid,off,0.002263650854525421,0.0028853259452661607,0.0,0.0,0.0035001136914207948,0.0035017841303729863,0.0,0.0,0.0038658283511535624,0.0042051516744011025,0.0,0.0,0.003959282785679542,0.003959282785679542,0.0,0.0,0.0011318399317051897,0.0011684539109640655,0.0,0.0,0.0025359208340139977,0.0025359208340139977,0.0,0.0,0.0031078671720242766,0.0031078671720242766,0.0,0.0,0.0029271794851774176,0.003925882444825806,0.0,0.0,0.002780638772477807,0.002780638772477807,0.0,0.0,0.002730127936902456,0.002730127936902456,0.0,0.0,0.0037713137856958557,0.0037713137856958557,0.0,0.0,0.004635903006685008,0.004635903006685008,0.4,0.4,0.003830343822159498,0.003830343822159498,0.0,0.0,0.0028555774913037175,0.0028555774913037175,0.0,0.0,0.003523849178561557,0.003523849178561557,0.0,0.0,0.004155506423991547,0.004659158780129347,0.6,0.6,0.0,0.0,0.0,0.0,0.0,0.0
EXPANDED_EXECUTION_CANDIDATE_SHADOW,2023-11-29,SOXX,QQQM,0.015390882796258762,0.013833031479714515,0.0015578513165442464,2.0,0.002,0.0,0.595,V2_TQQQ_TO_QQQM_OVERLAY,-0.19090106800828688,0.7153354164458197,-1.0478792415571554,1.1550237955463434,-1.024057799442065,0.1594202288882324,-0.4698087310541949,-0.6167578372756847,0.19069828716500797,-1.2620379122136725,0.2790367667776713,1.4028510551938969,0.4225589364934759,0.0074597038413830585,0.01808792913530133,-0.01137225318925228,0.003566128536757196,0.011795674257037536,-0.002239394539074513,0.0,hybrid,off,0.01041480419055989,0.013833031479714515,0.4,0.4,0.01281110517276327,0.015390882796258762,0.6,0.6,0.011936305747607718,0.012576558922508628,0.0,0.0,0.010874308574881189,0.010874308574881189,0.0,0.0,0.011555436193088327,0.010983167859931671,0.0,0.0,0.011311494311392478,0.011311494311392478,0.0,0.0,0.010368066801102261,0.010368066801102261,0.0,0.0,0.010317190464823057,0.010624130908278495,0.0,0.0,0.010459077338562727,0.010459077338562727,0.0,0.0,0.010344398768833005,0.010344398768833005,0.0,0.0,0.01138052127945685,0.01138052127945685,0.0,0.0,0.011909092527460937,0.011909092527460937,0.0,0.0,0.011500327936635815,0.011500327936635815,0.0,0.0,0.010459077338562727,0.010459077338562727,0.0,0.0,0.010486975478161015,0.010486975478161015,0.0,0.0,0.011362285666248436,0.011328773458394796,0.0,0.0,0.0,0.0,0.0,0.0,0.0,0.0
EXPANDED_EXECUTION_CANDIDATE_SHADOW,2023-12-13,SOXX,IWM,0.034204757676458204,0.030880465670894815,0.0033242920055633896,0.8,0.0008,0.0,0.68,V2_TQQQ_TO_QQQM_OVERLAY,-0.27537183171307705,0.10430074398022693,-0.1694587459434383,0.7093126126627223,-0.5238856170868816,-0.19897361036559807,0.36361906514968917,-0.16876516873476277,-0.4083681615282218,-0.5326292195220216,0.1534996985335617,0.19326756536106718,0.04817704083926498,0.09453645222833185,0.0670068073109098,0.0,0.04873745171929467,0.035660920841358745,0.0,0.0,hybrid,off,0.02091164135414223,0.02233189287162982,0.0,0.0,0.03285498445287915,0.034204757676458204,0.6,0.6,0.030730705300841876,0.030880465670894815,0.4,0.4,0.021032265011764903,0.021032265011764903,0.0,0.0,0.020624476897742477,0.020541036302558296,0.0,0.0,0.02091164135414223,0.02091164135414223,0.0,0.0,0.02085306691358003,0.02150161568831008,0.0,0.0,0.020925014048325377,0.021093863716712295,0.0,0.0,0.020676056028336075,0.020676056028336075,0.0,0.0,0.020628124537075982,0.020628124537075982,0.0,0.0,0.02598456743741911,0.02598456743741911,0.0,0.0,0.029895505374315637,0.029895505374315637,0.0,0.0,0.025101311483711756,0.025101311483711756,0.0,0.0,0.020676056028336075,0.020676056028336075,0.0,0.0,0.020796201593056538,0.020796201593056538,0.0,0.0,0.02080513542231994,0.02091258521129343,0.0,0.0,0.0,0.0,0.0,0.0,0.0,0.0
EXPANDED_EXECUTION_CANDIDATE_SHADOW,2023-12-28,SOXX,XLI,-0.0003136406805332897,-0.0012537475711033041,0.0009401068905700144,2.0,0.002,0.0,0.0,HARD_EXIT_TO_BIL,0.09772844347041026,0.35770893948528176,0.23612901084789922,1.1265358379418837,-0.20284044715067795,-0.2739440887608848,0.5182447383005866,-0.03580964765738717,-1.1209702944602058,-0.13441984779312896,-0.0977799552588036,0.24970879190536535,0.2442768794823789,0.049912358917517,0.053602372244049956,-0.0018745892596817582,0.02092782791809511,0.02135787044588433,-0.00041325404463254944,0.0,hybrid,off,-0.002879873406156133,-0.001855627837264862,0.0,0.0,-0.0020723176226029997,-0.0003136406805332897,0.0,0.0,-0.0026035929320095243,-0.0028254546960656255,0.0,0.0,-0.002879873406156133,-0.002879873406156133,0.0,0.0,-0.00284032002728245,-0.002931030291929855,0.0,0.0,-0.002879873406156133,-0.0032812927245975615,0.0,0.0,-0.002992953406743486,-0.0012537475711033041,0.0,0.0,-0.0029292326237612062,-0.0033778777443722145,0.0,0.0,-0.002879873406156133,-0.0026673572963930234,0.0,0.0,-0.002726036614138072,-0.002726036614138072,0.0,0.0,-0.002554639523570929,-0.002554639523570929,0.0,0.0,-0.003085852623133831,-0.003085852623133831,0.0,0.0,-0.003042285331893255,-0.003042285331893255,0.0,0.0,-0.002793984528724224,-0.002793984528724224,0.0,0.0,-0.002775368539287841,-0.002775368539287841,0.0,0.0,-0.002793984528724224,-0.0033248796165022687,0.0,0.0,1.0,1.0,0.0,0.0,0.0,0.0
EXPANDED_EXECUTION_CANDIDATE_SHADOW,2024-01-12,SOXX,IWM,0.0167956630871943,0.010186642611179431,0.006609020476014868,2.0,0.002,0.0,0.08092,V2_TQQQ_TO_QQQM_OVERLAY,-0.11922890932612301,-0.6092870432557678,0.6036319783178299,-0.47080615463148767,-0.6517316793401532,-0.2859225283911565,-0.4068800680535249,-0.5155246828454387,-0.9929980239163678,0.31090506071415935,-0.0742954820207263,-0.09092587663908455,0.18689726534368123,0.028698554482735394,-0.03957890646468332,-0.04137930153139646,0.03232933230819102,-0.004016989933835591,-0.004428583941130659,0.0,hybrid,off,0.001331648958672582,0.00010056575320970202,0.0,0.0,0.018123653439493525,0.0167956630871943,0.5,0.5,0.01139390656781509,0.010186642611179431,0.5,0.5,0.0008058060384819009,0.0008058060384819009,0.0,0.0,0.0009780908486589537,0.0009780908486589537,0.0,0.0,0.0008058060384819009,-0.00022036832465840983,0.0,0.0,0.0008058060384819009,-0.00028073152249019303,0.0,0.0,0.0008058060384819009,-0.0001545516838934802,0.0,0.0,0.0008058060384819009,0.0013490748189679477,0.0,0.0,0.0008058060384819009,0.0008058060384819009,0.0,0.0,0.005953015905266543,0.005953015905266543,0.0,0.0,0.008870706906256617,0.008870706906256617,0.0,0.0,0.0007357737146734623,0.0007357737146734623,0.0,0.0,0.0008058060384819008,0.0008058060384819008,0.0,0.0,0.0008058060384819009,0.0008058060384819009,0.0,0.0,0.0008058060384819008,-0.00012164336351101561,0.0,0.0,0.0,0.0,0.0,0.0,0.0,0.0
EXPANDED_EXECUTION_CANDIDATE_SHADOW,2024-01-29,SOXX,XLV,0.008152319378758117,0.0029744472048138172,0.0051778721739443,1.0,0.001,0.0,0.11560000000000001,V2_TQQQ_TO_QQQM_OVERLAY,-0.6078176068243001,-0.2801038023207595,0.48472064424193145,-0.24968319965719635,-0.784107581182572,-0.8291021782627521,-1.2395290903988667,-1.0334788891933524,-0.8514239937887139,-0.9097722459758436,-0.7843445647376919,0.7506812648912887,0.6442970166315458,0.0013097064174227846,0.08360387148679504,-0.019560293143935037,0.015265156211119013,0.04537363083820001,0.0,0.0,hybrid,off,0.0028252488569897676,0.0016619193108091323,0.0,0.0,0.009218704796090367,0.008152319378758117,0.5,0.5,0.00193908482906957,0.000969643540585707,0.0,0.0,0.0021327748328130824,0.0021327748328130824,0.0,0.0,0.0011535715272820513,0.0011535715272820513,0.0,0.0,0.0011298288087884761,0.00030580371357719267,0.0,0.0,0.002603835335378295,0.0017313381757428185,0.0,0.0,0.003540236852711114,0.002619267628651444,0.0,0.0,0.002538198624996079,0.0029744472048138172,0.5,0.5,0.0012189400351160671,0.0012189400351160671,0.0,0.0,1.3769514712879035e-05,1.3769514712879035e-05,0.0,0.0,0.002916189057669717,0.002916189057669717,0.0,0.0,0.001315513821632242,0.001315513821632242,0.0,0.0,0.0002712253420727755,0.0002712253420727755,0.0,0.0,0.00019320665980616776,0.00019320665980616776,0.0,0.0,0.0005367925661307555,-0.00043264872235310745,0.0,0.0,0.0,0.0,0.0,0.0,0.0,0.0
EXPANDED_EXECUTION_CANDIDATE_SHADOW,2024-02-12,SOXX,QQQM,0.01714607741062837,0.009846645930816545,0.007299431479811826,1.5,0.0015,0.0,0.5780000000000001,V2_TQQQ_TO_QQQM_OVERLAY,0.1964805776185182,0.4150367480731943,0.4717738428783369,0.9987404774938915,-1.1973415841978905,-1.085654487797916,-0.9867629272428826,-1.1730018504654716,-0.5900968050121802,-1.7506878689870111,-1.262784286698091,1.5301568955304854,1.106803674469626,0.03914844660689343,0.04023238622549474,-0.0018112321034028378,0.01598824539338972,0.016737525326743885,-0.0038908821349658007,0.0,hybrid,off,0.008747325471206456,0.009846645930816545,0.75,0.75,0.016981164221396176,0.01714607741062837,0.25,0.25,0.009136278089505479,0.008192730403748806,0.0,0.0,0.008747325471206456,0.008747325471206456,0.0,0.0,0.008693806682955914,0.008754738439734394,0.0,0.0,0.008693806682955914,0.007891791150062742,0.0,0.0,0.008747325471206456,0.00789813255402545,0.0,0.0,0.008747325471206456,0.007850955169737616,0.0,0.0,0.008747325471206456,0.00917192192979696,0.0,0.0,0.008693806682955914,0.008693806682955914,0.0,0.0,0.008693806682955914,0.008693806682955914,0.0,0.0,0.008693806682955914,0.008693806682955914,0.0,0.0,0.008693806682955914,0.008693806682955914,0.0,0.0,0.008693806682955914,0.008693806682955914,0.0,0.0,0.008747325471206456,0.008747325471206456,0.0,0.0,0.008693806682955914,0.00763237065062813,0.0,0.0,0.0,0.0,0.0,0.0,0.0,0.0
EXPANDED_EXECUTION_CANDIDATE_SHADOW,2024-02-27,SOXX,IWM,0.030171594128287453,0.023384896699469367,0.0067866974288180865,1.5,0.0015,0.0,0.16184,V2_TQQQ_TO_QQQM_OVERLAY,0.13845129326753058,-0.3221316876389999,0.5568307589187372,0.3194931120594331,-0.6360765478602637,-0.6974513946210872,0.11355878942072913,-0.40980919332901866,0.23197769771193302,-1.273202880400885,-0.7115539554504633,-0.027621081913019457,0.20615965441968323,0.044760726976627696,0.021996196666084433,-0.0020205382775180247,0.024160073724184716,0.005357208738981933,-0.0011087961114873979,0.0,hybrid,off,0.015796955080552212,0.014833298945174805,0.0,0.0,0.030821534196201695,0.030171594128287453,0.5,0.5,0.024498558217306843,0.023384896699469367,0.5,0.5,0.015747215674738597,0.015747215674738597,0.0,0.0,0.015796955080552212,0.016073857667087275,0.0,0.0,0.015796955080552212,0.01485034279039036,0.0,0.0,0.015747215674738597,0.01474492030868487,0.0,0.0,0.015747215674738597,0.014689237232792996,0.0,0.0,0.015661737666655736,0.0161628853496826,0.0,0.0,0.015747215674738597,0.015747215674738597,0.0,0.0,0.016012460464700166,0.016012460464700166,0.0,0.0,0.015796955080552212,0.015796955080552212,0.0,0.0,0.015796955080552212,0.015796955080552212,0.0,0.0,0.01570280006741166,0.01570280006741166,0.0,0.0,0.015747215674738597,0.015747215674738597,0.0,0.0,0.015796955080552212,0.0143218495494999,0.0,0.0,0.0,0.0,0.0,0.0,0.0,0.0
EXPANDED_EXECUTION_CANDIDATE_SHADOW,2024-03-12,SOXX,IWM,0.03185830591088992,0.02074983614992769,0.011108469760962233,0.0,0.0,0.0,0.119,V2_TQQQ_TO_QQQM_OVERLAY,0.0168827185095463,-0.24892065233017063,0.8985615511164854,0.8095376345184214,1.8745334161265288,-0.5090985973248882,1.499381608968549,1.381553308311711,-0.39905816301427066,-0.48371573583463195,-0.48672994944442,-1.81960789821622,-0.7323401184831378,0.024143518639908157,0.0735077862116631,-0.033564593025720235,0.017380626200051763,0.013709812015620049,-0.004632673810076704,0.0,hybrid,off,0.014218625460301067,0.01094144465999175,0.0,0.0,0.03237797358121303,0.03185830591088992,0.5,0.5,0.02254695925216066,0.02074983614992769,0.5,0.5,0.014218625460301067,0.014218625460301067,0.0,0.0,0.014218625460301067,0.01425239089732016,0.0,0.0,0.014346904599215643,0.018502591426207072,0.0,0.0,0.014218625460301067,0.01619973052981591,0.0,0.0,0.014218625460301067,0.012511358513179745,0.0,0.0,0.014218625460301067,0.015027330856305903,0.0,0.0,0.014218625460301067,0.014218625460301067,0.0,0.0,0.014218625460301067,0.014218625460301067,0.0,0.0,0.014218625460301067,0.014218625460301067,0.0,0.0,0.014218625460301067,0.014218625460301067,0.0,0.0,0.014218625460301067,0.014218625460301067,0.0,0.0,0.014218625460301067,0.014218625460301067,0.0,0.0,0.014218625460301067,0.015410626192764813,0.0,0.0,0.0,0.0,0.0,0.0,0.0,0.0
EXPANDED_EXECUTION_CANDIDATE_SHADOW,2024-03-26,SOXX,XLI,0.02244439849246517,0.015809336448813136,0.006635062043652034,1.0,0.001,0.0,0.11560000000000001,V2_TQQQ_TO_QQQM_OVERLAY,0.5070421664989424,-0.5812685756117465,0.47955854047521695,-0.1254418171003099,1.2410634918134116,0.00943828819194792,0.9861764531042024,0.9764401016653963,1.105474201032111,-0.12882274372274827,-0.02542224527499959,-1.6405034173251296,-0.7924786342049909,0.029284557423220114,-0.02899544634177953,-0.06158681901143892,0.010918193543347776,0.0006732355100065313,-0.006481780141519233,1.0,hybrid,off,0.012826453654562137,0.009590588665955949,0.0,0.0,0.023499427281510648,0.02244439849246517,0.5,0.5,0.012826453654562137,0.011204052052992436,0.0,0.0,0.012826453654562137,0.012826453654562137,0.0,0.0,0.013104908976044594,0.015640119808539306,0.0,0.0,0.012826453654562137,0.015418157581299802,0.0,0.0,0.012826453654562137,0.015809336448813136,0.5,0.5,0.012826453654562137,0.011915292427659225,0.0,0.0,0.012826453654562137,0.013258056340989833,0.0,0.0,0.012826453654562137,0.012826453654562137,0.0,0.0,0.012826453654562137,0.012826453654562137,0.0,0.0,0.012826453654562137,0.012826453654562137,0.0,0.0,0.012905382252312289,0.012905382252312289,0.0,0.0,0.012826453654562137,0.012826453654562137,0.0,0.0,0.012980657754888596,0.012980657754888596,0.0,0.0,0.012826453654562137,0.012222243819375263,0.0,0.0,0.0,0.0,0.0,0.0,0.0,0.0
EXPANDED_EXECUTION_CANDIDATE_SHADOW,2024-04-10,XLB,XLI,-0.002958587463422973,-0.005678136973378402,0.0027195495099554285,2.0,0.002,0.0,0.0,HARD_EXIT_TO_BIL,0.7989707798089299,-0.7385438968677662,0.48758953500746866,-0.8442415736065831,2.8333233487160507,2.3321169636017616,1.4214064035824212,2.368328422647952,1.049322205226429,-0.011906499662843647,-0.17711967477441587,-2.914948090663212,-1.5539330403949396,-0.0218268607106491,-0.010723341778721585,-0.039407860039351705,-0.008410813461277256,-0.01107443655836593,-0.01748443463692262,0.0,hybrid,off,-0.010584824255428798,-0.014828260164987526,0.0,0.0,-0.0077469289883153125,-0.008819625965331743,0.0,0.0,-0.011318912452447712,-0.012923684845598507,0.0,0.0,-0.01079972297278274,-0.01079972297278274,0.0,0.0,-0.012678910562689608,-0.00868405666364496,0.0,0.0,-0.012091533039119995,-0.002958587463422973,0.0,0.0,-0.0103439607843364,-0.005678136973378402,0.0,0.0,-0.009225989097306195,-0.010152409213820384,0.0,0.0,-0.010621664182905334,-0.010182833601398612,0.0,0.0,-0.01138168577802412,-0.01138168577802412,0.0,0.0,-0.01207983630474576,-0.01207983630474576,0.0,0.0,-0.006412958922909205,-0.006412958922909205,0.0,0.0,-0.016073654380799864,-0.016073654380799864,0.0,0.0,-0.011605928016573258,-0.011605928016573258,0.0,0.0,-0.011844836998216687,-0.011844836998216687,0.0,0.0,-0.012533113673250825,-0.010713544499477156,0.0,0.0,1.0,1.0,0.0,0.0,0.0,0.0
EXPANDED_EXECUTION_CANDIDATE_SHADOW,2024-04-24,SOXX,XLRE,0.026889890446114985,0.02521564745484871,0.0016742429912662733,1.0,0.001,0.0,0.0099127,V2_TQQQ_TO_QQQM_OVERLAY,0.3886440278313084,-1.108601374175994,1.1359978543008986,-1.173078052655619,3.0,2.6291779975243923,1.3389019106428943,2.4662261446286706,0.9382424952645027,1.491705144573483,0.1319170658340274,-3.3403961935210416,-1.5498385743922656,-0.00865201159453366,-0.054197610855864276,-0.08655291586622482,0.001483961495489572,-0.027109433664838867,-0.04255551453344719,2.0,hybrid,off,0.012029122251974594,0.007881992450910948,0.0,0.0,0.029389085725576962,0.026889890446114985,0.25,0.125,0.012181788066171387,0.009975750890486603,0.0,0.0,0.012029122251974594,0.012029122251974594,0.0,0.0,0.012029122251974594,0.01189761202419649,0.0,0.0,0.012029122251974594,0.016097925899663065,0.0,0.0,0.012029122251974594,0.013197690699775921,0.0,0.0,0.012029122251974594,0.010910858187964405,0.0,0.0,0.012029122251974594,0.013051520320845403,0.0,0.0,0.012029122251974594,0.012029122251974594,0.0,0.0,0.012029122251974594,0.012029122251974594,0.0,0.0,0.02521564745484871,0.02521564745484871,0.75,0.375,0.012029122251974594,0.012029122251974594,0.0,0.0,0.012029122251974594,0.012029122251974594,0.0,0.0,0.012029122251974594,0.012029122251974594,0.0,0.0,0.012029122251974594,0.014632925708556562,0.0,0.0,0.0,0.5,0.0,0.0,0.0,0.0
EXPANDED_EXECUTION_CANDIDATE_SHADOW,2024-05-08,SOXX,XLB,0.023991961636942494,0.021767689864835307,0.002224271772107187,1.75,0.00175,0.0,0.0952,V2_TQQQ_TO_QQQM_OVERLAY,0.1760512664695646,-0.6205720248250786,-0.1943499594465106,-0.8228282575603026,1.453630577765658,3.0,0.5604352394222616,1.5516244915927413,0.44099074991823467,0.8662559267011424,0.836635818842009,-1.7958821040100268,-1.1552692461846203,0.058812200127032366,0.049774833782934014,-0.02905042585630979,0.043989701051999175,0.03185362541794823,-0.012057436534915422,0.0,hybrid,off,0.01926836841284452,0.01922031782141114,0.0,0.0,0.023991961636942494,0.023991961636942494,0.5,0.5,0.01567668255729821,0.016095000466719214,0.0,0.0,0.014911377833594513,0.014911377833594513,0.0,0.0,0.014911377833594513,0.015263480366533641,0.0,0.0,0.014888154421074154,0.021767689864835307,0.5,0.5,0.014888154421074154,0.017408506182357775,0.0,0.0,0.014888154421074154,0.01632820737782105,0.0,0.0,0.014888154421074154,0.014888154421074154,0.0,0.0,0.01488815442107415,0.01488815442107415,0.0,0.0,0.014911377833594513,0.014911377833594513,0.0,0.0,0.02038149092450194,0.02038149092450194,0.0,0.0,0.014888154421074154,0.014888154421074154,0.0,0.0,0.01488815442107415,0.01488815442107415,0.0,0.0,0.014911377833594513,0.014911377833594513,0.0,0.0,0.014911377833594513,0.01796764250545638,0.0,0.0,0.0,0.0,0.0,0.0,0.0,0.0
EXPANDED_EXECUTION_CANDIDATE_SHADOW,2024-05-22,SOXX,QQQM,0.026595516970894763,0.015952313023651812,0.010643203947242951,1.0,0.001,0.0,1.0,V2_TQQQ_TO_QQQM_OVERLAY,-0.32607513255317844,1.1718419582067807,-1.047873411889538,1.4345290165734776,0.7126126044375009,2.5318896030199727,-0.09156683944330292,1.028018183085503,0.20391431741911364,-1.0575139724244724,0.06453897575725998,0.6303002066007606,-0.04096924079535891,0.01981190313820158,0.0745477385532507,0.0,0.006278554290562344,0.035564434353814844,-0.0002665233345092721,0.0,hybrid,off,0.008935379315539825,0.015952313023651812,0.30000000000000004,0.30000000000000004,0.02319307537031776,0.026595516970894763,0.7,0.5075,0.008970137460211103,0.009822696318834478,0.0,0.0,0.008935379315539825,0.008935379315539825,0.0,0.0,0.008970137460211103,0.008032663893645679,0.0,0.0,0.008935379315539825,0.013318963742546515,0.0,0.0,0.008935379315539825,0.008889595895818173,0.0,0.0,0.008935379315539825,0.009006372188872812,0.0,0.0,0.008935379315539825,0.008935379315539825,0.0,0.0,0.008935379315539825,0.008935379315539825,0.0,0.0,0.008935379315539825,0.008935379315539825,0.0,0.0,0.008970137460211103,0.008970137460211103,0.0,0.0,0.008935379315539825,0.008935379315539825,0.0,0.0,0.008935379315539825,0.008935379315539825,0.0,0.0,0.008970137460211103,0.008970137460211103,0.0,0.0,0.008935379315539825,0.009876039584766972,0.0,0.0,0.0,0.0,0.0,0.0,0.0,0.1925
EXPANDED_EXECUTION_CANDIDATE_SHADOW,2024-06-06,SOXX,QQQM,0.03418408298741106,0.01080010531363422,0.02338397767377684,0.0,0.0,0.0,1.0,V2_TQQQ_TO_QQQM_OVERLAY,-0.391638341843921,0.9575773569766893,-0.5656654118123645,1.0200340426568215,-0.410242964088046,1.7899365668926883,-1.0626153095458761,0.01033923940610526,0.3073009347438324,-0.7396902054355526,-0.2517400265536903,1.4489468707520232,0.643101957726268,0.020387502358079068,0.02338042178109978,-0.00819844778620693,0.026096264972803374,0.01695812259534546,-0.0001572645655871785,0.0,hybrid,off,0.007252896131429926,0.01080010531363422,0.30000000000000004,0.30000000000000004,0.0316777175607451,0.03418408298741106,0.7,0.5075,0.007252896131429926,0.007923200281313608,0.0,0.0,0.007252896131429926,0.007252896131429926,0.0,0.0,0.007429060283992347,0.006662998398410996,0.0,0.0,0.007252896131429926,0.00832685807156554,0.0,0.0,0.007252896131429926,0.007252896131429926,0.0,0.0,0.007252896131429926,0.007252896131429926,0.0,0.0,0.007252896131429926,0.007252896131429926,0.0,0.0,0.007252896131429926,0.007252896131429926,0.0,0.0,0.007252896131429926,0.007252896131429926,0.0,0.0,0.007252896131429926,0.007252896131429926,0.0,0.0,0.007252896131429926,0.007252896131429926,0.0,0.0,0.007252896131429926,0.007252896131429926,0.0,0.0,0.007252896131429926,0.007252896131429926,0.0,0.0,0.007252896131429926,0.006884135009737327,0.0,0.0,0.0,0.0,0.0,0.0,0.0,0.1925
EXPANDED_EXECUTION_CANDIDATE_SHADOW,2024-06-21,SOXX,GLD,0.017632677386988895,0.015495744238344529,0.0021369331486443665,1.5,0.0015,0.0,0.595,V2_TQQQ_TO_QQQM_OVERLAY,-0.5524472955534258,1.1492932989431153,-0.4635388751139399,0.7299057942042562,-2.731028079087169,0.8363275916428218,-2.0231871674706317,-1.7002655486747014,0.4645929461419616,-0.4030280283223742,-0.5223155408882343,3.2718101733201324,1.7776705539465034,-0.01253201956246286,0.03887366268401404,-0.0366399496954013,0.006932372698018385,0.03586779530316808,-0.01066770540740869,0.0,hybrid,off,0.005721599382098545,0.009188035250711584,0.0,0.0,0.016936478091318256,0.017632677386988895,0.25,0.25,0.005721599382098545,0.005721599382098545,0.0,0.0,0.006762462168164878,0.006762462168164878,0.0,0.0,0.005922850506832664,0.005003415867678171,0.0,0.0,0.005721599382098545,0.005721599382098545,0.0,0.0,0.005721599382098545,0.005721599382098545,0.0,0.0,0.005721599382098545,0.005721599382098545,0.0,0.0,0.005721599382098545,0.005721599382098545,0.0,0.0,0.005721599382098545,0.005721599382098545,0.0,0.0,0.005721599382098545,0.005721599382098545,0.0,0.0,0.005721599382098545,0.005721599382098545,0.0,0.0,0.005721599382098545,0.005721599382098545,0.0,0.0,0.005721599382098545,0.005721599382098545,0.0,0.0,0.015495744238344529,0.015495744238344529,0.75,0.75,0.005721599382098545,0.0051640878467281905,0.0,0.0,0.0,0.0,0.0,0.0,0.0,0.0
EXPANDED_EXECUTION_CANDIDATE_SHADOW,2024-07-08,SOXX,QQQM,0.01818475334082228,0.01241347059182278,0.005771282748999502,1.5,0.0015,0.0,0.68,V2_TQQQ_TO_QQQM_OVERLAY,-0.32846747857975045,1.1881948964597535,-1.1211574515197207,0.2910711245836337,-0.6387275080534423,0.2896337199739675,-1.1911232138458314,-0.5885780504122209,0.0061137820819894455,-0.9832392732435842,-0.4131215192700082,2.0027085913661047,0.7531621742117744,0.05254825593767243,0.03927438645654946,0.0,0.03850653035068552,0.037927196392566476,0.0,0.0,hybrid,off,0.009571366999569458,0.01241347059182278,0.30000000000000004,0.30000000000000004,0.016829088889049916,0.01818475334082228,0.7,0.7,0.009756021439610824,0.01058775786713265,0.0,0.0,0.01006241380659592,0.01006241380659592,0.0,0.0,0.009756021439610824,0.008805465522443021,0.0,0.0,0.009756021439610824,0.009756021439610824,0.0,0.0,0.009756021439610824,0.009756021439610824,0.0,0.0,0.009756021439610824,0.009756021439610824,0.0,0.0,0.009756021439610824,0.009756021439610824,0.0,0.0,0.009756021439610824,0.009756021439610824,0.0,0.0,0.009756021439610824,0.009756021439610824,0.0,0.0,0.009756021439610824,0.009756021439610824,0.0,0.0,0.009756021439610824,0.009756021439610824,0.0,0.0,0.009756021439610824,0.009756021439610824,0.0,0.0,0.009953612777866605,0.009953612777866605,0.0,0.0,0.009756021439610824,0.009748684901112437,0.0,0.0,0.0,0.0,0.0,0.0,0.0,0.0
EXPANDED_EXECUTION_CANDIDATE_SHADOW,2024-07-22,XLV,FEZ,0.01053202595477847,0.009709560934311967,0.0008224650204665031,2.0,0.002,0.0,0.028322,V2_TQQQ_TO_QQQM_OVERLAY,-0.260542975424579,-1.303639798739773,0.9523026165399573,-1.3508146118639206,-1.818898743229701,-1.9364446980405483,-0.5286334728185468,-1.540022998262759,-1.0219817343348685,0.56368377475058,-0.04222823635685469,-0.03394041089240585,0.3605568000805394,-0.05357820439758754,-0.05142716898508992,-0.0725074089255694,-0.027962837709189725,-0.03033707501018068,-0.04111118299426186,4.0,hybrid,off,0.009752997024048072,0.00786204938667758,0.0,0.0,0.009046152181465312,0.006951086425077406,0.0,0.0,0.00824614536043323,0.006341540127353315,0.0,0.0,0.009709560934311967,0.009709560934311967,0.4,0.4,0.009709560934311967,0.009709560934311967,0.0,0.0,0.009709560934311967,0.00809064648619404,0.0,0.0,0.009674953599892509,0.007960808890120586,0.0,0.0,0.009674953599892509,0.008203788893316938,0.0,0.0,0.009674953599892509,0.01053202595477847,0.6,0.6,0.009674953599892509,0.009674953599892509,0.0,0.0,0.009709560934311967,0.009709560934311967,0.0,0.0,0.009674953599892509,0.009674953599892509,0.0,0.0,0.009709560934311967,0.009709560934311967,0.0,0.0,0.009674953599892509,0.009674953599892509,0.0,0.0,0.009709560934311967,0.009709560934311967,0.0,0.0,0.009674953599892509,0.008277663764088117,0.0,0.0,0.0,0.0,0.0,0.0,0.0,0.0
EXPANDED_EXECUTION_CANDIDATE_SHADOW,2024-08-05,SOXX,FEZ,0.03718251432832919,0.02318087610122616,0.014001638227103031,2.0,0.002,0.0,0.0,HARD_EXIT_TO_BIL,0.3664472754217545,-3.0,3.0,-3.0,-1.1682596131918317,-1.331058280089536,0.7118736726035582,-0.6617381462601521,-1.189047687788186,3.0,0.0,-2.6670695502626427,-0.40024173015758535,-0.11241199214558995,-0.17495123107928645,-0.23477337955095823,-0.06049966409279228,-0.09637749864868583,-0.13352648865947236,6.0,hybrid,off,0.025427321354582623,0.018821876202995177,0.0,0.0,0.04378251432832919,0.03718251432832919,0.25,0.0,0.025627893813896862,0.01962789381389686,0.0,0.0,0.02318087610122616,0.02318087610122616,0.30000000000000004,0.0,0.024398122964162095,0.022731017515005603,0.0,0.0,0.017366144714702974,0.012266144714702974,0.0,0.0,0.02464434712273492,0.020952843936983462,0.0,0.0,0.022093126193450434,0.018193126193450433,0.0,0.0,0.011201045014093828,0.009101045014093829,0.0,0.0,0.010921387691174761,0.010921387691174761,0.0,0.0,0.019507720588781,0.019507720588781,0.0,0.0,0.019896365080781107,0.019896365080781107,0.0,0.0,0.010312843270198574,0.010312843270198574,0.0,0.0,0.010656105329888704,0.010656105329888704,0.0,0.0,0.013747639422711894,0.013747639422711894,0.0,0.0,0.023305041848447953,0.019785173483194904,0.0,0.0,0.44999999999999996,1.0,0.0,0.0,0.0,0.0
EXPANDED_EXECUTION_CANDIDATE_SHADOW,2024-08-19,SOXX,IWM,0.009022383278723472,0.008862418714862692,0.00015996456386077954,2.0,0.002,0.0,0.0952,V2_TQQQ_TO_QQQM_OVERLAY,0.254792788552478,-0.5611175305581759,-0.061506041002387185,-0.6448005125223136,-0.36278046889638577,-2.1270587066552946,-0.02780656248683612,-0.753011028797569,-1.2057355804695415,0.27271682269189834,0.43658172664535544,-0.17899723293971842,-0.13200075616478593,0.10403746299730665,0.1575112051372578,-0.04499680518957394,0.06598141121703915,0.10431520542250272,-0.002115931795827697,0.0,hybrid,off,0.008644127851540014,0.008798527702194543,0.0,0.0,0.009022383278723472,0.009022383278723472,0.5,0.5,0.008644127851540014,0.008862418714862692,0.5,0.5,0.007002085390522421,0.007002085390522421,0.0,0.0,0.006979884911922367,0.007489470489027323,0.0,0.0,0.005677512141384692,0.005677512141384692,0.0,0.0,0.00668632643672862,0.00668632643672862,0.0,0.0,0.005677512141384692,0.006321382134309722,0.0,0.0,0.005677512141384692,0.005677512141384692,0.0,0.0,0.005677512141384692,0.005677512141384692,0.0,0.0,0.005677512141384692,0.005677512141384692,0.0,0.0,0.005677512141384691,0.005677512141384691,0.0,0.0,0.005677512141384692,0.005677512141384692,0.0,0.0,0.005677512141384692,0.005677512141384692,0.0,0.0,0.005677512141384692,0.005677512141384692,0.0,0.0,0.007002085390522422,0.0074002620664653926,0.0,0.0,0.0,0.0,0.0,0.0,0.0,0.0
EXPANDED_EXECUTION_CANDIDATE_SHADOW,2024-09-03,XLF,XSOE,0.001776523324591983,0.0016811913182783562,9.533200631362676e-05,2.0,0.002,0.0,0.0952,V2_TQQQ_TO_QQQM_OVERLAY,-0.23086060653497073,-0.3636889040900995,-0.047250418407088546,-0.24252402804843762,-0.6357484896734865,-1.499922901709415,-0.1522867702803809,-0.775614634216168,-1.0117188867606706,-0.3466448740462711,0.1163548714498337,0.15180113438573858,0.07218051326860772,-0.061662283925212114,-0.0921074867245466,-0.09280181344344895,-0.0283699800991839,-0.04033936042533626,-0.04290044152657024,5.0,hybrid,off,0.0013666893354014214,0.0014248667711263382,0.0,0.0,-0.005638886643071861,-0.005638886643071861,0.0,0.0,0.0012925585736592083,0.0013507360093841252,0.0,0.0,0.0015997429082634726,0.0015997429082634726,0.0,0.0,0.001599742908263473,0.001599742908263473,0.0,0.0,0.0016485329659971658,0.0016485329659971658,0.0,0.0,0.001599742908263473,0.001599742908263473,0.0,0.0,0.001648532965997166,0.001776523324591983,0.6,0.6,0.001648532965997166,0.001648532965997166,0.0,0.0,0.001648532965997166,0.001648532965997166,0.0,0.0,0.001648532965997166,0.001648532965997166,0.0,0.0,0.001648532965997166,0.001648532965997166,0.0,0.0,0.001599742908263473,0.001599742908263473,0.0,0.0,0.001648532965997166,0.001648532965997166,0.0,0.0,0.0015997429082634726,0.0015997429082634726,0.0,0.0,0.0015997429082634726,0.0016811913182783562,0.4,0.4,0.0,0.0,0.0,0.0,0.0,0.0
EXPANDED_EXECUTION_CANDIDATE_SHADOW,2024-09-17,XLV,XLE,0.007576244279170391,0.006872759608182752,0.0007034846709876386,2.0,0.002,0.0,0.028322,V2_TQQQ_TO_QQQM_OVERLAY,-0.4834231697009045,-1.224327530905568,0.8354919630835442,-1.3363985982750082,0.2626214162842514,-0.6690119083598439,0.5120657102567149,0.11569881738346463,-1.6566593920673904,0.48661923784569117,-0.03605411239263484,-1.522831540464906,-0.5795021390455257,0.04758509641189157,0.03114757300376314,-0.06454479169879723,0.03269208524232892,0.02535779991061804,-0.018630502428260143,1.0,hybrid,off,0.007014881683558129,0.004531029302238863,0.0,0.0,0.0027125997551014826,0.0008745174363176853,0.0,0.0,0.007059358140853827,0.0053883742146867385,0.0,0.0,0.006824301512395201,0.006824301512395201,0.0,0.0,0.006872759608182752,0.006872759608182752,0.4,0.4,0.006824301512395201,0.005403965175153177,0.0,0.0,0.006824301512395201,0.006549373683460937,0.0,0.0,0.006824301512395201,0.0055288383252438825,0.0,0.0,0.006824301512395201,0.007576244279170391,0.6,0.6,0.006824301512395201,0.006824301512395201,0.0,0.0,0.006824301512395201,0.006824301512395201,0.0,0.0,0.006824301512395201,0.006824301512395201,0.0,0.0,0.006824301512395201,0.006824301512395201,0.0,0.0,0.006824301512395201,0.006824301512395201,0.0,0.0,0.006824301512395201,0.006824301512395201,0.0,0.0,0.006824301512395201,0.006011469166344037,0.0,0.0,0.0,0.0,0.0,0.0,0.0,0.0
EXPANDED_EXECUTION_CANDIDATE_SHADOW,2024-10-01,XLB,XLI,0.00960931008681354,0.008686326562613327,0.0009229835242002132,2.0,0.002,0.0,0.08092,V2_TQQQ_TO_QQQM_OVERLAY,-0.09847173236922432,-0.46921224097132674,0.4849926491763427,-0.8837091250605915,1.4937545793158238,0.1060532209677422,0.9053003374625569,1.0126045833963597,-1.5127363861899836,0.6312510389085034,-0.14200945128106002,-1.5886053370666946,-0.7591661425694796,-0.011371356198014326,0.020557505247189578,-0.05202371354191515,-0.008411010390207752,0.017750946244808885,-0.016779243840820857,0.0,hybrid,off,0.00611331663834893,0.003942729467621569,0.0,0.0,0.007837305689719649,0.006770321861531694,0.0,0.0,0.006028642015026772,0.005058656716674086,0.0,0.0,0.00615763605756233,0.00615763605756233,0.0,0.0,0.006269644965618948,0.006269644965618948,0.0,0.0,0.006028642015026772,0.00960931008681354,0.6,0.6,0.006028642015026772,0.008686326562613327,0.4,0.4,0.006028642015026772,0.005485906604936823,0.0,0.0,0.006028642015026772,0.006465135399285481,0.0,0.0,0.006028642015026772,0.006028642015026772,0.0,0.0,0.006028642015026772,0.006028642015026772,0.0,0.0,0.006028642015026772,0.006028642015026772,0.0,0.0,0.006028642015026772,0.006028642015026772,0.0,0.0,0.006028642015026772,0.006028642015026772,0.0,0.0,0.006028642015026772,0.006028642015026772,0.0,0.0,0.006156937608698482,0.008145085572268767,0.0,0.0,0.0,0.0,0.0,0.0,0.0,0.0
EXPANDED_EXECUTION_CANDIDATE_SHADOW,2024-10-15,XLE,SOXX,0.014008115452171704,0.013942095104619402,6.602034755230288e-05,2.0,0.002,0.0,0.1904,V2_TQQQ_TO_QQQM_OVERLAY,0.31084337350731395,0.06259304892091279,0.20727846100264183,-0.12133697301522808,-0.08062086814687085,-0.34110372868157085,0.09730476787417157,-0.09748958631710775,-0.02944541459101524,-0.7476757774537146,-0.704377885158026,0.08684399582000168,0.13501778189305774,-0.023032017565783103,0.014411167123260515,-0.05187670378422249,0.003178089275660323,0.01999400162062015,-0.013333304241137989,0.0,hybrid,off,0.012980048550270094,0.012296922968198266,0.0,0.0,0.014354292584580574,0.013942095104619402,0.4,0.4,0.012980048550270094,0.012565491628264812,0.0,0.0,0.013229625771978927,0.013229625771978927,0.0,0.0,0.013436503144293808,0.014008115452171704,0.6,0.6,0.013021068260016077,0.012668694876311585,0.0,0.0,0.012980048550270094,0.012606947320465339,0.0,0.0,0.012980048550270094,0.012586219474365074,0.0,0.0,0.012980048550270094,0.013166599165172472,0.0,0.0,0.012980048550270094,0.012980048550270094,0.0,0.0,0.012980048550270094,0.012980048550270094,0.0,0.0,0.012980048550270094,0.012980048550270094,0.0,0.0,0.013021068260016077,0.013021068260016077,0.0,0.0,0.013063915601574438,0.013063915601574438,0.0,0.0,0.012980048550270094,0.012980048550270094,0.0,0.0,0.013465716622099047,0.012864653675989376,0.0,0.0,0.0,0.0,0.0,0.0,0.0,0.0
EXPANDED_EXECUTION_CANDIDATE_SHADOW,2024-10-29,XLE,TLT,0.012890567462682953,0.012411390157203007,0.00047917730547994593,0.8,0.0008,0.0,0.1904,V2_TQQQ_TO_QQQM_OVERLAY,-0.44837944768517746,0.2595393376648123,-0.03857666562997611,-0.046647856909867225,-0.6635326071627845,0.09617375052667645,-0.6497235466831436,-0.5123647711173083,0.34116672333890646,-0.19687255477414503,-0.3427228778768423,0.8653300310438058,0.503767352374293,0.031962455175268634,0.03523048618434155,-0.018473859095840095,0.008328972802286616,0.018760525596382083,0.0,0.0,hybrid,off,0.011086000473267315,0.01160507914859694,0.0,0.0,0.0121826983593625,0.012364375895727869,0.0,0.0,0.01123622866014714,0.011417906196512508,0.0,0.0,0.011136752155258833,0.011136752155258833,0.0,0.0,0.013098198932814803,0.012890567462682953,0.6,0.6,0.011136752155258833,0.011136752155258833,0.0,0.0,0.011086000473267315,0.011086000473267315,0.0,0.0,0.011086000473267315,0.011086000473267315,0.0,0.0,0.011286980342138656,0.011286980342138656,0.0,0.0,0.011086000473267316,0.011086000473267316,0.0,0.0,0.011086000473267316,0.011086000473267316,0.0,0.0,0.011086000473267315,0.011086000473267315,0.0,0.0,0.012411390157203007,0.012411390157203007,0.4,0.4,0.011286980342138656,0.011286980342138656,0.0,0.0,0.011086000473267315,0.011086000473267315,0.0,0.0,0.011086000473267315,0.010676600405260627,0.0,0.0,0.0,0.0,0.0,0.0,0.0,0.0
EXPANDED_EXECUTION_CANDIDATE_SHADOW,2024-11-12,FEZ,XLF,0.010596412071988994,0.00964240452464885,0.0009540075473401435,2.0,0.002,0.0,0.0952,V2_TQQQ_TO_QQQM_OVERLAY,-0.6436102424501268,-0.6477014331360152,-0.7902912996925049,-1.7884499253455812,-1.0470734297603046,-0.424978610162047,-0.7850473834516274,-0.9815460324126397,1.8319894626412614,-0.16030345555513625,0.4636160423781614,0.28472829134456956,-0.14527954507026022,0.005588895846372788,-0.052088131733484366,-0.052088131733484366,0.042205463225435835,0.025849019093573178,-0.0023154922211748863,1.0,hybrid,off,0.009056981294901394,0.009288789316090474,0.0,0.0,0.007472073648545799,0.007472073648545799,0.0,0.0,0.009132381876526067,0.00826499622013039,0.0,0.0,0.010596412071988994,0.010596412071988994,0.6,0.6,0.009195764922899002,0.009195764922899002,0.0,0.0,0.008967800978026755,0.008235005192970251,0.0,0.0,0.008933986573565872,0.008384389734773493,0.0,0.0,0.009132381876526067,0.00964240452464885,0.4,0.4,0.009065852910113439,0.009065852910113439,0.0,0.0,0.00890441793165382,0.00890441793165382,0.0,0.0,0.008995555798698247,0.008995555798698247,0.0,0.0,0.008995555798698247,0.008995555798698247,0.0,0.0,0.009216779879958165,0.009216779879958165,0.0,0.0,0.00912923595648637,0.00912923595648637,0.0,0.0,0.008995555798698247,0.008995555798698247,0.0,0.0,0.009056981294901394,0.007183125169396593,0.0,0.0,0.0,0.0,0.0,0.0,0.0,0.0
EXPANDED_EXECUTION_CANDIDATE_SHADOW,2024-11-26,SOXX,FEZ,0.012554678089531889,0.011788397928660729,0.0007662801608711595,1.0,0.001,0.0,0.0952,V2_TQQQ_TO_QQQM_OVERLAY,0.33211971292522663,-1.0449776098053911,-0.45434616859492927,-1.7388788846652137,-1.3660168288215286,-0.6419301336602569,-0.5253294281649223,-1.1055192659116146,2.551794770498545,-0.5046809953950661,0.3775438383701805,-0.06437551823214466,-0.2203637783772585,0.005131941411509633,-0.03433287004816499,-0.084632666723792,0.011679037461509667,-0.007104588117760602,-0.009403629720414197,1.0,hybrid,off,0.009348717698765158,0.009205369905025022,0.0,0.0,0.012554678089531889,0.012554678089531889,0.5,0.5,0.009611402778700998,0.00826909783558696,0.0,0.0,0.011788397928660729,0.011788397928660729,0.5,0.5,0.009348717698765158,0.01001295712461561,0.0,0.0,0.009348717698765158,0.00832799979056574,0.0,0.0,0.009348717698765158,0.008583179267615594,0.0,0.0,0.009611402778700998,0.010026701000908196,0.0,0.0,0.009545125263733207,0.009545125263733207,0.0,0.0,0.009348717698765158,0.009348717698765158,0.0,0.0,0.009348717698765158,0.009348717698765158,0.0,0.0,0.009348717698765158,0.009348717698765158,0.0,0.0,0.009545125263733207,0.009545125263733207,0.0,0.0,0.009504877076720052,0.009504877076720052,0.0,0.0,0.009566183667889222,0.009566183667889222,0.0,0.0,0.009348717698765158,0.006351572833270894,0.0,0.0,0.0,0.0,0.0,0.0,0.0,0.0
EXPANDED_EXECUTION_CANDIDATE_SHADOW,2024-12-11,SOXX,QQQM,-0.008847847971753389,-0.00924055574319782,0.0003927077714444317,2.0,0.002,0.0,0.0,HARD_EXIT_TO_BIL,-0.5764064213929843,0.1077851165111563,-0.7162193574174467,-0.7308227267036091,0.023307733106355207,-0.3118577492096204,-0.5662519153099749,-0.23219050486467402,2.0678033109036913,0.2948921160974,0.39046893560318585,0.38024764364037683,-0.058339156782752616,-0.016971873623344957,0.016198685877907293,-0.01869033154745492,0.012815098671274283,0.04054752775932857,0.0,0.0,hybrid,off,-0.009857784925289907,-0.00924055574319782,0.0,0.0,-0.008923297553311197,-0.008847847971753389,0.0,0.0,-0.009795779194125324,-0.010765777131308137,0.0,0.0,-0.009249559632291553,-0.009249559632291553,0.0,0.0,-0.009814704903306477,-0.009900932996515403,0.0,0.0,-0.00973432883434594,-0.010561450158707417,0.0,0.0,-0.009857784925289907,-0.010478125918561013,0.0,0.0,-0.009857784925289907,-0.00925125382749793,0.0,0.0,-0.00935587384200365,-0.00935587384200365,0.0,0.0,-0.009857784925289907,-0.009857784925289907,0.0,0.0,-0.009857784925289907,-0.009857784925289907,0.0,0.0,-0.009857784925289907,-0.009857784925289907,0.0,0.0,-0.00973432883434594,-0.00973432883434594,0.0,0.0,-0.009770525913051985,-0.009770525913051985,0.0,0.0,-0.009857784925289907,-0.009857784925289907,0.0,0.0,-0.009857784925289907,-0.011763125365994278,0.0,0.0,1.0,1.0,0.0,0.0,0.0,0.0
EXPANDED_EXECUTION_CANDIDATE_SHADOW,2024-12-26,QQQM,SOXX,-0.004681811878535237,-0.0061074495117769256,0.0014256376332416887,0.0,0.0,0.0,0.0,HARD_EXIT_TO_BIL,-0.32548463496154045,1.1249655647882373,-1.019725209425911,0.3294977447314869,0.012137868111894639,-1.1161125466224622,-1.079332634093685,-0.6410157027100241,2.505823134451341,0.11674462358545903,0.11788082879614667,1.723446122235967,0.6261775895712156,0.036829095546324186,0.022574112276190883,-0.01564199290676649,0.02688584599798549,0.001040776297504431,-0.014234059705827251,0.0,hybrid,off,-0.007599601050589985,-0.004681811878535237,0.0,0.0,-0.007488021347645368,-0.0061074495117769256,0.0,0.0,-0.007599601050589985,-0.00825667862151095,0.0,0.0,-0.007599601050589985,-0.007599601050589985,0.0,0.0,-0.007599601050589985,-0.008499573502420575,0.0,0.0,-0.007599601050589985,-0.008601930304370523,0.0,0.0,-0.007599601050589985,-0.008351347990925387,0.0,0.0,-0.007599601050589985,-0.007398065365544962,0.0,0.0,-0.007599601050589985,-0.007599601050589985,0.0,0.0,-0.007599601050589985,-0.007599601050589985,0.0,0.0,-0.007599601050589985,-0.007599601050589985,0.0,0.0,-0.007599601050589985,-0.007599601050589985,0.0,0.0,-0.007599601050589985,-0.007599601050589985,0.0,0.0,-0.007599601050589985,-0.007599601050589985,0.0,0.0,-0.007599601050589985,-0.007599601050589985,0.0,0.0,-0.007599601050589985,-0.01039958148156835,0.0,0.0,1.0,1.0,0.0,0.0,0.0,0.0
EXPANDED_EXECUTION_CANDIDATE_SHADOW,2025-01-13,XLE,SOXX,0.02545921483751419,0.02479958751678669,0.0006596273207274995,2.0,0.002,0.0,0.5057499999999999,V2_TQQQ_TO_QQQM_OVERLAY,1.4387839110419662,0.5738733402895467,0.4838622797475494,0.983257852335777,0.9392536158952054,0.06278193312210824,0.32244570096490943,0.5449900926508928,2.0067167933562673,1.4304505573647988,0.14911858481319173,-0.011505272244545617,0.18664174855229243,-0.022205293410594962,-0.02684200123709879,-0.04971396805995709,-0.024922706338566636,-0.045404519145837985,-0.05899228821522895,3.0,hybrid,off,0.019440482145800686,0.018335208432575748,0.0,0.0,0.02369250905982422,0.02479958751678669,0.4,0.4,0.019601401317479637,0.01790591731258006,0.0,0.0,0.018433239936428043,0.018433239936428043,0.0,0.0,0.018724393954535994,0.02545921483751419,0.6,0.6,0.018533758599074784,0.019549999367663103,0.0,0.0,0.01847538799437137,0.0170024208528189,0.0,0.0,0.018599632748806463,0.018705520195190242,0.0,0.0,0.018284365389254147,0.01871984144102694,0.0,0.0,0.017938296794291094,0.017938296794291094,0.0,0.0,0.018284365389254147,0.018284365389254147,0.0,0.0,0.019427673499763723,0.019427673499763723,0.0,0.0,0.01784891136676664,0.01784891136676664,0.0,0.0,0.017896148736347765,0.017896148736347765,0.0,0.0,0.018525623458689328,0.018525623458689328,0.0,0.0,0.018102977455035925,0.01675851669331801,0.0,0.0,0.0,0.0,0.0,0.0,0.0,0.0
EXPANDED_EXECUTION_CANDIDATE_SHADOW,2025-01-28,XLE,SOXX,0.00767332090379799,0.006393417036043504,0.001279903867754486,0.0,0.0,0.0,0.056644,V2_TQQQ_TO_QQQM_OVERLAY,1.0063728154797644,-0.97262672331049,0.748973510114663,-0.8210188492992112,0.6934952566825016,-0.2671233608949807,0.8147394947010811,0.5321068664159301,0.9065953525218536,0.9095364335831602,0.2679120053378016,-1.6520715267061945,-0.6916535119778514,-0.08152296271511184,-0.01852619138592282,-0.09461006866376864,-0.005969429346472044,0.032045750503666426,-0.02051880914803539,2.0,hybrid,off,0.0031383305828424474,-0.0005051436555030177,0.0,0.0,0.008041158758295763,0.006393417036043504,0.4,0.4,0.0037041982075559504,0.0023402071899955254,0.0,0.0,0.0028712775882297277,0.0028712775882297277,0.0,0.0,0.0026414568263991686,0.00767332090379799,0.6,0.6,0.0030721279003019927,0.0025438225460893676,0.0,0.0,0.0028712775882297277,0.004807774101492671,0.0,0.0,0.0030032273599155993,0.0024224077570243934,0.0,0.0,0.0029797149927860314,0.003653791151889228,0.0,0.0,0.002877745274059835,0.002877745274059835,0.0,0.0,0.0033981872265980025,0.0033981872265980025,0.0,0.0,0.0033981872265980025,0.0033981872265980025,0.0,0.0,0.003312726334889306,0.003312726334889306,0.0,0.0,0.002651194258807408,0.002651194258807408,0.0,0.0,0.0028712775882297277,0.0028712775882297277,0.0,0.0,0.0030721279003019927,0.001998156372411892,0.0,0.0,0.0,0.0,0.0,0.0,0.0,0.0
EXPANDED_EXECUTION_CANDIDATE_SHADOW,2025-02-11,SOXX,XLI,0.015254387262530245,0.011228504052221923,0.004025883210308322,1.2000000000000002,0.0012000000000000001,0.0,0.136,V2_TQQQ_TO_QQQM_OVERLAY,0.2175617715055323,-0.3029256880728327,-0.36464763327778327,-0.5049439569342896,0.5547897998049415,0.5036605050803376,0.5911851666465385,0.6125579490398008,0.7201260345934813,-0.5888545578294536,0.12067406396874442,-0.8906727185045339,-0.6802626844138335,0.0161737734658014,0.029976590853233898,-0.067469565129465,0.0067145388550280405,0.012057101838505835,-0.008709104681032365,1.0,hybrid,off,0.00941069747144586,0.00830757646529024,0.0,0.0,0.015254387262530245,0.015254387262530245,0.5,0.5,0.008519313428419944,0.008579650460404317,0.0,0.0,0.008415226310539781,0.008415226310539781,0.0,0.0,0.009494989858189435,0.009930113401200499,0.0,0.0,0.009140582567893733,0.010300359999597657,0.0,0.0,0.008874612276712924,0.011228504052221923,0.5,0.5,0.008829356191912005,0.008963657663650915,0.0,0.0,0.00893804207508923,0.00893804207508923,0.0,0.0,0.008885810342376768,0.008885810342376768,0.0,0.0,0.00946103182920928,0.00946103182920928,0.0,0.0,0.009167464171510915,0.009167464171510915,0.0,0.0,0.008938042075089228,0.008938042075089228,0.0,0.0,0.008863344736613354,0.008863344736613354,0.0,0.0,0.008988733169173351,0.008988733169173351,0.0,0.0,0.009187675951410524,0.009165123171461056,0.0,0.0,0.0,0.0,0.0,0.0,0.0,0.0
EXPANDED_EXECUTION_CANDIDATE_SHADOW,2025-02-26,XLB,XSOE,0.006906961872756549,0.005304499019690934,0.0016024628530656154,2.0,0.002,0.0,0.595,V2_TQQQ_TO_QQQM_OVERLAY,-0.7214280188312908,0.5906398100254986,-0.17462113051578165,0.7464910534764835,1.3162103592280663,1.094975839700071,0.5533748331827945,1.1151742571247696,-0.5216974951441197,1.1014098187134969,0.5079317565852732,-0.3882154793505686,-0.3027777398166538,-0.05461318648511093,-0.008913100644073357,-0.05682250003927858,-0.046015207338929054,-0.025390875692027137,-0.046015207338929054,3.0,hybrid,off,0.001851741378474188,0.004366959702387172,0.0,0.0,0.0007871199033457081,0.0025442516666212274,0.0,0.0,0.001891895114725242,0.0025593088600357277,0.0,0.0,0.0018517413784741885,0.0018517413784741885,0.0,0.0,0.0015081141573937246,0.0010356023093733256,0.0,0.0,0.0020563116905056964,0.006906961872756549,0.6,0.6,0.0018517413784741885,0.004449331854531396,0.0,0.0,0.0018517413784741885,0.0030715922031095697,0.0,0.0,0.0019315212002842049,0.0019315212002842049,0.0,0.0,0.001851741378474188,0.001851741378474188,0.0,0.0,0.001851741378474188,0.001851741378474188,0.0,0.0,0.0018517413784741885,0.0018517413784741885,0.0,0.0,0.0019315212002842049,0.0019315212002842049,0.0,0.0,0.0018517413784741885,0.0018517413784741885,0.0,0.0,0.0018517413784741885,0.0018517413784741885,0.0,0.0,0.0018517413784741885,0.005304499019690934,0.4,0.4,0.0,0.0,0.0,0.0,0.0,0.0
EXPANDED_EXECUTION_CANDIDATE_SHADOW,2025-03-12,SOXX,QQQM,0.030441519238200515,0.01914652140052393,0.011294997837676585,2.0,0.002,0.0,0.01666,V2_TQQQ_TO_QQQM_OVERLAY,-0.11019869816583416,-0.7565635129107604,1.4047713521307277,-0.3533758841162762,1.3627093014333627,2.116740835867128,1.0491219353028214,1.515969106329966,-1.0481555970828094,3.0,0.6751042187218946,-2.0631581679122446,-0.6759863598950556,-0.05105748332325055,-0.10030280806838798,-0.15142585179226087,-0.04965150698995957,-0.0731546036561439,-0.11580358674003821,6.0,hybrid,off,0.02175901563276124,0.01914652140052393,0.30000000000000004,0.13043478260869568,0.033532016212888115,0.030441519238200515,0.25,0.10869565217391305,0.015842012846441347,0.013370022251540839,0.0,0.0,0.012262844902985152,0.012262844902985152,0.0,0.0,0.013627917905117987,0.013627917905117987,0.0,0.0,0.013641906527057263,0.013979213831301752,0.0,0.0,0.014108153831074843,0.014097458041966304,0.0,0.0,0.01406236428904245,0.013936518359653548,0.0,0.0,0.010259133135301333,0.010259133135301333,0.0,0.0,0.01200406492117279,0.01200406492117279,0.0,0.0,0.012924864270308926,0.012924864270308926,0.0,0.0,0.012402604225622534,0.012402604225622534,0.0,0.0,0.011310425041518114,0.011310425041518114,0.0,0.0,0.010111447567667674,0.010111447567667674,0.0,0.0,0.011279841185259223,0.011279841185259223,0.0,0.0,0.01261090422042467,0.01515426935156192,0.0,0.0,0.44999999999999996,0.7608695652173914,0.0,0.0,0.0,0.0
EXPANDED_EXECUTION_CANDIDATE_SHADOW,2025-03-26,XLB,IEF,-0.0067001032399676376,-0.009453034707682294,0.002752931467714656,0.4782608695652174,0.0004782608695652174,0.0,0.0,HARD_EXIT_TO_BIL,1.2088819166911984,-0.5151753236636578,0.13730950355195723,-0.3186195409675648,2.4912145636207947,2.4543254499533607,1.5856652091380652,2.2419828708078726,-1.16907958141071,1.2886670946420908,0.8628895969489636,-2.602216520730974,-1.5064061110178015,-0.02284468748612445,0.013482750096282414,-0.0881724156672471,0.008842861368320465,0.01711359121987388,-0.05729295041909299,2.0,hybrid,off,-0.035378893240321285,-0.03812087053543414,0.0,0.0,-0.03862214158387937,-0.03892422249169367,0.0,0.0,-0.036471354180977016,-0.03631452838960644,0.0,0.0,-0.03357369216362471,-0.03357369216362471,0.0,0.0,-0.03478406310076466,-0.02873965351730867,0.0,0.0,-0.01606047750027394,-0.0067001032399676376,0.0,0.0,-0.0318934641216697,-0.025611371073645185,0.0,0.0,-0.03168556418114276,-0.030223333425644917,0.0,0.0,-0.01169017207284043,-0.011566593519643668,0.0,0.0,-0.010952528121763774,-0.010952528121763774,0.0,0.0,-0.025478593550405715,-0.025478593550405715,0.0,0.0,-0.029401629929650154,-0.029401629929650154,0.0,0.0,-0.011439306914617933,-0.011439306914617933,0.0,0.0,-0.009453034707682294,-0.009453034707682294,0.0,0.0,-0.00950405556858445,-0.00950405556858445,0.0,0.0,-0.03201868097617278,-0.02726886272845599,0.0,0.0,1.0,1.0,0.0,0.0,0.0,0.0
EXPANDED_EXECUTION_CANDIDATE_SHADOW,2025-04-09,SOXX,XLE,0.03364108307320079,0.03303683677080315,0.0006042463023976374,0.0,0.0,0.0,0.0,HARD_EXIT_TO_BIL,-0.1709727517734402,-0.1792443761236926,0.30515477652009054,-0.29411929408426263,-1.4806893734393096,0.4252504183065544,-0.8842887008806719,-0.8917733279553639,-1.726290272916761,0.06759684711361688,-0.2391716238817208,0.8865841460007127,0.6540123982084638,-0.030926857042129052,-0.07482247743632109,-0.1056016433712309,-0.02285717285673794,-0.03961497025398153,-0.05715553747713842,6.0,hybrid,off,0.03273682890859911,0.03205177523793042,0.0,0.0,0.03431242358154499,0.03364108307320079,0.5,0.0,0.033284601012732715,0.032674291459692535,0.0,0.0,0.03287251952900735,0.03287251952900735,0.0,0.0,0.03303683677080315,0.03303683677080315,0.5,0.0,0.03287251952900735,0.03235375640892319,0.0,0.0,0.03303683677080316,0.03248755817306699,0.0,0.0,0.03287251952900735,0.03233414356154402,0.0,0.0,0.02665506700842001,0.026929706307288092,0.0,0.0,0.026136900186711037,0.026136900186711037,0.0,0.0,0.030861289287899937,0.030861289287899937,0.0,0.0,0.03278546942875696,0.03278546942875696,0.0,0.0,0.015855065805303326,0.015855065805303326,0.0,0.0,0.01070534373026631,0.01070534373026631,0.0,0.0,0.017971197377728294,0.017971197377728294,0.0,0.0,0.03278546942875696,0.03223599703811903,0.0,0.0,0.0,1.0,0.0,0.0,0.0,0.0
EXPANDED_EXECUTION_CANDIDATE_SHADOW,2025-04-24,SOXX,XLB,0.08749870565721533,0.04026824883443527,0.04723045682278006,2.0,0.002,0.0,0.0476,V2_TQQQ_TO_QQQM_OVERLAY,-0.5615171129447302,-0.3713174413058347,0.7702028800254366,-0.6164340847013877,-0.2588744415462833,1.4815912557799478,0.13501445435439216,0.31326338069270393,-2.1813368662479315,1.4091485654386615,-0.002528198350964961,-0.4505523511084334,0.03774974134511466,0.09343457868654492,-0.003213114446849352,-0.07779517869997077,0.05183153188208478,0.004490403333597515,-0.03530245411487298,1.0,hybrid,off,0.039681752990466945,0.03881967007421296,0.0,0.0,0.0891931519932713,0.08749870565721533,0.5,0.5,0.040401280021375705,0.03886087426132483,0.0,0.0,0.03761665254563977,0.03761665254563977,0.0,0.0,0.03937771980213931,0.03937771980213931,0.0,0.0,0.040250070244040766,0.04026824883443527,0.5,0.5,0.03973324451610924,0.038346879332063454,0.0,0.0,0.03998537560577987,0.03936801927200291,0.0,0.0,0.03149965789848172,0.03219284049050461,0.0,0.0,0.012816096269753921,0.012816096269753921,0.0,0.0,0.02416436809510047,0.02416436809510047,0.0,0.0,0.03800410234183057,0.03800410234183057,0.0,0.0,0.012737769943774643,0.012737769943774643,0.0,0.0,0.010554291784388475,0.010554291784388475,0.0,0.0,0.019657452073956073,0.019657452073956073,0.0,0.0,0.03801797692563983,0.03774580487448376,0.0,0.0,0.0,0.0,0.0,0.0,0.0,0.0
EXPANDED_EXECUTION_CANDIDATE_SHADOW,2025-05-08,SOXX,QQQM,0.05916289136278291,0.04095779366106117,0.01820509770172174,1.0,0.001,0.0,1.0,V2_TQQQ_TO_QQQM_OVERLAY,0.7574323296315526,1.897596637565615,-1.8486087234306674,2.1352705078404677,-0.4259207873982039,0.5226627342781218,0.04757016095051201,-0.0839071265145743,-1.5581639378289402,-2.8562813387548363,-0.4094933295921319,2.038090811732498,0.48341099766723183,0.04439252864362775,0.04758788581647222,0.0,0.014534413046465744,0.04496306950561646,-0.001043632779242576,0.0,hybrid,off,0.03208591119956175,0.04095779366106117,0.30000000000000004,0.30000000000000004,0.05399108680237414,0.05916289136278291,0.7,0.595,0.03186442054690015,0.03319273819319608,0.0,0.0,0.0319308941728633,0.0319308941728633,0.0,0.0,0.03198639449213652,0.0342554788302418,0.0,0.0,0.03186442054690015,0.03213606462420974,0.0,0.0,0.03186442054690015,0.03186442054690015,0.0,0.0,0.030999596797075816,0.03100038679703767,0.0,0.0,0.020167638710428388,0.019408600055402143,0.0,0.0,0.012655536811513572,0.012655536811513572,0.0,0.0,0.012901744991106275,0.012901744991106275,0.0,0.0,0.024483230874844497,0.024483230874844497,0.0,0.0,0.01258392363761644,0.01258392363761644,0.0,0.0,0.009891337378118177,0.009891337378118177,0.0,0.0,0.020648620859740834,0.020648620859740834,0.0,0.0,0.029314605525259,0.028860146127480068,0.0,0.0,0.0,0.0,0.0,0.0,0.0,0.105
EXPANDED_EXECUTION_CANDIDATE_SHADOW,2025-05-22,QQQM,SOXX,0.013309859281914875,0.008036920532480535,0.0052729387494343406,0.8999999999999999,0.0009,0.609097958314478,0.85,V2_TQQQ_TO_QQQM_OVERLAY,0.4570739400249845,1.8456299045875655,-1.4802553320014862,1.8439570346660032,-1.5790330250592637,0.28651376158015385,-0.6303171306983415,-0.963123072279678,-1.3608119524365696,-1.8564913435587396,-0.3716417270324476,2.8770438831476515,1.1341241970879965,-0.035893288483970553,0.07306776639545243,-0.0420875693020335,-0.010055173736396417,0.05292754327808358,-0.015213524015293411,1.0,hybrid,off,0.0038047139119709115,0.013309859281914875,0.7,0.3375867148028856,0.004333156294540829,0.008036920532480535,0.25,0.25,0.0037619307443048206,0.005053871677516117,0.0,0.0,0.0036772328802496946,0.0036772328802496946,0.0,0.0,0.003889411776026038,0.0033270557324059542,0.0,0.0,0.0036772328802496946,0.003195671344109856,0.0,0.0,0.0036772328802496946,0.0033620743149005237,0.0,0.0,0.0036772328802496946,0.0036788378807456053,0.0,0.0,0.0037509895166298064,0.00301273755479478,0.0,0.0,0.0035854062254171686,0.0035854062254171686,0.0,0.0,0.0035854062254171686,0.0035854062254171686,0.0,0.0,0.0036772328802496946,0.0036772328802496946,0.0,0.0,0.0035854062254171686,0.0035854062254171686,0.0,0.0,0.0035854062254171686,0.0035854062254171686,0.0,0.0,0.0037887979389139527,0.0037887979389139527,0.0,0.0,0.0036772328802496946,0.003402988516234704,0.0,0.0,0.050000000000000044,0.050000000000000044,0.36241328519711435,0.0,0.0,0.0
EXPANDED_EXECUTION_CANDIDATE_SHADOW,2025-06-06,XLE,SOXX,0.012994431524972018,0.009524428970257716,0.003470002554714302,1.5,0.0015,0.0,0.85,V2_TQQQ_TO_QQQM_OVERLAY,1.6547024261558758,1.31720792609869,-1.1361083553709013,1.4589509270401615,-0.13722447882781452,-0.07121046771883487,-0.00016161323761148053,-0.09920195392387945,-0.847060338330511,-1.3186207755616648,-0.11093449498854036,1.3931525182535562,0.38144816880377325,0.06050553318147167,0.05633036754747178,0.0,0.02063152530923107,0.030660858386493572,0.0,0.0,hybrid,off,0.005520468964690408,0.008685522959971737,0.0,0.0,0.0059762717533163425,0.009524428970257716,0.4,0.4,0.00544730725713698,0.006369352805406063,0.0,0.0,0.005193090486755797,0.005193090486755797,0.0,0.0,0.00577468573507159,0.012994431524972018,0.6,0.6,0.005193090486755797,0.0051434895097938575,0.0,0.0,0.005193090486755797,0.005193009680136991,0.0,0.0,0.005193090486755797,0.005194480488529631,0.0,0.0,0.00544730725713698,0.004920424086697505,0.0,0.0,0.005193090486755797,0.005193090486755797,0.0,0.0,0.005193090486755797,0.005193090486755797,0.0,0.0,0.005193090486755797,0.005193090486755797,0.0,0.0,0.005193090486755797,0.005193090486755797,0.0,0.0,0.005193090486755797,0.005193090486755797,0.0,0.0,0.005519081520775996,0.005519081520775996,0.0,0.0,0.005193090486755797,0.004200269031062272,0.0,0.0,0.0,0.0,0.0,0.0,0.0,0.0
EXPANDED_EXECUTION_CANDIDATE_SHADOW,2025-06-23,XLE,SOXX,0.015044377296574213,0.014699466441226224,0.000344910855347989,0.0,0.0,0.0,0.595,V2_TQQQ_TO_QQQM_OVERLAY,1.1631451493047356,0.6860093067938584,-0.2616460666171391,1.2387822049415393,0.2507706041797061,-0.7871074990598814,-0.035648235589391813,-0.065224207504824,-0.9984095912333899,-0.26419527196937487,0.06293022630936287,0.6460834806229221,0.2829916617268976,0.02736337866269456,0.04447512824069033,-0.004089031230678719,0.010045706580924962,0.004397403641668296,-0.003957797087851045,0.0,hybrid,off,0.00944659356453689,0.00980795143099344,0.0,0.0,0.011989451957575753,0.014699466441226224,0.4,0.4,0.009486371815660095,0.009998043443570477,0.0,0.0,0.00944659356453689,0.00944659356453689,0.0,0.0,0.00977745899548562,0.015044377296574213,0.6,0.6,0.00944659356453689,0.00944659356453689,0.0,0.0,0.00944659356453689,0.00944659356453689,0.0,0.0,0.00944659356453689,0.009516626814373643,0.0,0.0,0.00977809670333711,0.00977809670333711,0.0,0.0,0.0094106398830458,0.0094106398830458,0.0,0.0,0.0094106398830458,0.0094106398830458,0.0,0.0,0.0094106398830458,0.0094106398830458,0.0,0.0,0.009450418134169004,0.009450418134169004,0.0,0.0,0.0094106398830458,0.0094106398830458,0.0,0.0,0.00952720578565058,0.00952720578565058,0.0,0.0,0.0094106398830458,0.009158036918567043,0.0,0.0,0.0,0.0,0.0,0.0,0.0,0.0
EXPANDED_EXECUTION_CANDIDATE_SHADOW,2025-07-08,XLB,SOXX,0.009849922061159998,0.009086923493856282,0.0007629985673037153,1.2,0.0012,0.0,0.595,V2_TQQQ_TO_QQQM_OVERLAY,0.24460113589115307,0.8012613723095456,-0.33434913584268355,1.4306964303711889,1.4221798258995149,0.5265740770238578,0.4761417915609155,1.0184046213243245,-0.8889562692422179,-0.8647088117594007,-0.18391842716096804,-0.14848381997014282,-0.22282994631915914,0.019438647441346157,0.07430142821166585,0.0,0.0011009097986645067,0.039076812529341254,-0.006858155151306944,0.0,hybrid,off,0.0052638514932925986,0.00891088739061444,0.0,0.0,0.00595078695857146,0.009086923493856282,0.4,0.4,0.0052638514932925986,0.005824734453909281,0.0,0.0,0.0052638514932925986,0.0052638514932925986,0.0,0.0,0.005516794626349845,0.005364987800284514,0.0,0.0,0.0052638514932925986,0.009849922061159998,0.6,0.6,0.0052638514932925986,0.00629856872955779,0.0,0.0,0.0052638514932925986,0.005264676493101863,0.0,0.0,0.0052638514932925986,0.0052638514932925986,0.0,0.0,0.005263851493292598,0.005263851493292598,0.0,0.0,0.0052638514932925986,0.0052638514932925986,0.0,0.0,0.0052638514932925986,0.0052638514932925986,0.0,0.0,0.0052638514932925986,0.0052638514932925986,0.0,0.0,0.0052638514932925986,0.0052638514932925986,0.0,0.0,0.0052638514932925986,0.0052638514932925986,0.0,0.0,0.0052638514932925986,0.007392578533197131,0.0,0.0,0.0,0.0,0.0,0.0,0.0,0.0
EXPANDED_EXECUTION_CANDIDATE_SHADOW,2025-07-22,XLB,XLI,0.009804807585371656,0.008268110522472748,0.0015366970628989084,0.8,0.0008,0.0,0.476,V2_TQQQ_TO_QQQM_OVERLAY,-0.8815928359983096,0.45025555669456974,-0.5905146705001411,0.516736150245211,1.608675914772121,-0.06706156786744503,0.7556788892677893,1.0332822315549088,0.11102281196688571,-1.0939601141120412,-0.14835286812784376,-0.6584836100250109,-0.631296034215063,-0.011045238915620592,0.0008218120056999734,-0.013808538435723827,0.008203556281899393,0.016274440868794038,-0.00503826178515554,0.0,hybrid,off,0.005140860631650542,0.005659063362603556,0.0,0.0,0.005423734090082471,0.00666903805021005,0.0,0.0,0.005140860631650542,0.005456039521336741,0.0,0.0,0.005140860631650542,0.005140860631650542,0.0,0.0,0.0053032176338093625,0.004943013188453707,0.0,0.0,0.005140860631650542,0.009804807585371656,0.6,0.6,0.005140860631650542,0.008268110522472748,0.4,0.4,0.005140860631650542,0.005141390631383513,0.0,0.0,0.005140860631650542,0.005140860631650542,0.0,0.0,0.005140860631650542,0.005140860631650542,0.0,0.0,0.005140860631650542,0.005140860631650542,0.0,0.0,0.005140860631650542,0.005140860631650542,0.0,0.0,0.005140860631650542,0.005140860631650542,0.0,0.0,0.005140860631650542,0.005140860631650542,0.0,0.0,0.005140860631650542,0.005140860631650542,0.0,0.0,0.005140860631650542,0.007581514720925673,0.0,0.0,0.0,0.0,0.0,0.0,0.0,0.0
EXPANDED_EXECUTION_CANDIDATE_SHADOW,2025-08-05,XLV,XLE,0.0006558042808015023,0.00040705233345198454,0.0002487519473495178,2.0,0.002,0.0,0.0952,V2_TQQQ_TO_QQQM_OVERLAY,0.07055862041324609,-0.008167955840059922,-0.10476197146289426,-0.06923546216141138,-1.8963676200062747,-1.301570290572471,-0.9633705982918943,-1.569167928270524,0.07428961455817652,0.007276975462620739,0.08195068395355887,1.4471308144586688,0.8263737000900435,-0.030301873610235064,-0.019750347858134898,-0.037184952285362005,-0.012588814807508841,-0.001947666808794657,-0.014066362345276695,1.0,hybrid,off,0.0002659350926254923,0.0002414456970128602,0.0,0.0,0.0003614172033651837,0.0003614172033651837,0.0,0.0,0.0002659350926254926,0.000306910434602272,0.0,0.0,0.0002659350926254923,0.0002659350926254923,0.0,0.0,0.0002659350926254923,0.00040705233345198454,0.4,0.4,0.0002659350926254923,0.0002659350926254923,0.0,0.0,0.0002659350926254923,0.0002659350926254923,0.0,0.0,0.0002659350926254923,0.000360677030271053,0.0,0.0,0.0006558042808015023,0.0006558042808015023,0.6,0.6,0.0002659350926254923,0.0002659350926254923,0.0,0.0,0.0002659350926254923,0.0002659350926254923,0.0,0.0,0.0002659350926254923,0.0002659350926254923,0.0,0.0,0.0002659350926254923,0.0002659350926254923,0.0,0.0,0.0002659350926254923,0.0002659350926254923,0.0,0.0,0.0002659350926254923,0.0002659350926254923,0.0,0.0,0.0002659350926254923,0.0001983671395915827,0.0,0.0,0.0,0.0,0.0,0.0,0.0,0.0
EXPANDED_EXECUTION_CANDIDATE_SHADOW,2025-08-19,XLV,FEZ,0.0031440471890580245,0.0029493888521600897,0.0001946583368979348,0.8,0.0008,0.0,0.0952,V2_TQQQ_TO_QQQM_OVERLAY,-1.0258172548408446,-0.5556057165391723,0.21628704099770552,-0.36862405835301976,-2.683255735308692,-0.9193437285076138,-1.28919964483573,-1.892056193572795,-0.1648953993086902,-0.11203649747494009,0.09898839762748687,1.362810547496419,0.9042011448969336,-0.02002722213333108,0.026892311379223433,-0.03537425380600179,-0.018510706868197557,0.01630530200131841,-0.019044772681887534,0.0,hybrid,off,0.0029493888521600897,0.0024797941525793402,0.0,0.0,0.0029493888521600897,0.0024735573619651375,0.0,0.0,0.0029493888521600897,0.002566308968978422,0.0,0.0,0.0029493888521600897,0.0029493888521600897,0.4,0.4,0.0029493888521600897,0.0029493888521600897,0.0,0.0,0.0029493888521600897,0.0025817008824639905,0.0,0.0,0.0029493888521600897,0.0025600721783642197,0.0,0.0,0.0029493888521600897,0.0026482907112159947,0.0,0.0,0.0029493888521600897,0.0031440471890580245,0.6,0.6,0.0029493888521600897,0.0029493888521600897,0.0,0.0,0.0029493888521600897,0.0029493888521600897,0.0,0.0,0.0029493888521600897,0.0029493888521600897,0.0,0.0,0.0029493888521600897,0.0029493888521600897,0.0,0.0,0.0029493888521600897,0.0029493888521600897,0.0,0.0,0.0029493888521600897,0.0029493888521600897,0.0,0.0,0.0029493888521600897,0.0025861066485039193,0.0,0.0,0.0,0.0,0.0,0.0,0.0,0.0
EXPANDED_EXECUTION_CANDIDATE_SHADOW,2025-09-03,XLV,XLP,0.004671468188490293,0.00444739171241564,0.00022407647607465293,0.8,0.0008,0.0,0.0952,V2_TQQQ_TO_QQQM_OVERLAY,-0.7414814776896672,-0.5160104082380649,0.24897386230517002,-0.21978412546661907,0.1777667437408699,-1.0275039269299497,0.036860275578630655,-0.02024475315157681,0.0454531512723079,-0.06256464190882051,0.12586216224517507,-0.5751558642097947,-0.24550397360380882,-0.036555780849018116,-0.014154619871221796,-0.0490281645613716,-0.00479309662949412,0.0011520036979286719,-0.017914708632514653,1.0,hybrid,off,0.004408318465480711,0.00387371227707089,0.0,0.0,0.004408318465480711,0.003860575968409337,0.0,0.0,0.004408318465480711,0.003973301821992958,0.0,0.0,0.00440831846548071,0.00440831846548071,0.0,0.0,0.004408318465480711,0.004408318465480711,0.0,0.0,0.004408318465480711,0.003985062899561922,0.0,0.0,0.004408318465480711,0.003960165513331405,0.0,0.0,0.004408318465480711,0.004074681504769494,0.0,0.0,0.00444739171241564,0.004671468188490293,0.6,0.6,0.00444739171241564,0.00444739171241564,0.4,0.4,0.004408318465480711,0.004408318465480711,0.0,0.0,0.00444739171241564,0.00444739171241564,0.0,0.0,0.00444739171241564,0.00444739171241564,0.0,0.0,0.004408318465480711,0.004408318465480711,0.0,0.0,0.004408318465480711,0.004408318465480711,0.0,0.0,0.004408318465480711,0.0042283572629006165,0.0,0.0,0.0,0.0,0.0,0.0,0.0,0.0
EXPANDED_EXECUTION_CANDIDATE_SHADOW,2025-09-17,XLV,FEZ,0.005458634725897861,0.005047695252196944,0.00041093947370091696,0.8,0.0008,0.0,0.1904,V2_TQQQ_TO_QQQM_OVERLAY,-0.03862578841231684,-0.050116598619428604,0.2345529353846032,0.28371066722434674,0.044741227316719465,-1.1696604579488186,-0.1898681341691887,-0.2517975036071689,-0.1607666550905451,-0.1025019017913699,-0.09383195404868619,0.09104400640728072,0.1484475779982097,0.022188355847664543,0.0719697733751623,-0.00019333779721986133,0.016021059053298536,0.035204410237760664,-0.002914649092567001,0.0,hybrid,off,0.005047695252196944,0.004938705274832852,0.0,0.0,0.005047695252196944,0.0050423579953546415,0.0,0.0,0.005047695252196944,0.004578589381427738,0.0,0.0,0.005047695252196944,0.005047695252196944,0.4,0.4,0.005047695252196944,0.005047695252196944,0.0,0.0,0.005047695252196944,0.004648955262043119,0.0,0.0,0.005047695252196944,0.004625499968504658,0.0,0.0,0.0050476952521969435,0.004603084675881724,0.0,0.0,0.005247537084051719,0.005458634725897861,0.6,0.6,0.005047695252196944,0.005047695252196944,0.0,0.0,0.005047695252196944,0.005047695252196944,0.0,0.0,0.005047695252196944,0.005047695252196944,0.0,0.0,0.005047695252196944,0.005047695252196944,0.0,0.0,0.0050476952521969435,0.0050476952521969435,0.0,0.0,0.005047695252196944,0.005047695252196944,0.0,0.0,0.005047695252196944,0.004650175345134489,0.0,0.0,0.0,0.0,0.0,0.0,0.0,0.0
EXPANDED_EXECUTION_CANDIDATE_SHADOW,2025-10-01,QQQM,SOXX,0.014331240848219236,0.010508199688048201,0.0038230411601710354,2.0,0.002,0.5607680386723679,0.85,V2_TQQQ_TO_QQQM_OVERLAY,-0.43214988067240157,1.2433054166734268,-0.6087159382689947,1.5539560621278528,0.14621465198852754,-1.0345856020832325,-0.5933908282254856,-0.4364750294498866,0.45205526413675445,-0.739554040020481,-0.22738846735074614,1.5598940712632485,0.6924500674503512,0.026904382646778968,0.06888949507656594,0.0,0.011980965129765098,0.023649585908579684,0.0,0.0,hybrid,off,0.006840764984546667,0.014331240848219236,0.6,0.31400830027709237,0.006840764984546667,0.010508199688048201,0.4,0.4,0.006840764984546667,0.007711078776218066,0.0,0.0,0.006840764984546667,0.006840764984546667,0.0,0.0,0.007084633360766007,0.006089989027427266,0.0,0.0,0.006840764984546667,0.006622527469821724,0.0,0.0,0.006840764984546667,0.0065440695704339245,0.0,0.0,0.006840764984546667,0.006842069984136587,0.0,0.0,0.006840764984546667,0.006840764984546667,0.0,0.0,0.007084633360766007,0.007084633360766007,0.0,0.0,0.006840764984546667,0.006840764984546667,0.0,0.0,0.006840764984546667,0.006840764984546667,0.0,0.0,0.006840764984546667,0.006840764984546667,0.0,0.0,0.006840764984546667,0.006840764984546667,0.0,0.0,0.006840764984546667,0.006840764984546667,0.0,0.0,0.006840764984546667,0.006532242110764207,0.0,0.0,0.0,0.0,0.2859916997229076,0.0,0.0,0.0
EXPANDED_EXECUTION_CANDIDATE_SHADOW,2025-10-15,QQQM,SOXX,0.010881488193795329,0.010406614424876937,0.0004748737689183914,0.5719833994458152,0.0005719833994458153,0.0,0.5057499999999999,V2_TQQQ_TO_QQQM_OVERLAY,-0.6241670449162434,0.8954473935522985,0.30950587864042595,1.56400631593738,0.6887946138593971,-1.0843871337724627,0.13414862520673826,0.09631845356255875,0.22013698117773364,-0.03162868849805009,-0.4387644584730595,0.6081455318252256,0.48868967055130574,-0.01337732904262523,0.04089170022511057,-0.01337732904262523,-0.015215902169777196,-0.0018120801519336815,-0.015215902169777196,0.0,hybrid,off,0.0073309974099279454,0.010881488193795329,0.6,0.6,0.00764550281371198,0.010406614424876937,0.4,0.4,0.007330997409927944,0.007338798828133701,0.0,0.0,0.007330997409927944,0.007330997409927944,0.0,0.0,0.007330997409927944,0.006614639495086105,0.0,0.0,0.007330997409927944,0.0068048374162392195,0.0,0.0,0.007330997409927944,0.006773886828375177,0.0,0.0,0.0073309974099279454,0.006743876240329938,0.0,0.0,0.007330997409927944,0.007609552700704327,0.0,0.0,0.007330997409927944,0.007330997409927944,0.0,0.0,0.007330997409927944,0.007330997409927944,0.0,0.0,0.007330997409927944,0.007330997409927944,0.0,0.0,0.007330997409927944,0.007330997409927944,0.0,0.0,0.007330997409927944,0.007330997409927944,0.0,0.0,0.007330997409927944,0.007330997409927944,0.0,0.0,0.007330997409927944,0.007549892657408847,0.0,0.0,0.0,0.0,0.0,0.0,0.0,0.0
EXPANDED_EXECUTION_CANDIDATE_SHADOW,2025-10-29,QQQM,SOXX,0.012743277179262444,0.009991688672661727,0.0027515885066007172,0.3748878064570971,0.0003748878064570971,0.525052950220024,0.595,V2_TQQQ_TO_QQQM_OVERLAY,-0.25563275266034435,1.4424751495526342,-0.6259754329623137,1.5960080344233192,0.5931663703923158,0.970016832438515,-0.3116348047922329,0.42325483827675986,0.017025079955564362,-0.6236295219049115,-0.3303104603311168,1.225458226715355,0.4848847628442875,0.08964223351110889,0.07634562229333741,0.0,0.05026885301669415,0.05611586630316845,0.0,0.0,hybrid,off,0.004570079159501505,0.012743277179262444,0.6,0.41255609677145144,0.0061091416060129085,0.009991688672661727,0.4,0.4,0.004570079159501505,0.005579811764188349,0.0,0.0,0.004570079159501505,0.004570079159501505,0.0,0.0,0.004570079159501505,0.0034160990398593976,0.0,0.0,0.004570079159501505,0.005744646032552078,0.0,0.0,0.004570079159501505,0.004414261757105389,0.0,0.0,0.004570079159501505,0.004571719159844828,0.0,0.0,0.004570079159501505,0.003993089099680451,0.0,0.0,0.004827150674037644,0.004827150674037644,0.0,0.0,0.004570079159501505,0.004570079159501505,0.0,0.0,0.004570079159501505,0.004570079159501505,0.0,0.0,0.004570079159501505,0.004570079159501505,0.0,0.0,0.004570079159501505,0.004570079159501505,0.0,0.0,0.004680020081920592,0.004680020081920592,0.0,0.0,0.004570079159501505,0.005498715256182534,0.0,0.0,0.0,0.0,0.18744390322854856,0.0,0.0,0.0
EXPANDED_EXECUTION_CANDIDATE_SHADOW,2025-11-12,QQQM,SOXX,0.0051618380912588375,0.004961396322919779,0.00020044176833905816,0.3748878064570971,0.0003748878064570971,0.0,0.3808,V2_TQQQ_TO_QQQM_OVERLAY,-0.7424143928515354,0.24951219289528304,-0.3627443463685406,0.4646720523989308,-0.1254537885426819,0.6490838334202712,-0.39926471128244084,-0.017125269373241506,0.4715717118622685,-0.5354976643445244,0.07781934750046071,0.43288482268757644,0.11463315506512964,-0.01898708757052836,-0.032073737072576436,-0.032073737072576436,-0.0033906854797307595,-0.023224759721571342,-0.023224759721571342,0.0,hybrid,off,0.0038804287478797516,0.0051618380912588375,0.6,0.6,0.003950328093575007,0.004961396322919779,0.4,0.4,0.0038804287478797516,0.00409399695665668,0.0,0.0,0.0038804287478797516,0.0038804287478797516,0.0,0.0,0.0038804287478797516,0.003680818993563525,0.0,0.0,0.0038804287478797516,0.004269879047931914,0.0,0.0,0.0038804287478797516,0.0038804287478797516,0.0,0.0,0.0038804287478797516,0.003967465029834619,0.0,0.0,0.0038804287478797516,0.0038804287478797516,0.0,0.0,0.003920223858601725,0.003920223858601725,0.0,0.0,0.0038804287478797516,0.0038804287478797516,0.0,0.0,0.0038804287478797508,0.0038804287478797508,0.0,0.0,0.0038804287478797516,0.0038804287478797516,0.0,0.0,0.0038804287478797516,0.0038804287478797516,0.0,0.0,0.003950328093575007,0.003950328093575007,0.0,0.0,0.0038804287478797516,0.003369016236895352,0.0,0.0,0.0,0.0,0.0,0.0,0.0,0.0
EXPANDED_EXECUTION_CANDIDATE_SHADOW,2025-11-26,SOXX,GLD,0.010045010808749488,0.009120867648237847,0.000924143160511641,1.2,0.0012,0.0,0.056644,V2_TQQQ_TO_QQQM_OVERLAY,-1.107663560658572,-1.0811160741765005,0.7021376065840044,-0.7652520577991687,-0.014070825282970628,0.7124567361960455,0.247117940960902,0.28700962353611176,0.6435222354317427,0.5798059919905886,0.28625543468820597,-1.263839474165564,-0.4774486418657366,0.034729061604252154,-0.027630314546932877,-0.0588178441754984,0.024174952157701046,-0.010910780505479556,-0.0338821399714363,0.0,hybrid,off,0.009111511887235952,0.007975373543171856,0.0,0.0,0.011589713543234298,0.010045010808749488,0.5,0.5,0.009135096935740064,0.007873949439916157,0.0,0.0,0.008966787205018948,0.008966787205018948,0.0,0.0,0.008823080799710045,0.008823080799710045,0.0,0.0,0.008854018131545153,0.00848967171502053,0.0,0.0,0.008966787205018948,0.00770293951316774,0.0,0.0,0.008823080799710045,0.00815300891997961,0.0,0.0,0.008315104602291927,0.00894702844821753,0.0,0.0,0.009049475571392315,0.009049475571392315,0.0,0.0,0.008823080799710045,0.008823080799710045,0.0,0.0,0.008966787205018948,0.008966787205018948,0.0,0.0,0.008966787205018948,0.008966787205018948,0.0,0.0,0.008823080799710045,0.008823080799710045,0.0,0.0,0.009120867648237847,0.009120867648237847,0.5,0.5,0.009107860794146383,0.007653563095533557,0.0,0.0,0.0,0.0,0.0,0.0,0.0,0.0
EXPANDED_EXECUTION_CANDIDATE_SHADOW,2025-12-11,XLI,XLB,0.009145958683137986,0.007742842192654281,0.0014031164904837051,2.0,0.002,0.0,0.476,V2_TQQQ_TO_QQQM_OVERLAY,-0.8066010829746096,0.10720797873994087,-0.1420582617329295,0.6602763158990772,0.6002918962907431,0.9261650074866126,0.721761792189043,0.7558005667494102,0.46011109051739624,0.06593365507295976,0.39795526847900714,-0.5900264157757407,-0.4108391541586162,0.02690334702019137,0.07937793590150921,-0.0057218973536551365,0.004250149325293329,0.01830616012846975,-0.003250926575130264,0.0,hybrid,off,0.006129022394713139,0.0064901927829196515,0.0,0.0,0.0063699482682638316,0.007633491222000129,0.0,0.0,0.0061687797204773125,0.006442802939834774,0.0,0.0,0.006129022394713139,0.006129022394713139,0.0,0.0,0.006129022394713139,0.006043256011721187,0.0,0.0,0.006129022394713139,0.007742842192654281,0.4,0.4,0.006129022394713139,0.009145958683137986,0.6,0.6,0.006129022394713139,0.006609198381662848,0.0,0.0,0.006129022394713139,0.006129022394713139,0.0,0.0,0.006370564120356335,0.006370564120356335,0.0,0.0,0.0061958481996904945,0.0061958481996904945,0.0,0.0,0.006170915478109637,0.006170915478109637,0.0,0.0,0.006129022394713139,0.006129022394713139,0.0,0.0,0.006129022394713139,0.006129022394713139,0.0,0.0,0.006409645229094755,0.006409645229094755,0.0,0.0,0.006129022394713139,0.0068752650976584215,0.0,0.0,0.0,0.0,0.0,0.0,0.0,0.0
EXPANDED_EXECUTION_CANDIDATE_SHADOW,2025-12-26,XLB,XLI,0.010853542872563328,0.010061901768317137,0.0007916411042461907,0.3999999999999999,0.0003999999999999999,0.0,0.476,V2_TQQQ_TO_QQQM_OVERLAY,0.4385709933238378,0.19645116731697732,-0.45980931281517495,0.6077210417970434,1.2339868570328167,1.1755085091878015,0.9899893909434456,1.220910446350692,0.30614965165841157,-0.3775710897091223,0.37843312154215825,-0.9475598328458157,-0.7524596248335594,0.04793853754146826,-0.025535963697680186,-0.031111746888230485,0.0257096063300708,-0.001332040028998227,-0.00457863623979915,0.0,hybrid,off,0.005970989428094047,0.005502907971540998,0.0,0.0,0.007234378074452391,0.008465791766808953,0.0,0.0,0.005970989428094047,0.00629772180598701,0.0,0.0,0.005970989428094047,0.005970989428094047,0.0,0.0,0.005970989428094047,0.00669097048088814,0.0,0.0,0.005970989428094047,0.010853542872563328,0.6,0.6,0.005970989428094047,0.010061901768317137,0.4,0.4,0.005970989428094047,0.0063902308626582645,0.0,0.0,0.005970989428094047,0.005970989428094047,0.0,0.0,0.005970989428094047,0.005970989428094047,0.0,0.0,0.005970989428094047,0.005970989428094047,0.0,0.0,0.005970989428094047,0.005970989428094047,0.0,0.0,0.005970989428094047,0.005970989428094047,0.0,0.0,0.005970989428094047,0.005970989428094047,0.0,0.0,0.006074880627102926,0.006074880627102926,0.0,0.0,0.005970989428094047,0.007579749406441669,0.0,0.0,0.0,0.0,0.0,0.0,0.0,0.0
EXPANDED_EXECUTION_CANDIDATE_SHADOW,2026-01-12,XLE,XLI,0.016008222030900757,0.012306756881542546,0.003701465149358211,1.2,0.0012,0.0,0.23120000000000002,V2_TQQQ_TO_QQQM_OVERLAY,1.7566098154524885,-0.38151462047536877,0.36073696448050785,0.20914094761146626,1.1062207104005042,1.0379833390331281,1.535330855944574,1.3627425952687628,0.4127344334066185,0.04651750219990461,0.14860688090054636,-1.727706541520188,-0.8923291391199096,0.03864053477393581,0.07943408795127915,0.0,0.014974639035695292,0.005294296018939937,0.0,0.0,hybrid,off,0.006822793127639712,0.001831330100878574,0.0,0.0,0.008160860448119199,0.007743692831962721,0.0,0.0,0.0069088503270634035,0.0062616798385526605,0.0,0.0,0.006652856770947455,0.006652856770947455,0.0,0.0,0.007225172953638314,0.016008222030900757,0.6,0.6,0.0069088503270634035,0.011038668545043692,0.0,0.0,0.0069088503270634035,0.012306756881542546,0.4,0.4,0.006262690280064323,0.0057719381168891545,0.0,0.0,0.006652856770947455,0.006977520038979912,0.0,0.0,0.006652856770947455,0.006652856770947455,0.0,0.0,0.0069088503270634035,0.0069088503270634035,0.0,0.0,0.006652856770947455,0.006652856770947455,0.0,0.0,0.006652856770947455,0.006652856770947455,0.0,0.0,0.006652856770947455,0.006652856770947455,0.0,0.0,0.007593661406953064,0.007593661406953064,0.0,0.0,0.0069088503270634035,0.006553972893994056,0.0,0.0,0.0,0.0,0.0,0.0,0.0,0.0
EXPANDED_EXECUTION_CANDIDATE_SHADOW,2026-01-27,XLE,SOXX,0.01657025430949231,0.0164430009187266,0.00012725339076570877,0.8,0.0008,0.0,0.5057499999999999,V2_TQQQ_TO_QQQM_OVERLAY,1.224517783173387,0.9856580415034566,0.3116175915334832,1.8764658561342527,0.3692889251458127,0.6075939510762818,1.0632955008181124,0.7331203334099808,-0.2761905059621733,0.19519751470495397,-0.2614439476173364,0.24612582197988017,0.2723225298013214,0.04069955040804696,0.06275161010584474,0.0,0.03786403845969377,0.006234585028797479,0.0,0.0,hybrid,off,0.006699171568443339,0.007877842825627358,0.0,0.0,0.013060960450006187,0.0164430009187266,0.4,0.4,0.006699171568443339,0.006765897014428791,0.0,0.0,0.006699171568443339,0.006699171568443339,0.0,0.0,0.011236191826828138,0.01657025430949231,0.6,0.6,0.006699171568443339,0.007560346500256159,0.0,0.0,0.006699171568443339,0.01067937557347509,0.0,0.0,0.006699171568443339,0.006227481653934434,0.0,0.0,0.006699171568443339,0.006979627400823474,0.0,0.0,0.006699171568443339,0.006699171568443339,0.0,0.0,0.006699171568443339,0.006699171568443339,0.0,0.0,0.006699171568443339,0.006699171568443339,0.0,0.0,0.006699171568443339,0.006699171568443339,0.0,0.0,0.006699171568443339,0.006699171568443339,0.0,0.0,0.011907884193703816,0.011907884193703816,0.0,0.0,0.006699171568443339,0.0061077657589400985,0.0,0.0,0.0,0.0,0.0,0.0,0.0,0.0
EXPANDED_EXECUTION_CANDIDATE_SHADOW,2026-02-10,GLD,SOXX,0.021997671650566816,0.017169787285301802,0.004827884365265014,1.7297297297297298,0.00172972972972973,0.0,0.035402499999999996,V2_TQQQ_TO_QQQM_OVERLAY,0.4631282114747996,-0.4047196625874097,1.109216553818305,0.6800855781339484,-0.07308168850155239,0.8638133228139944,1.1812728197042246,0.5539116255863905,-0.23262297535739299,0.3843746283074839,-0.1722667880101792,-0.9901097118886591,-0.15037920560587342,0.016751452634027775,0.0009968978342447254,-0.02686012428463913,-0.007998023592967196,-0.031056369022010588,-0.034437827597850856,0.0,hybrid,off,0.009874912491282528,0.006216827203946593,0.0,0.0,0.018385909663060966,0.017169787285301802,0.25,0.13513513513513511,0.012067129860106524,0.009848696752469913,0.0,0.0,0.00984702481923244,0.00984702481923244,0.0,0.0,0.012748384588193622,0.012787267768088577,0.0,0.0,0.011901664841828141,0.010015996700337024,0.0,0.0,0.009874912491282528,0.010713377461699716,0.0,0.0,0.009564436654516483,0.007690334978855188,0.0,0.0,0.009874912491282528,0.010873207389719003,0.0,0.0,0.009804948773698675,0.009804948773698675,0.0,0.0,0.009804948773698675,0.009804948773698675,0.0,0.0,0.00984702481923244,0.00984702481923244,0.0,0.0,0.009804948773698675,0.009804948773698675,0.0,0.0,0.009804948773698675,0.009804948773698675,0.0,0.0,0.021997671650566816,0.021997671650566816,0.6,0.3243243243243243,0.00984702481923244,0.007696651950187686,0.0,0.0,0.15000000000000002,0.5405405405405405,0.0,0.0,0.0,0.0
EXPANDED_EXECUTION_CANDIDATE_SHADOW,2026-02-25,XLE,XLI,0.009913598102701853,0.00656084545829258,0.003352752644409273,2.0,0.002,0.0,0.20229999999999998,V2_TQQQ_TO_QQQM_OVERLAY,0.737356487549012,-0.18521431634168845,0.6278081291968888,0.6374000332257906,-0.16697326228381643,0.703430098170506,0.7166904096980569,0.27632010141478447,-0.08401587143836038,0.2260967215995905,-0.010845435442509724,-0.482676016546038,-0.038482358248867254,0.028162769819021438,0.04715031289377958,0.0,0.017844290682697883,0.008142038564500353,-0.02657618315372967,0.0,hybrid,off,0.005239398945407938,0.0029936403259889516,0.0,0.0,0.0056190867671417205,0.005385228942714988,0.0,0.0,0.005254272288973764,0.003998656030579986,0.0,0.0,0.004895807493024558,0.004895807493024558,0.0,0.0,0.006226815664956794,0.009913598102701853,0.6,0.6,0.005254272288973764,0.004995904670222056,0.0,0.0,0.004895807493024558,0.00656084545829258,0.4,0.4,0.005254272288973764,0.004199394875458072,0.0,0.0,0.005239398945407938,0.005804426261685138,0.0,0.0,0.005239398945407939,0.005239398945407939,0.0,0.0,0.005239398945407938,0.005239398945407938,0.0,0.0,0.005239398945407938,0.005239398945407938,0.0,0.0,0.005239398945407938,0.005239398945407938,0.0,0.0,0.005239398945407938,0.005239398945407938,0.0,0.0,0.0051556131761610665,0.0051556131761610665,0.0,0.0,0.004762119859898235,0.0032675767584146817,0.0,0.0,0.0,0.0,0.0,0.0,0.0,0.0
EXPANDED_EXECUTION_CANDIDATE_SHADOW,2026-03-11,XLE,XLF,0.007814663687440488,-0.005824516804487569,0.013639180491928056,0.9500000000000002,0.0009500000000000002,0.0,0.272,V2_TQQQ_TO_QQQM_OVERLAY,1.6765664016757336,0.07048992958009875,0.3022223438567347,-0.6148984985505346,-0.018693130942652417,0.42209760772267196,-0.24275185971979513,0.016614884883560152,0.7686485520709897,0.7562074952606491,-0.30205777508177617,0.15524581005557675,0.2140364235760399,0.0016103750985183574,-0.07040765498759705,-0.07040765498759705,-0.004614653406539104,-0.014261527714674038,-0.014261527714674038,2.0,hybrid,off,-0.010581900476910782,-0.0149959816406812,0.0,0.0,-0.013074418527970559,-0.013689964733749307,0.0,0.0,-0.009138559228074895,-0.009693660965082295,0.0,0.0,-0.008178741249531694,-0.008178741249531694,0.0,0.0,-0.0005117763772741016,0.007814663687440488,0.7,0.5249999999999999,-0.009879693332154141,-0.01039347131671059,0.0,0.0,-0.009900325427211105,-0.010444325646153227,0.0,0.0,-0.005707058849708528,-0.005824516804487569,0.30000000000000004,0.30000000000000004,-0.010655753711487212,-0.010383753602016151,0.0,0.0,-0.010716160223192581,-0.010716160223192581,0.0,0.0,-0.015033867291393992,-0.015033867291393992,0.0,0.0,-0.011907379285096891,-0.011907379285096891,0.0,0.0,-0.010055785316021488,-0.010055785316021488,0.0,0.0,-0.010577522121803394,-0.010577522121803394,0.0,0.0,-0.029180270132974247,-0.029180270132974247,0.0,0.0,-0.01062262271871214,-0.012474798764181652,0.0,0.0,0.0,0.0,0.0,0.175,0.0,0.0
EXPANDED_EXECUTION_CANDIDATE_SHADOW,2026-03-25,GLD,FEZ,0.03468264163915308,0.03228759591857197,0.002395045720581107,2.0,0.002,0.0,0.08092,V2_TQQQ_TO_QQQM_OVERLAY,0.7637377567746225,-0.11360891950424734,0.30552567198720537,-0.6168526212950713,-0.33212436858357797,0.18350086671153354,-0.4790733143709842,-0.2484680017237847,1.0823884021855672,1.32152951927782,0.1604216965084163,0.24066785170399516,0.26661097981727927,0.02057396930240607,0.009859086754712143,-0.061242723411603306,-0.010811396476468338,-0.031566926958398134,-0.045378262069387776,2.0,hybrid,off,0.008409942205127554,0.006696243936492926,0.0,0.0,0.016580089014488302,0.01590793253611645,0.0,0.0,0.014773938290320879,0.013593664753289337,0.0,0.0,0.03228759591857197,0.03228759591857197,0.4,0.4,0.0032897875844828802,0.007108476368355993,0.0,0.0,0.0154497539874195,0.014497404984167024,0.0,0.0,0.01118258860340433,0.01063264239382736,0.0,0.0,0.009444629085349966,0.009837051887215752,0.0,0.0,0.009785276058063197,0.010060249162851682,0.0,0.0,0.01829568818399133,0.01829568818399133,0.0,0.0,0.010844528319634231,0.010844528319634231,0.0,0.0,0.010169271124595067,0.010169271124595067,0.0,0.0,0.007937788837728013,0.007937788837728013,0.0,0.0,0.0066894389481127105,0.0066894389481127105,0.0,0.0,0.03468264163915308,0.03468264163915308,0.6,0.6,0.028337274209590067,0.027270785883834137,0.0,0.0,0.0,0.0,0.0,0.0,0.0,0.0
EXPANDED_EXECUTION_CANDIDATE_SHADOW,2026-04-09,SOXX,XSOE,0.07178143127707896,0.029191293055036167,0.0425901382220428,2.0,0.002,0.0,0.8,V2_TQQQ_TO_QQQM_OVERLAY,-0.23476917352138982,0.4266785940632112,-0.308954846451153,1.2554464712182685,-0.3859917354656216,-0.15511606822736262,0.16352446757753153,-0.15480409008248036,0.6202327270412271,0.3939726559454319,0.706985815969792,0.5394239825796298,0.20007245096731666,0.11842021483739118,0.09668359365258361,0.0,0.04431134766238687,0.038226283090920576,0.0,0.0,hybrid,off,0.014571123311772648,0.018062468620995,0.0,0.0,0.06922295261304183,0.07178143127707896,0.7,0.7,0.014247853563696235,0.014900021487525379,0.0,0.0,0.014458182024160276,0.014458182024160276,0.0,0.0,0.013493423183433165,0.013152080308182596,0.0,0.0,0.01275274961874928,0.01275274961874928,0.0,0.0,0.014375422821664144,0.014375422821664144,0.0,0.0,0.012052308013410043,0.013069901005354698,0.0,0.0,0.011954438608760642,0.011954438608760642,0.0,0.0,0.011495169787103503,0.011495169787103503,0.0,0.0,0.011664288392939825,0.011664288392939825,0.0,0.0,0.011929304559949888,0.011929304559949888,0.0,0.0,0.011345424986884251,0.011345424986884251,0.0,0.0,0.011345424986884251,0.011345424986884251,0.0,0.0,0.02064408344047587,0.02064408344047587,0.0,0.0,0.029086106865955894,0.029191293055036167,0.30000000000000004,0.30000000000000004,0.0,0.0,0.0,0.0,0.0,0.0
EXPANDED_EXECUTION_CANDIDATE_SHADOW,2026-04-23,SOXX,QQQM,0.12425037708448763,0.023337374979192433,0.1009130021052952,1.3,0.0013000000000000002,0.0,1.0,V2_TQQQ_TO_QQQM_OVERLAY,-1.2895497376324843,2.2394118414155892,-1.473525799751789,2.776161290029234,0.4212770597061196,0.10536587940342693,-0.1620831403576207,0.2257135053275746,0.6831063541617534,-1.8714821651720905,-0.3135464792352287,2.0907580957642695,0.6650445375578461,0.08634066133086882,0.16472544804439693,0.0,0.017179326689226615,0.06762736266413749,-0.00522933481306509,0.0,hybrid,off,0.00990267741401414,0.023337374979192433,0.30000000000000004,0.30000000000000004,0.11768569847344411,0.12425037708448763,0.7,0.35,0.009785671719279349,0.011353260008270262,0.0,0.0,0.010718928130462253,0.010718928130462253,0.0,0.0,0.011445041393305712,0.009653511920173241,0.0,0.0,0.009526487098302968,0.009526487098302968,0.0,0.0,0.010314063327066076,0.010233021756887265,0.0,0.0,0.009596034274081688,0.009599674273709755,0.0,0.0,0.009764932741611936,0.0088691680050457,0.0,0.0,0.009596034274081688,0.009596034274081688,0.0,0.0,0.009596034274081688,0.009596034274081688,0.0,0.0,0.00959603427408169,0.00959603427408169,0.0,0.0,0.009468670262932756,0.009468670262932756,0.0,0.0,0.009441823068278133,0.009441823068278133,0.0,0.0,0.010616959287998278,0.010616959287998278,0.0,0.0,0.010718928130462253,0.01057324380099794,0.0,0.0,0.0,0.0,0.0,0.0,0.0,0.35
EXPANDED_EXECUTION_CANDIDATE_SHADOW,2026-05-07,SOXX,QQQM,0.07952509001434648,0.023692084959419477,0.055833005054927,0.8999999999999999,0.0009,0.0,1.0,V2_TQQQ_TO_QQQM_OVERLAY,-1.4110700638222207,2.7975478499239106,-1.880668620929367,2.5950956998478207,-0.2364849428971372,-0.2712346203842151,-1.0859492788489653,-0.491765506590372,0.6063801132762353,-2.142240264183322,-0.690451511162294,3.4206935076968197,1.3001486562463447,0.06700758517884498,0.11646253912310933,-0.028626729111024485,0.04081484312717154,0.06673623519371619,-0.0009776073093108462,0.0,hybrid,off,0.009091456945020586,0.023692084959419477,0.75,0.75,0.07393575318467073,0.07952509001434648,0.25,0.25,0.008033396416162747,0.008033396416162747,0.0,0.0,0.008787880471036626,0.008787880471036626,0.0,0.0,0.009024225004713789,0.00678618672477466,0.0,0.0,0.007892095592194889,0.007646212838899703,0.0,0.0,0.008039901507528171,0.007496926868103688,0.0,0.0,0.007842078065091303,0.007846048065835168,0.0,0.0,0.007975818568025489,0.006856799428055924,0.0,0.0,0.007842078065091303,0.007842078065091303,0.0,0.0,0.007871732635971157,0.007871732635971157,0.0,0.0,0.007865945772368607,0.007865945772368607,0.0,0.0,0.007842078065091303,0.007842078065091303,0.0,0.0,0.007842078065091303,0.007842078065091303,0.0,0.0,0.008265750547903234,0.008265750547903234,0.0,0.0,0.008128772450751996,0.0074011163148205135,0.0,0.0,0.0,0.0,0.0,0.0,0.0,0.0
EXPANDED_EXECUTION_CANDIDATE_SHADOW,2026-05-21,SOXX,QQQM,0.13681611204627742,0.017641712452967865,0.11917439959330955,0.8999999999999999,0.0009,0.0,1.0,V2_TQQQ_TO_QQQM_OVERLAY,-0.3268529181963807,1.6616400385500762,-1.2507401635359168,1.3771512100187069,-0.3245436304680247,-0.09957577454068439,-0.8418396107837403,-0.45304690790499336,0.9191628017779874,-1.049661731103821,-0.2471551355567167,2.212213409231541,0.8270319801245577,-0.010037108765203251,0.06570410481363198,-0.015109924275012343,-0.007288180708367009,0.02827477486568508,-0.007288180708367009,0.0,hybrid,off,0.009380078316125877,0.017641712452967865,0.30000000000000004,0.30000000000000004,0.1331740918412587,0.13681611204627742,0.7,0.7,0.009175755026707488,0.010338903053692542,0.0,0.0,0.009432711562319852,0.009432711562319852,0.0,0.0,0.009596037404573281,0.00826672537373322,0.0,0.0,0.009188519668353573,0.008961996214401077,0.0,0.0,0.009175755026707488,0.008754835221315618,0.0,0.0,0.008759988249218276,0.008765008248960784,0.0,0.0,0.008848490915781344,0.008183834900361312,0.0,0.0,0.008759988249218276,0.008759988249218276,0.0,0.0,0.009023084417434567,0.009023084417434567,0.0,0.0,0.008759988249218276,0.008759988249218276,0.0,0.0,0.008793178372580751,0.008793178372580751,0.0,0.0,0.008759988249218276,0.008759988249218276,0.0,0.0,0.009705760111327422,0.009705760111327422,0.0,0.0,0.009596037404573281,0.008493042042439697,0.0,0.0,0.0,0.0,0.0,0.0,0.0,0.0
EXPANDED_EXECUTION_CANDIDATE_SHADOW,2026-06-05,SOXX,XSOE,0.04987674509104033,0.019603239944327725,0.030273505146712603,1.0,0.001,0.0,0.0952,V2_TQQQ_TO_QQQM_OVERLAY,-0.1659209623279849,-0.03863755727977628,0.542197487594321,-0.09270924592662913,0.0953243552600851,-0.125798861055565,-0.30062599918273325,-0.07772167344244317,0.7487532791878165,0.25813641029491613,-0.4208463481304011,0.06518682156100992,0.25599108797433434,-0.051504166263385276,0.028701574544829578,-0.12329446041874681,-0.04477563182454536,-0.013119852487073924,-0.05494260157149056,4.0,hybrid,off,0.011080607184563192,0.009960028701543264,0.0,0.0,0.05106957956374784,0.04987674509104033,0.5,0.5,0.011080607184563192,0.00999621220937455,0.0,0.0,0.011118432597335281,0.011118432597335281,0.0,0.0,0.011430590856587463,0.011430590856587463,0.0,0.0,0.011921717051995441,0.010999981323085096,0.0,0.0,0.010307907593946727,0.00933195211627695,0.0,0.0,0.00998974810625659,0.009119009724878994,0.0,0.0,0.010057041253412941,0.01054501899224783,0.0,0.0,0.00998974810625659,0.00998974810625659,0.0,0.0,0.010901105097742359,0.010901105097742359,0.0,0.0,0.010057041253412941,0.010057041253412941,0.0,0.0,0.009843216741648265,0.009843216741648265,0.0,0.0,0.009666531342698487,0.009666531342698487,0.0,0.0,0.01619481768585334,0.01619481768585334,0.0,0.0,0.021201297116860182,0.019603239944327725,0.5,0.5,0.0,0.0,0.0,0.0,0.0,0.0
EXPANDED_EXECUTION_CANDIDATE_SHADOW,2026-06-22,QQQM,XLI,0.015876014941096576,0.009591614116182656,0.006284400824913921,2.0,0.002,0.642813360830464,0.85,V2_TQQQ_TO_QQQM_OVERLAY,-0.5134007816116057,1.5499548498469686,-0.5490265049372977,2.109935129094846,-0.051928837338788975,0.2966650712121279,0.5929392038541987,0.1631233786891916,0.8483746204861599,0.5205834357249416,0.31433093750022273,1.3009115971584186,0.5609363563201321,0.09907097501793016,0.21407449265475753,0.0,0.024381931647350363,0.04787907556524962,-0.00969412697863381,0.0,hybrid,off,0.006533436906212404,0.015876014941096576,0.7,0.3175260503058739,0.002268486526697846,0.007151338153961447,0.0,0.0,0.006533436906212404,0.007775570769855394,0.0,0.0,0.0065760158389789715,0.0065760158389789715,0.0,0.0,0.006309300341493025,0.00506933646161545,0.0,0.0,0.0065760158389789715,0.0065760158389789715,0.0,0.0,0.006533436906212404,0.009591614116182656,0.30000000000000004,0.30000000000000004,0.0065760158389789715,0.007238274930453015,0.0,0.0,0.0065760158389789715,0.005956033899040184,0.0,0.0,0.0065760158389789715,0.0065760158389789715,0.0,0.0,0.0065760158389789715,0.0065760158389789715,0.0,0.0,0.006576015838978971,0.006576015838978971,0.0,0.0,0.0065760158389789715,0.0065760158389789715,0.0,0.0,0.0065760158389789715,0.0065760158389789715,0.0,0.0,0.00669322633988436,0.00669322633988436,0.0,0.0,0.007913945680004402,0.0075844528838236135,0.0,0.0,0.0,0.0,0.38247394969412607,0.0,0.0,0.0
EXPANDED_EXECUTION_CANDIDATE_SHADOW,2026-07-07,GLD,XLV,0.007235647760396144,0.006686170319003391,0.0005494774413927527,2.0,0.002,0.0,0.028322,V2_TQQQ_TO_QQQM_OVERLAY,-0.2865277660268922,-1.7254808075088848,0.967437669921908,-1.6519826822416024,-0.609077580983632,-0.3620038192858608,0.14150365296903633,-0.4126211273848715,0.7317884409387437,0.9548906294545885,0.4094971111934699,-1.4478664171682532,-0.48174478233218865,-0.10199393771403531,-0.15773805863087287,-0.15773805863087287,-0.019828798478718324,-0.03869687227454377,-0.0449383150593623,4.0,hybrid,off,0.002793671288687448,0.0013449928770898159,0.0,0.0,-0.05810057516889684,-0.06022893804272504,0.0,0.0,0.005787634658232603,0.004057507873985521,0.0,0.0,0.0058754759903531985,0.0058754759903531985,0.0,0.0,0.006146232260141969,0.006146232260141969,0.0,0.0,0.0058754759903531985,0.004230831951485955,0.0,0.0,0.0058754759903531985,0.004134088184493764,0.0,0.0,0.005950939950584206,0.005140209577222239,0.0,0.0,0.005815476416073674,0.006686170319003391,0.4,0.4,0.0059142690046256365,0.0059142690046256365,0.0,0.0,0.0059142690046256365,0.0059142690046256365,0.0,0.0,0.0058754759903531985,0.0058754759903531985,0.0,0.0,0.005914269004625636,0.005914269004625636,0.0,0.0,0.0059142690046256365,0.0059142690046256365,0.0,0.0,0.007235647760396144,0.007235647760396144,0.6,0.6,-0.013483679671881426,-0.015150651596507175,0.0,0.0,0.0,0.0,0.0,0.0,0.0,0.0
