date,asset,adjusted_expected_return,realized_next_10d_return,was_top_asset,was_second_asset,score_decile
2023-10-17,QQQM,-0.027891222072631106,-0.04732679283566388,False,False,1.0
2023-10-17,SOXX,-0.028960519684230968,-0.07818103790317232,False,False,1.0
2023-10-17,IWM,-0.028811749774057857,-0.05961710014874555,False,False,1.0
2023-10-17,FEZ,-0.025731848117615162,-0.01930408065701983,False,False,1.0
2023-10-17,XLE,-0.024819107299394242,-0.06518175442243201,True,False,1.0
2023-10-17,XLB,-0.028150154882042408,-0.039282702303839234,False,False,1.0
2023-10-17,XLI,-0.02792092118279279,-0.04643723334899352,False,False,1.0
2023-10-17,XLF,-0.027500092381394246,-0.04033217973465064,False,False,1.0
2023-10-17,XLV,-0.02490155055561368,-0.04924066067928179,False,True,1.0
2023-10-17,XLP,-0.02574032241907549,0.0011802186618892208,False,False,1.0
2023-10-17,XLU,-0.025933609393176044,-0.0010042953204897342,False,False,1.0
2023-10-17,XLRE,-0.02593360939317605,-0.04085782790376502,False,False,1.0
2023-10-17,TLT,-0.025933609393176044,-0.01958932469745389,False,False,1.0
2023-10-17,IEF,-0.02574032241907549,-0.002449908736999018,False,False,1.0
2023-10-17,GLD,-0.025740322419075486,0.03253128762223656,False,False,1.0
2023-10-17,XSOE,-0.029941306629158143,-0.03225805006135585,False,False,1.0
2023-10-31,QQQM,0.02387273149433878,0.09838570331068719,False,False,10.0
2023-10-31,SOXX,0.054037914448186425,0.1484660027716347,True,False,10.0
2023-10-31,IWM,0.026312219941230633,0.08473142351519103,False,True,10.0
2023-10-31,FEZ,0.023145356369731414,0.08505462465926938,False,False,10.0
2023-10-31,XLE,0.01642306373392987,-0.005047249703019507,False,False,9.0
2023-10-31,XLB,0.023761681070771003,0.045622131901493335,False,False,10.0
2023-10-31,XLI,0.022788948216514972,0.06445696182294558,False,False,10.0
2023-10-31,XLF,0.017765113488115786,0.06613104010443283,False,False,9.0
2023-10-31,XLV,0.018877370265018723,0.026658175138851714,False,False,10.0
2023-10-31,XLP,0.018977975324552677,0.029914592562483522,False,False,10.0
2023-10-31,XLU,0.023295156609399018,0.03836483716661632,False,False,10.0
2023-10-31,XLRE,0.021010428745412146,0.08580065466477471,False,False,10.0
2023-10-31,TLT,0.024756985517607653,0.07786878733829794,False,False,10.0
2023-10-31,IEF,0.011249594630502917,0.03535925990204558,False,False,8.0
2023-10-31,GLD,0.011577671382360407,-0.010701294257658978,False,False,8.0
2023-10-31,XSOE,0.022332168861933108,0.0724805749284072,False,False,10.0
2023-11-14,QQQM,0.003684588342955278,0.011795772148887718,False,False,3.0
2023-11-14,SOXX,0.0045655962282048065,0.01808820721170812,False,False,3.0
2023-11-14,IWM,0.0050328185409745044,0.0029138420059124925,False,False,3.0
2023-11-14,FEZ,0.004692442564878954,0.02799549133617618,False,False,3.0
2023-11-14,XLE,0.0020824908657857467,-0.008730635719885416,False,False,2.0
2023-11-14,XLB,0.0032263406505723177,0.026027780887737162,False,False,2.0
2023-11-14,XLI,0.0038589120860738476,0.011365870954409996,False,False,3.0
2023-11-14,XLF,0.004676922983309711,0.028985487172330737,False,False,3.0
2023-11-14,XLV,0.0034230918172526194,0.014234232320158302,False,False,3.0
2023-11-14,XLP,0.003501438564976367,0.0010015434874439677,False,False,3.0
2023-11-14,XLU,0.004619247080716284,0.008228504841810258,False,False,3.0
2023-11-14,XLRE,0.0056900535645804055,0.027545858631482956,True,False,4.0
2023-11-14,TLT,0.004700750194601336,0.03174407073508689,False,False,3.0
2023-11-14,IEF,0.0036268879688710503,0.014810716365754262,False,False,3.0
2023-11-14,GLD,0.004295160508599964,0.04074235870789922,False,False,3.0
2023-11-14,XSOE,0.00550938609166539,0.0028911581391328767,False,True,4.0
2023-11-29,QQQM,0.013833027822903007,0.03566072388993913,False,True,9.0
2023-11-29,SOXX,0.015390879904312971,0.067006621361964,True,False,9.0
2023-11-29,IWM,0.01257656302594463,0.08017656782315852,False,False,8.0
2023-11-29,FEZ,0.010874308327162551,0.038126340706338135,False,False,8.0
2023-11-29,XLE,0.010983171531707381,-0.020114389345306627,False,False,8.0
2023-11-29,XLB,0.011311494996928946,0.029411999537503508,False,False,8.0
2023-11-29,XLI,0.01036806630593673,0.05515161886785269,False,False,7.0
2023-11-29,XLF,0.010624141732828897,0.04788744875736084,False,False,8.0
2023-11-29,XLV,0.010459076082392257,0.048503883216276744,False,False,8.0
2023-11-29,XLP,0.010344397309319752,0.03344774415754448,False,False,7.0
2023-11-29,XLU,0.011380521395895599,0.055528877982820246,False,False,8.0
2023-11-29,XLRE,0.0119090940239453,0.06688341020735833,False,False,8.0
2023-11-29,TLT,0.01150032827846617,0.048759931535639955,False,False,8.0
2023-11-29,IEF,0.010459076082392257,0.020724469562622305,False,False,8.0
2023-11-29,GLD,0.010486974848269215,-0.0100769677692083,False,False,8.0
2023-11-29,XSOE,0.01132878117187308,0.009009011594576899,False,False,8.0
2023-12-13,QQQM,0.022331903956199738,0.02135787244111942,False,False,10.0
2023-12-13,SOXX,0.03420477407305206,0.053602461074413243,True,False,10.0
2023-12-13,IWM,0.03088047167753744,0.05926685769028217,False,True,10.0
2023-12-13,FEZ,0.021032263383659995,0.004833193701196947,False,False,10.0
2023-12-13,XLE,0.020541035900879318,0.030451930766458357,False,False,10.0
2023-12-13,XLB,0.020911640442724935,0.029524699224116713,False,False,10.0
2023-12-13,XLI,0.021501625648328946,0.02706912258424521,False,False,10.0
2023-12-13,XLF,0.021093863778911263,0.01899835756134638,False,False,10.0
2023-12-13,XLV,0.020676054625478307,0.006472139338739691,False,False,10.0
2023-12-13,XLP,0.020628123143882505,0.0017276526655123359,False,False,10.0
2023-12-13,XLU,0.025984569240127993,-0.029603629529519004,False,False,10.0
2023-12-13,XLRE,0.02989550975053317,0.03885264012077827,False,False,10.0
2023-12-13,TLT,0.025101312364158707,0.0336792786084279,False,False,10.0
2023-12-13,IEF,0.020676054625478304,0.014190265862238594,False,False,10.0
2023-12-13,GLD,0.020796200845649197,0.020465790321164024,False,False,10.0
2023-12-13,XSOE,0.02091258514310277,0.03780994585769415,False,False,10.0
2023-12-28,QQQM,-0.0014636992475128628,-0.0040169903012523545,False,False,2.0
2023-12-28,SOXX,-0.00031364676991958273,-0.03957906650813825,True,False,2.0
2023-12-28,IWM,-0.0028254567904100096,-0.052979645506458284,False,False,1.0
2023-12-28,FEZ,-0.0024879483104302256,-0.01695955775235114,False,False,1.0
2023-12-28,XLE,-0.002539111797571518,-0.016065622618056885,False,False,1.0
2023-12-28,XLB,-0.00288936646790749,-0.02829535160152019,False,False,1.0
2023-12-28,XLI,-0.0008618306722085784,-0.017699200702669282,False,True,2.0
2023-12-28,XLF,-0.0029859508816912936,-0.0031814025568879245,False,False,1.0
2023-12-28,XLV,-0.0022754328152952033,0.031415211856510084,False,False,1.0
2023-12-28,XLP,-0.0023341117514894916,0.012799223902812518,False,False,1.0
2023-12-28,XLU,-0.002293949714121167,-0.0014193138484193124,False,False,1.0
2023-12-28,XLRE,-0.0026939265478091463,-0.02370386076182751,False,False,1.0
2023-12-28,TLT,-0.0026503592986362465,-0.03267207520826232,False,False,1.0
2023-12-28,IEF,-0.002402059662717397,-0.004139486676625559,False,False,1.0
2023-12-28,GLD,-0.002383443457724002,-0.009192011780515097,False,False,1.0
2023-12-28,XSOE,-0.0029329514045840065,-0.028393332108684444,False,False,1.0
2024-01-12,QQQM,0.00016293744040462026,0.045373726839660344,False,False,2.0
2024-01-12,SOXX,0.016858029206271302,0.08360396873788223,True,False,9.0
2024-01-12,IWM,0.010249012770599924,0.031982487476682975,False,True,7.0
2024-01-12,FEZ,0.0008681770969987177,0.027901924798308775,False,False,2.0
2024-01-12,XLE,0.001040461481530759,0.0175374848682186,False,False,2.0
2024-01-12,XLB,-0.00015799976735068682,-0.006351030750314068,False,False,2.0
2024-01-12,XLI,-0.0002183631123124167,0.018374814572484244,False,False,2.0
2024-01-12,XLF,-9.217907613889701e-05,0.030584938771948567,False,False,2.0
2024-01-12,XLV,0.0014114472016542848,-0.0019214214261810136,False,False,2.0
2024-01-12,XLP,0.0008681770969987177,0.003433999962116019,False,False,2.0
2024-01-12,XLU,0.006015387086808374,-0.02716370732564466,False,False,4.0
2024-01-12,XLRE,0.008933079355563677,-0.019473797354288003,False,False,6.0
2024-01-12,TLT,0.000798144573379731,-0.01719840230981018,False,False,2.0
2024-01-12,IEF,0.0008681770969987177,-0.00727462636557985,False,False,2.0
2024-01-12,GLD,0.0008681770969987177,-0.007274286194580704,False,False,2.0
2024-01-12,XSOE,-5.9268730533002054e-05,-0.010334924558548564,False,False,2.0
2024-01-29,QQQM,0.001745359869360473,0.016737525326743885,False,False,2.0
2024-01-29,SOXX,0.008208935563649385,0.0402325431010786,True,False,6.0
2024-01-29,IWM,0.0010530849668888393,0.01780249053106675,False,False,2.0
2024-01-29,FEZ,0.0022162150783593933,0.012225367665614995,False,False,2.0
2024-01-29,XLE,0.0012370127566652862,0.0011886969545211734,False,False,2.0
2024-01-29,XLB,0.00038924459467145863,0.010612666150728423,False,False,2.0
2024-01-29,XLI,0.0018147782879639064,0.025838751208464794,False,False,2.0
2024-01-29,XLF,0.0027027075253908636,0.013161465761025504,False,False,2.0
2024-01-29,XLV,0.0030578854770630286,0.02816390338009933,False,True,2.0
2024-01-29,XLP,0.00130238015740077,0.00793959740164718,False,False,2.0
2024-01-29,XLU,9.721072979369521e-05,-0.010227124767938411,False,False,2.0
2024-01-29,XLRE,0.0029996281515092997,-0.012380628324350718,False,False,2.0
2024-01-29,TLT,0.0013989537050511896,-0.006300779722161476,False,False,2.0
2024-01-29,IEF,0.00035466658865025697,-0.007516232261311595,False,False,2.0
2024-01-29,GLD,0.00027664800233658465,-0.006477997179639816,False,False,2.0
2024-01-29,XSOE,-0.0003492072355575251,0.027007672094832236,False,False,2.0
2024-02-12,QQQM,0.009846617177095791,0.0053571223365700416,False,True,7.0
2024-02-12,SOXX,0.017146060465251575,0.02199626895734963,True,False,9.0
2024-02-12,IWM,0.008005528639375578,0.005124101048116225,False,False,6.0
2024-02-12,FEZ,0.008747327941149538,0.03930417857897006,False,False,6.0
2024-02-12,XLE,0.00875474646429429,0.01970776498528992,False,False,6.0
2024-02-12,XLB,0.007891784396999762,0.03377088179233434,False,False,6.0
2024-02-12,XLI,0.007898125267625362,0.026468629845646685,False,False,6.0
2024-02-12,XLF,0.007850947341318464,0.02419762471804776,False,False,6.0
2024-02-12,XLV,0.009171929277911625,0.017614578050513696,False,False,7.0
2024-02-12,XLP,0.008693809144217038,0.011680274389314738,False,False,6.0
2024-02-12,XLU,0.008693809144217038,0.015089444299549282,False,False,6.0
2024-02-12,XLRE,0.008693809144217038,0.0005223126979190251,False,False,6.0
2024-02-12,TLT,0.008693809144217038,-0.01096212221789683,False,False,6.0
2024-02-12,IEF,0.008693809144217038,-0.009409741427220064,False,False,6.0
2024-02-12,GLD,0.008747327941149538,0.0047565570346066455,False,False,6.0
2024-02-12,XSOE,0.007632362241426672,0.015077153300685264,False,False,5.0
2024-02-27,QQQM,0.014833294625659731,0.013710156961908693,False,False,9.0
2024-02-27,SOXX,0.030171597895878026,0.0735076309260696,True,False,10.0
2024-02-27,IWM,0.02338489779869658,0.004460836844938587,False,True,10.0
2024-02-27,FEZ,0.015747215579449154,0.028954056792641403,False,False,9.0
2024-02-27,XLE,0.016073859503743456,0.035510708362377796,False,False,9.0
2024-02-27,XLB,0.014850338798721595,0.042941090341518606,False,False,9.0
2024-02-27,XLI,0.014744916030129254,0.016552928947284995,False,False,9.0
2024-02-27,XLF,0.014689232721833704,0.016165143344865518,False,False,9.0
2024-02-27,XLV,0.01616288729561084,0.001976142320408325,False,False,9.0
2024-02-27,XLP,0.015747215579449154,0.019734093512660866,False,False,9.0
2024-02-27,XLU,0.01601246068480107,0.025205883902923,False,False,9.0
2024-02-27,XLRE,0.015796955039745944,0.04072020516898678,False,False,9.0
2024-02-27,TLT,0.015796955039745944,0.02419176422890379,False,False,9.0
2024-02-27,IEF,0.015702800059009817,0.013672327753704971,False,False,9.0
2024-02-27,GLD,0.015747215579449154,0.06271273024538737,False,False,9.0
2024-02-27,XSOE,0.014321844297381373,0.02832467204286626,False,False,9.0
2024-03-12,QQQM,0.01094145787722055,0.0006728962201070221,False,False,8.0
2024-03-12,SOXX,0.031858302606620356,-0.02899544634177953,True,False,10.0
2024-03-12,IWM,0.020749845589683673,0.003811227928276706,False,True,10.0
2024-03-12,FEZ,0.014218625649464045,0.00420448632915793,False,False,9.0
2024-03-12,XLE,0.014252384910625814,0.048885115887632447,False,False,9.0
2024-03-12,XLB,0.018502579403345334,0.014478119002665935,False,False,10.0
2024-03-12,XLI,0.016199716526609807,0.01737219182494898,False,False,9.0
2024-03-12,XLF,0.012511363363016455,0.017030813987431115,False,False,8.0
2024-03-12,XLV,0.01502732883778133,-0.004989688669221559,False,False,9.0
2024-03-12,XLP,0.014218625649464049,0.0008640888374418232,False,False,9.0
2024-03-12,XLU,0.014218625649464049,0.007944039141823067,False,False,9.0
2024-03-12,XLRE,0.014218625649464049,-0.03258504967031428,False,False,9.0
2024-03-12,TLT,0.014218625649464049,-0.011699102665683636,False,False,9.0
2024-03-12,IEF,0.014218625649464049,-0.00348396887234792,False,False,9.0
2024-03-12,GLD,0.014218625649464049,0.009259753569670126,False,False,9.0
2024-03-12,XSOE,0.015410625688982974,-0.015787772057535232,False,False,9.0
2024-03-26,QQQM,0.009590574504628599,-0.011074352773963847,False,False,7.0
2024-03-26,SOXX,0.02244439132011925,-0.010723341778721585,True,False,10.0
2024-03-26,IWM,0.011204041145613148,-0.02066563831463164,False,False,8.0
2024-03-26,FEZ,0.0128264546813027,-0.018907561047920685,False,False,8.0
2024-03-26,XLE,0.015640124144824945,0.05673227794063429,False,False,9.0
2024-03-26,XLB,0.015418142429075164,0.0030656096945005373,False,False,9.0
2024-03-26,XLI,0.015809327241037473,0.0011296119793322568,False,True,9.0
2024-03-26,XLF,0.011915282116985929,-0.012319040756647803,False,False,8.0
2024-03-26,XLV,0.013258062738084327,-0.02867538829318028,False,False,9.0
2024-03-26,XLP,0.0128264546813027,-0.015370486125123373,False,False,8.0
2024-03-26,XLU,0.0128264546813027,0.02191386295855491,False,False,8.0
2024-03-26,XLRE,0.0128264546813027,-0.018794019831362196,False,False,8.0
2024-03-26,TLT,0.012905383260388587,-0.034675549842984155,False,False,8.0
2024-03-26,IEF,0.0128264546813027,-0.02183271420333388,False,False,8.0
2024-03-26,GLD,0.012980658957749556,0.06928189477776958,False,False,9.0
2024-03-26,XSOE,0.012222228705103012,0.006143347936875321,False,False,8.0
2024-04-10,QQQM,-0.014654480313046666,-0.02710960500766546,False,False,1.0
2024-04-10,SOXX,-0.008657462429504603,-0.05419754071811789,False,False,1.0
2024-04-10,IWM,-0.012802883400229169,-0.01617468727630489,False,False,1.0
2024-04-10,FEZ,-0.010764773210079863,0.0,False,False,1.0
2024-04-10,XLE,-0.008465503846493229,-0.01636168010865957,False,False,1.0
2024-04-10,XLB,-0.0027736059240504023,-0.03569479992563129,True,False,1.0
2024-04-10,XLI,-0.005412749399712516,-0.016117366867883343,False,True,1.0
2024-04-10,XLF,-0.009887044530485212,0.005624881008790661,False,False,1.0
2024-04-10,XLV,-0.009891427064485068,-0.005155701560189407,False,False,1.0
2024-04-10,XLP,-0.011092162844730693,0.021800487265127177,False,False,1.0
2024-04-10,XLU,-0.011734291350246678,0.02962063627385314,False,False,1.0
2024-04-10,XLRE,-0.006024520848784257,-0.02527289378393527,False,False,1.0
2024-04-10,TLT,-0.016360426825270644,-0.02017282477199156,False,False,1.0
2024-04-10,IEF,-0.011364691167466029,-0.0051052934644018055,False,False,1.0
2024-04-10,GLD,-0.011483941433231405,-0.004498869337958511,False,False,1.0
2024-04-10,XSOE,-0.010273996831402704,-0.017299985219367597,False,False,1.0
2024-04-24,QQQM,0.00784507192084644,0.03185363102792271,False,False,6.0
2024-04-24,SOXX,0.026852959589357187,0.04977468177805622,True,False,10.0
2024-04-24,IWM,0.00993881625808599,0.030857832638607974,False,False,7.0
2024-04-24,FEZ,0.011992187773290622,0.019271946553900854,False,False,8.0
2024-04-24,XLE,0.01186067630180373,-0.03212376201323963,False,False,8.0
2024-04-24,XLB,0.016060985666930115,0.02694136105984435,False,False,9.0
2024-04-24,XLI,0.013160753923447273,0.018510926307898856,False,False,9.0
2024-04-24,XLF,0.010873947945686442,0.0058366942935839106,False,False,8.0
2024-04-24,XLV,0.013014588888422654,0.00866111180380602,False,False,9.0
2024-04-24,XLP,0.01199218777329062,0.007770272432649161,False,False,8.0
2024-04-24,XLU,0.01199218777329062,0.05289162197332242,False,False,8.0
2024-04-24,XLRE,0.025178724921741093,0.01173585933027299,False,True,10.0
2024-04-24,TLT,0.01199218777329062,0.023822881357543402,False,False,8.0
2024-04-24,IEF,0.011992187773290622,0.013157056124557753,False,False,8.0
2024-04-24,GLD,0.011992187773290622,-0.004938490316846678,False,False,8.0
2024-04-24,XSOE,0.014596017355312046,0.04073184814271946,False,False,9.0
2024-05-08,QQQM,0.01922032430311804,0.035564525764221866,False,False,10.0
2024-05-08,SOXX,0.02399196689070957,0.07454788510084964,True,False,10.0
2024-05-08,IWM,0.016095005459620806,0.013740333246877956,False,False,9.0
2024-05-08,FEZ,0.014911379248197791,0.010313400502909076,False,False,9.0
2024-05-08,XLE,0.015263481291909915,-0.01095614436213388,False,False,9.0
2024-05-08,XLB,0.021767695308793012,0.0072751457946236275,False,True,10.0
2024-05-08,XLI,0.017408534353551677,0.007720153131521412,False,False,9.0
2024-05-08,XLF,0.016328223635331873,0.014023048275617178,False,False,9.0
2024-05-08,XLV,0.014888155792154197,0.031179511598002252,False,False,9.0
2024-05-08,XLP,0.014888155792154197,0.016989066994365087,False,False,9.0
2024-05-08,XLU,0.014911379248197791,0.024761779025436415,False,False,9.0
2024-05-08,XLRE,0.020381495554660893,0.029403846901971287,False,False,10.0
2024-05-08,TLT,0.014888155792154197,0.01674276592799373,False,False,9.0
2024-05-08,IEF,0.014888155792154197,0.006160756478758245,False,False,9.0
2024-05-08,GLD,0.014911379248197791,0.030574017807445397,False,False,9.0
2024-05-08,XSOE,0.017967661923429253,0.019568914329908926,False,False,9.0
2024-05-22,QQQM,0.015952303755270476,0.01695804158345382,False,True,9.0
2024-05-22,SOXX,0.02659549289955015,0.023380354504101808,True,False,10.0
2024-05-22,IWM,0.009822684036029119,-0.01447387036147052,False,False,7.0
2024-05-22,FEZ,0.00893536545783208,0.017391160560172647,False,False,6.0
2024-05-22,XLE,0.008032650190102261,-0.018787891674260537,False,False,6.0
2024-05-22,XLB,0.013318955199867713,-0.007441390460088182,False,False,9.0
2024-05-22,XLI,0.00888958296999934,-0.02481847501118195,False,False,6.0
2024-05-22,XLF,0.00900636189430072,-0.01549819110428996,False,False,6.0
2024-05-22,XLV,0.00893536545783208,-0.0016379187882668012,False,False,6.0
2024-05-22,XLP,0.008935365457832082,0.002955536429081196,False,False,6.0
2024-05-22,XLU,0.00893536545783208,-0.018053141189609212,False,False,6.0
2024-05-22,XLRE,0.008970123650604189,0.0028827200058048064,False,False,6.0
2024-05-22,TLT,0.00893536545783208,0.019939670174796476,False,False,6.0
2024-05-22,IEF,0.00893536545783208,0.01214121291532555,False,False,6.0
2024-05-22,GLD,0.008970123650604189,-0.003089400448342605,False,False,6.0
2024-05-22,XSOE,0.009876029547231015,-0.010735246728243553,False,False,7.0
2024-06-06,QQQM,0.010800141098198126,0.03586796318668006,False,True,8.0
2024-06-06,SOXX,0.03414435412267833,0.03887340573176945,True,False,10.0
2024-06-06,IWM,0.007923208679441546,-0.013167272277881392,False,False,6.0
2024-06-06,FEZ,0.007252896139895661,-0.05109621387015284,False,False,5.0
2024-06-06,XLE,0.006662988747583386,-0.006640888539353629,False,False,5.0
2024-06-06,XLB,0.008326859360953417,-0.01168711337469619,False,False,6.0
2024-06-06,XLI,0.007252896139895661,0.0063011626676390264,False,False,5.0
2024-06-06,XLF,0.007252896139895661,0.0009688089969113189,False,False,5.0
2024-06-06,XLV,0.007252896139895661,0.003691932367024142,False,False,5.0
2024-06-06,XLP,0.007252896139895661,-0.004868621019889607,False,False,5.0
2024-06-06,XLU,0.007252896139895659,-0.018667593211943334,False,False,5.0
2024-06-06,XLRE,0.007252896139895659,0.00548734992877975,False,False,5.0
2024-06-06,TLT,0.007252896139895661,0.008046379174136309,False,False,5.0
2024-06-06,IEF,0.007252896139895661,0.004364350752191326,False,False,5.0
2024-06-06,GLD,0.007252896139895661,-0.02119124117802329,False,False,5.0
2024-06-06,XSOE,0.006884135018203062,0.010522809495717489,False,False,5.0
2024-06-21,QQQM,0.009188102607804373,0.03792735285112081,False,False,7.0
2024-06-21,SOXX,0.017643875507343202,0.03927476717667022,True,False,9.0
2024-06-21,IWM,0.005721677786753762,0.009633259019398599,False,False,4.0
2024-06-21,FEZ,0.006762585521295034,0.02548195509992124,False,False,5.0
2024-06-21,XLE,0.005003497009495355,0.005784317510683312,False,False,3.0
2024-06-21,XLB,0.005721677786753762,-0.011825139620162073,False,False,4.0
2024-06-21,XLI,0.005721677786753762,-0.009620615449176584,False,False,4.0
2024-06-21,XLF,0.005721677786753762,0.006388542879431025,False,False,4.0
2024-06-21,XLV,0.005721677786753762,-0.01358759613187821,False,False,4.0
2024-06-21,XLP,0.005721677786753762,0.002231127217739326,False,False,4.0
2024-06-21,XLU,0.005721677786753762,-0.0031233628644681266,False,False,4.0
2024-06-21,XLRE,0.005721677786753762,0.0077966115850882645,False,False,4.0
2024-06-21,TLT,0.0057216777867537625,-0.009631267113524133,False,False,4.0
2024-06-21,IEF,0.005721677786753762,0.001351759820511944,False,False,4.0
2024-06-21,GLD,0.01549584146572102,0.015876728193920053,False,True,9.0
2024-06-21,XSOE,0.0051641662513834076,0.025506892754962207,False,False,4.0
2024-07-08,QQQM,0.012427358608853216,-0.030337145807796784,False,True,8.0
2024-07-08,SOXX,0.01819865597147842,-0.05142740085588482,True,False,9.0
2024-07-08,IWM,0.010601621583154176,0.089034692197004,False,False,8.0
2024-07-08,FEZ,0.01007627410549648,-0.004290972154044392,False,False,7.0
2024-07-08,XLE,0.008819312861421407,0.02501384833406184,False,False,6.0
2024-07-08,XLB,0.009769877513012218,0.025521682567176907,False,False,7.0
2024-07-08,XLI,0.009769877513012218,0.03930112896013371,False,False,7.0
2024-07-08,XLF,0.009769877513012218,0.04006747751168804,False,False,7.0
2024-07-08,XLV,0.009769877513012218,0.030987823764920597,False,False,7.0
2024-07-08,XLP,0.009769877513012218,0.011390211866077804,False,False,7.0
2024-07-08,XLU,0.009769877513012218,0.03060314173698475,False,False,7.0
2024-07-08,XLRE,0.009769877513012218,0.06564221562771277,False,False,7.0
2024-07-08,TLT,0.009769877513012218,-0.00118573090957097,False,False,7.0
2024-07-08,IEF,0.009769877513012218,0.0031849415363065514,False,False,7.0
2024-07-08,GLD,0.009967472953535575,0.016545215500059385,False,False,7.0
2024-07-08,XSOE,0.00976254097451383,-0.008609617750654053,False,False,7.0
2024-07-22,QQQM,0.00786252505970205,-0.09637764661485526,False,False,6.0
2024-07-22,SOXX,0.006952231333732238,-0.1749511903030294,False,False,5.0
2024-07-22,IWM,0.006342014482650982,-0.08211888492899477,False,False,4.0
2024-07-22,FEZ,0.009710047889529012,-0.06523008943155573,False,True,7.0
2024-07-22,XLE,0.009710047889529012,-0.05817629426367199,False,False,7.0
2024-07-22,XLB,0.00809112292673679,-0.026324650124531668,False,False,6.0
2024-07-22,XLI,0.007961284661191092,-0.043919411916058304,False,False,6.0
2024-07-22,XLF,0.008204267055183205,-0.052216324774064016,False,False,6.0
2024-07-22,XLV,0.010532518425625798,-0.012708656416548059,True,False,8.0
2024-07-22,XLP,0.009675440504147563,-0.005631019456092012,False,False,7.0
2024-07-22,XLU,0.00971004788952901,0.021775862753881103,False,False,7.0
2024-07-22,XLRE,0.009675440504147563,-0.006355532964840593,False,False,7.0
2024-07-22,TLT,0.009710047889529012,0.06993370088957285,False,False,7.0
2024-07-22,IEF,0.009675440504147563,0.03794084577942014,False,False,7.0
2024-07-22,GLD,0.00971004788952901,0.00306579200372048,False,False,7.0
2024-07-22,XSOE,0.008278142812097137,-0.059826403465191635,False,False,6.0
2024-08-05,QQQM,0.01894800576599759,0.10431538643369498,False,False,10.0
2024-08-05,SOXX,0.037037636714821756,0.1575112171118478,True,False,10.0
2024-08-05,IWM,0.019940204189423272,0.06429279498758134,False,False,10.0
2024-08-05,FEZ,0.023307002974355267,0.08277434154389907,False,True,10.0
2024-08-05,XLE,0.02286835951132727,0.053557037655231454,False,False,10.0
2024-08-05,XLB,0.012403490451057441,0.03373873165757568,False,False,8.0
2024-08-05,XLI,0.021090187967351674,0.05920409642847657,False,False,10.0
2024-08-05,XLF,0.018330472204506214,0.07761998512642343,False,False,9.0
2024-08-05,XLV,0.009238391021842977,0.04747018864840502,False,False,7.0
2024-08-05,XLP,0.011058734857117856,0.03963983445421615,False,False,8.0
2024-08-05,XLU,0.01958364862758537,0.036949982487921584,False,False,10.0
2024-08-05,XLRE,0.01997229424913099,0.03591632381565124,False,False,10.0
2024-08-05,TLT,0.010388772261233664,-0.009210423738904905,False,False,8.0
2024-08-05,IEF,0.010793451353460135,-0.005931866478422143,False,False,8.0
2024-08-05,GLD,0.013884986546212348,0.041037419355192783,False,False,9.0
2024-08-05,XSOE,0.019922520179735642,0.08142318329349574,False,False,10.0
2024-08-19,QQQM,0.008709234852075996,-0.04033935728316007,False,False,6.0
2024-08-19,SOXX,0.008933086114218551,-0.09210749277403874,True,False,6.0
2024-08-19,IWM,0.008773123969292713,-0.008596712526814265,False,True,6.0
2024-08-19,FEZ,0.006973997381829406,-0.0015481539526556176,False,False,5.0
2024-08-19,XLE,0.007461390521913694,-0.02272716322410606,False,False,5.0
2024-08-19,XLB,0.005647762199584211,0.01252754493910846,False,False,4.0
2024-08-19,XLI,0.006704776083598379,0.006340984181232301,False,False,5.0
2024-08-19,XLF,0.006291641999099949,0.031583985570183826,False,False,4.0
2024-08-19,XLV,0.005647762199584211,0.020155840156045546,False,False,4.0
2024-08-19,XLP,0.005647762199584211,0.028595998912831266,False,False,4.0
2024-08-19,XLU,0.005647762199584211,0.01668228341286082,False,False,4.0
2024-08-19,XLRE,0.005647762199584211,0.036570836435364074,False,False,4.0
2024-08-19,TLT,0.005647762199584211,0.0018194522671162172,False,False,4.0
2024-08-19,IEF,0.005647762199584211,0.005245992302445268,False,False,4.0
2024-08-19,GLD,0.005647762199584211,-0.0056992673923413895,False,False,4.0
2024-08-19,XSOE,0.007372182272843488,-0.03321728593359996,False,False,5.0
2024-09-03,QQQM,0.0014269873136286808,0.025357716684570875,False,False,2.0
2024-09-03,SOXX,-0.005636768500076375,0.03114764759887656,False,False,1.0
2024-09-03,IWM,0.0013528566945227227,0.02840416027956416,False,False,2.0
2024-09-03,FEZ,0.0016018585714702783,0.0005815066242815803,False,False,2.0
2024-09-03,XLE,0.0016018585714702783,-0.014268056906792448,False,False,2.0
2024-09-03,XLB,0.0016506486761787321,0.017256332164771404,False,False,2.0
2024-09-03,XLI,0.0016018585714702783,0.026526503390305267,False,False,2.0
2024-09-03,XLF,0.0017786495281988139,-0.0015419351715126872,True,False,2.0
2024-09-03,XLV,0.0016506486761787321,-0.008158128497064987,False,False,2.0
2024-09-03,XLP,0.0016506486761787326,0.004453214686726437,False,False,2.0
2024-09-03,XLU,0.0016506486761787321,0.038067860232290585,False,False,2.0
2024-09-03,XLRE,0.001650648676178732,0.030927908266508153,False,False,2.0
2024-09-03,TLT,0.0016018585714702783,0.03161096594177448,False,False,2.0
2024-09-03,IEF,0.0016506486761787326,0.015807912630216636,False,False,2.0
2024-09-03,GLD,0.0016018585714702785,0.030613588333376907,False,False,2.0
2024-09-03,XSOE,0.0016833136591194212,0.01897907079076644,False,True,2.0
2024-09-17,QQQM,0.004581577284102308,0.017751025405289722,False,False,3.0
2024-09-17,SOXX,0.0009992695174704446,0.020557435090562626,False,False,2.0
2024-09-17,IWM,0.005438928164395147,-0.0035391089052969615,False,False,4.0
2024-09-17,FEZ,0.006874857895767789,0.016965187357969258,False,False,5.0
2024-09-17,XLE,0.006923315896178936,0.03193045695373509,False,True,5.0
2024-09-17,XLB,0.0054545193861619025,0.030290245993999543,False,False,4.0
2024-09-17,XLI,0.006599930980497002,0.030236190347189273,False,False,5.0
2024-09-17,XLF,0.005579389484841989,-0.0019083840341815872,False,False,4.0
2024-09-17,XLV,0.007626801812617963,-0.01181430831832131,True,False,5.0
2024-09-17,XLP,0.006874857895767789,-0.0035995827570266536,False,False,5.0
2024-09-17,XLU,0.006874857895767789,0.03669440244219646,False,False,5.0
2024-09-17,XLRE,0.006874857895767789,-0.006417275358199248,False,False,5.0
2024-09-17,TLT,0.006874857895767789,-0.02014761719510938,False,False,5.0
2024-09-17,IEF,0.006874857895767789,-0.004880409669726471,False,False,5.0
2024-09-17,GLD,0.006874857895767789,0.034844545378214686,False,False,5.0
2024-09-17,XSOE,0.006062021805561879,0.07588569715798488,False,False,4.0
2024-10-01,QQQM,0.003945045170973414,0.019993922285681087,False,False,3.0
2024-10-01,SOXX,0.0067728084257670075,0.01441130560080972,False,False,5.0
2024-10-01,IWM,0.005060977650086522,0.02377350222464014,False,False,3.0
2024-10-01,FEZ,0.006159946617450549,-0.021942377365053667,False,False,4.0
2024-10-01,XLE,0.006271955583908011,-0.00022277286152638798,False,False,4.0
2024-10-01,XLB,0.009611635368898402,0.0020802057106896754,True,False,7.0
2024-10-01,XLI,0.008688656378951951,0.01970341314082158,False,True,6.0
2024-10-01,XLF,0.0054882241902307356,0.040372749080964,False,False,4.0
2024-10-01,XLV,0.006467441201365649,-0.0023495896586021026,False,False,5.0
2024-10-01,XLP,0.006030952513037644,-0.002780519004434545,False,False,4.0
2024-10-01,XLU,0.0060309525130376445,-0.010069991576747372,False,False,4.0
2024-10-01,XLRE,0.0060309525130376445,-0.0027027963957849677,False,False,4.0
2024-10-01,TLT,0.006030952513037644,-0.036349012005378545,False,False,4.0
2024-10-01,IEF,0.0060309525130376445,-0.020470475205858096,False,False,4.0
2024-10-01,GLD,0.0060309525130376445,0.0012621536493766516,False,False,4.0
2024-10-01,XSOE,0.00814740486998699,-0.025794980230407827,False,False,6.0
2024-10-15,QQQM,0.012297402519562253,0.018760525596382083,False,False,8.0
2024-10-15,SOXX,0.013946584385592807,0.035230348263224354,False,True,9.0
2024-10-15,IWM,0.012565980352201203,-0.005962094926053818,False,False,8.0
2024-10-15,FEZ,0.013230125203561099,-0.003121378258065355,False,False,9.0
2024-10-15,XLE,0.014012619333547806,-0.02160821645850297,True,False,9.0
2024-10-15,XLB,0.012669185184002082,-0.022939620325426513,False,False,8.0
2024-10-15,XLI,0.012607437104533145,-0.01852645655900853,False,False,8.0
2024-10-15,XLF,0.012586708728367174,0.000426377603146344,False,False,8.0
2024-10-15,XLV,0.013167103261014373,-0.02911372382094357,False,False,9.0
2024-10-15,XLP,0.01298054787552063,-0.025215237485882724,False,False,8.0
2024-10-15,XLU,0.01298054787552063,-0.016499122298220814,False,False,8.0
2024-10-15,XLRE,0.01298054787552063,-0.01061435971863478,False,False,8.0
2024-10-15,TLT,0.013021567578823594,-0.030344509029327726,False,False,9.0
2024-10-15,IEF,0.01306441493988772,-0.015283739291006904,False,False,9.0
2024-10-15,GLD,0.01298054787552063,0.04135490502874273,False,False,8.0
2024-10-15,XSOE,0.012869147612978006,0.0003081121767234407,False,False,8.0
2024-10-29,QQQM,0.011610817864589331,0.02584916879542698,False,False,8.0
2024-10-29,SOXX,0.012370092527573972,-0.052088135143206205,False,False,8.0
2024-10-29,IWM,0.011423622141219595,0.07089375954685995,False,False,8.0
2024-10-29,FEZ,0.01114245551654733,-0.057534236245766035,False,False,8.0
2024-10-29,XLE,0.012848462125866657,0.0676228840694062,True,False,8.0
2024-10-29,XLB,0.01114245551654733,-0.017741377275102388,False,False,8.0
2024-10-29,XLI,0.01109170389491906,0.046748250885994214,False,False,8.0
2024-10-29,XLF,0.01109170389491906,0.06010230371232983,False,False,8.0
2024-10-29,XLV,0.011292683873463268,-0.00795130276240752,False,False,8.0
2024-10-29,XLP,0.011091703894919062,0.002735984778492684,False,False,8.0
2024-10-29,XLU,0.01109170389491906,-0.009964808668755487,False,False,8.0
2024-10-29,XLRE,0.01109170389491906,-0.018945544019400296,False,False,8.0
2024-10-29,TLT,0.012417094161868642,-0.011561232760167739,False,True,8.0
2024-10-29,IEF,0.011292683873463268,-0.011305435620583393,False,False,8.0
2024-10-29,GLD,0.01109170389491906,-0.06263420483230941,False,False,8.0
2024-10-29,XSOE,0.010682303826912373,-0.0317021365011686,False,False,8.0
2024-11-12,QQQM,0.009288793320544272,-0.00710487894037537,False,False,7.0
2024-11-12,SOXX,0.008145982624394846,-0.034332872419114646,False,False,6.0
2024-11-12,IWM,0.008265000288121865,0.013307479892968432,False,False,6.0
2024-11-12,FEZ,0.01059643786776091,-0.011004845222252202,True,False,8.0
2024-11-12,XLE,0.009195769993496002,0.015355145099503309,False,False,7.0
2024-11-12,XLB,0.008235010301103452,0.020441374849289318,False,False,6.0
2024-11-12,XLI,0.008384394852848195,0.012327303532395861,False,False,6.0
2024-11-12,XLF,0.009642407363026398,0.028548502530270303,False,True,7.0
2024-11-12,XLV,0.009065857994694537,-0.007132333040097416,False,False,7.0
2024-11-12,XLP,0.008904423061859767,0.02480472354932295,False,False,6.0
2024-11-12,XLU,0.008995560877023261,0.056185831415024756,False,False,6.0
2024-11-12,XLRE,0.00899556087702326,0.04467218224653524,False,False,6.0
2024-11-12,TLT,0.009216784975170852,0.01886172065002989,False,False,7.0
2024-11-12,IEF,0.009129241018994724,0.011355358544448801,False,False,7.0
2024-11-12,GLD,0.00899556087702326,0.012080790916962014,False,False,6.0
2024-11-12,XSOE,0.007183128763979082,-0.007310859622251753,False,False,5.0
2024-11-26,QQQM,0.00920538276503494,0.040547827666606695,False,False,7.0
2024-11-26,SOXX,0.012554730572887038,0.016198758549285097,True,False,8.0
2024-11-26,IWM,0.008269110797687369,-0.011844362021675492,False,False,6.0
2024-11-26,FEZ,0.011788450167975783,0.047448881864119,False,True,8.0
2024-11-26,XLE,0.010012968718959058,-0.05061966261966466,False,False,7.0
2024-11-26,XLB,0.00832801138228747,-0.03942772222277946,False,False,6.0
2024-11-26,XLI,0.008583190859337324,-0.03500092980565428,False,False,6.0
2024-11-26,XLF,0.010026715486527461,-0.0265834088877408,False,False,7.0
2024-11-26,XLV,0.009545136911257206,-0.027570482646489092,False,False,7.0
2024-11-26,XLP,0.009348729290486888,-0.007503442658695514,False,False,7.0
2024-11-26,XLU,0.009348729290486888,-0.06357081022000188,False,False,7.0
2024-11-26,XLRE,0.009348729290486888,-0.04142551982846088,False,False,7.0
2024-11-26,TLT,0.009545136911257208,0.0016235470222927262,False,False,7.0
2024-11-26,IEF,0.009504888667309431,0.003926900989988935,False,False,7.0
2024-11-26,GLD,0.009566195375982915,0.032969787471664125,False,False,7.0
2024-11-26,XSOE,0.006351586201644773,0.023054874568283035,False,False,4.0
2024-12-11,QQQM,-0.009237256782841258,0.0010405642804804938,False,True,1.0
2024-12-11,SOXX,-0.008844523452794056,0.02257425302220395,True,False,1.0
2024-12-11,IWM,-0.010762456917927599,-0.048029513345358654,False,False,1.0
2024-12-11,FEZ,-0.009246230358140884,-0.01905904412172299,False,False,1.0
2024-12-11,XLE,-0.009897598341195067,-0.05664295168393618,False,False,1.0
2024-12-11,XLB,-0.010558120737398546,-0.05279296704031067,False,False,1.0
2024-12-11,XLI,-0.010474796463054822,-0.02700048007464828,False,False,1.0
2024-12-11,XLF,-0.00924794562509973,-0.009649829141292865,False,False,1.0
2024-12-11,XLV,-0.009352544474557363,-0.013422971799120664,False,False,1.0
2024-12-11,XLP,-0.009854455469783715,-0.020916060680670756,False,False,1.0
2024-12-11,XLU,-0.009854455469783715,-0.00898978651671467,False,False,1.0
2024-12-11,XLRE,-0.009854455469783715,-0.040206018400227306,False,False,1.0
2024-12-11,TLT,-0.009730999413037072,-0.04380251647846345,False,False,1.0
2024-12-11,IEF,-0.009767196462095664,-0.019743865499618596,False,False,1.0
2024-12-11,GLD,-0.009854455469783715,-0.03143926991779311,False,False,1.0
2024-12-11,XSOE,-0.011759826649877913,-0.02736743857648616,False,False,1.0
2024-12-26,QQQM,-0.004682053861709698,-0.04540452234912351,True,False,1.0
2024-12-26,SOXX,-0.006107675675627319,-0.02684206636205344,False,True,1.0
2024-12-26,IWM,-0.0082569126467569,-0.03735366195773204,False,False,1.0
2024-12-26,FEZ,-0.007599830338605645,-0.005739973131552056,False,False,1.0
2024-12-26,XLE,-0.008499801187814656,0.06716332072748288,False,False,1.0
2024-12-26,XLB,-0.008602159592386182,-0.0028102965325835783,False,False,1.0
2024-12-26,XLI,-0.008351577278941048,-0.010353105178718458,False,False,1.0
2024-12-26,XLF,-0.007398309994268095,-0.029525573996726173,False,False,1.0
2024-12-26,XLV,-0.007599830338605645,0.013323701156478185,False,False,1.0
2024-12-26,XLP,-0.007599830338605645,-0.04040664391687376,False,False,1.0
2024-12-26,XLU,-0.007599830338605645,-0.02096987509337589,False,False,1.0
2024-12-26,XLRE,-0.007599830338605645,-0.02911667299431764,False,False,1.0
2024-12-26,TLT,-0.007599830338605645,-0.027214838116419338,False,False,1.0
2024-12-26,IEF,-0.007599830338605645,-0.012456868474698068,False,False,1.0
2024-12-26,GLD,-0.007599830338605645,0.010984482200570023,False,False,1.0
2024-12-26,XSOE,-0.010399827397407628,-0.03960563361453151,False,False,1.0
2025-01-13,QQQM,0.01835821198314273,0.032045752872026156,False,False,9.0
2025-01-13,SOXX,0.024740993833846054,-0.018526190075793814,False,True,10.0
2025-01-13,IWM,0.018018318429091754,0.0437283481321864,False,False,9.0
2025-01-13,FEZ,0.0183726027326355,0.07051541258694183,False,False,9.0
2025-01-13,XLE,0.025398578604307602,-0.008310217168987277,True,False,10.0
2025-01-13,XLB,0.019570940963262416,0.04227343259734684,False,False,10.0
2025-01-13,XLI,0.017023372000963967,0.04056602040179813,False,False,9.0
2025-01-13,XLF,0.018726477922995095,0.07679405811795337,False,False,10.0
2025-01-13,XLV,0.018659212278875063,0.03576982600012846,False,False,10.0
2025-01-13,XLP,0.01795926422903294,0.029946524730184665,False,False,9.0
2025-01-13,XLU,0.018305332577374614,0.025167527298773473,False,False,9.0
2025-01-13,XLRE,0.01945071226723082,0.04460669983681553,False,False,10.0
2025-01-13,TLT,0.01795926422903294,0.03230716865894134,False,False,9.0
2025-01-13,IEF,0.017917116185864158,0.0209500135146512,False,False,9.0
2025-01-13,GLD,0.018464986371001763,0.03841453150321428,False,False,9.0
2025-01-13,XSOE,0.016779469881407612,0.02826379692623293,False,False,9.0
2025-01-28,QQQM,-0.000505136276097517,0.012057174312678276,False,False,2.0
2025-01-28,SOXX,0.006393418943536159,0.029976516640819018,False,True,5.0
2025-01-28,IWM,0.0023402135736899886,-0.004630543588671321,False,False,2.0
2025-01-28,FEZ,0.0028712762224643116,0.02966104274328174,False,False,2.0
2025-01-28,XLE,0.0076733338563003285,0.01944133283928684,True,False,6.0
2025-01-28,XLB,0.002543828744785367,0.0056332107533567655,False,False,2.0
2025-01-28,XLI,0.004807786387128419,0.0025315869143871517,False,False,3.0
2025-01-28,XLF,0.002422423326827566,0.004286859565211243,False,False,2.0
2025-01-28,XLV,0.0036537879788359445,-0.0033444269152620443,False,False,3.0
2025-01-28,XLP,0.0028777444139569176,0.02348904827923115,False,False,2.0
2025-01-28,XLU,0.0033981863456025076,0.03669360923005627,False,False,3.0
2025-01-28,XLRE,0.0033981863456025076,0.019541628417471868,False,False,3.0
2025-01-28,TLT,0.0034397200885704932,0.006299137360561202,False,False,3.0
2025-01-28,IEF,0.0027781883010415094,0.001036678164769711,False,False,2.0
2025-01-28,GLD,0.0028712762224643116,0.0478486649545824,False,False,2.0
2025-01-28,XSOE,0.0019981747307869146,0.021269619404074014,False,False,2.0
2025-02-11,QQQM,0.008082368926597396,-0.02539101720726189,False,False,6.0
2025-02-11,SOXX,0.01502918274379797,-0.008913170599576747,True,False,9.0
2025-02-11,IWM,0.008354446614762635,-0.044395340472929035,False,False,6.0
2025-02-11,FEZ,0.008190021655937563,0.029367655392050107,False,False,6.0
2025-02-11,XLE,0.009704909446071271,-0.023125758868578372,False,False,7.0
2025-02-11,XLB,0.010075158351336037,-0.007282222394879523,False,False,7.0
2025-02-11,XLI,0.011003307917027508,-0.026044311217363725,False,True,8.0
2025-02-11,XLF,0.008738452735139388,-0.01338769707993559,False,False,6.0
2025-02-11,XLV,0.008712838264209133,0.012257793933815098,False,False,6.0
2025-02-11,XLP,0.008660606534418393,0.01724351989609274,False,False,6.0
2025-02-11,XLU,0.009235828002470352,0.005164363079917855,False,False,7.0
2025-02-11,XLRE,0.008942260317817908,0.00946519177266536,False,False,6.0
2025-02-11,TLT,0.008712838264209133,0.03991822205047657,False,False,6.0
2025-02-11,IEF,0.008638140812242895,0.021856259853765048,False,False,6.0
2025-02-11,GLD,0.00876352954451077,0.006133303567882331,False,False,6.0
2025-02-11,XSOE,0.008939921041378075,0.011214375949383237,False,False,6.0
2025-02-26,QQQM,0.0043669537140966835,-0.07315454167731184,False,False,3.0
2025-02-26,SOXX,0.0025442568340167094,-0.10030288573286161,False,False,2.0
2025-02-26,IWM,0.0025593085237123536,-0.06759991528548193,False,False,2.0
2025-02-26,FEZ,0.0018517409163593815,0.01399241727523548,False,False,2.0
2025-02-26,XLE,0.0010356013319538628,-0.015146391291430361,False,False,2.0
2025-02-26,XLB,0.006906970405188775,-0.04153033244434434,True,False,5.0
2025-02-26,XLI,0.004449354082343744,-0.03622222680406195,False,False,3.0
2025-02-26,XLF,0.003071589185777392,-0.06234026090702538,False,False,2.0
2025-02-26,XLV,0.0019315207443680563,-0.021783202985335537,False,False,2.0
2025-02-26,XLP,0.0018517409163593815,-0.028048909970991742,False,False,2.0
2025-02-26,XLU,0.0018517409163593815,-0.03295744944412682,False,False,2.0
2025-02-26,XLRE,0.0018517409163593815,-0.02789485609418474,False,False,2.0
2025-02-26,TLT,0.0019315207443680567,-0.019760376405278723,False,False,2.0
2025-02-26,IEF,0.0018517409163593815,-0.002178718750448172,False,False,2.0
2025-02-26,GLD,0.0018517409163593815,0.004832129498075766,False,False,2.0
2025-02-26,XSOE,0.0053045004180054655,-0.013307923548303124,False,True,4.0
2025-03-12,QQQM,0.01914982847048057,0.017113592560404234,False,True,10.0
2025-03-12,SOXX,0.030550766340066645,0.01348290911938066,True,False,10.0
2025-03-12,IWM,0.013373322754383018,0.02462106823768928,False,False,9.0
2025-03-12,FEZ,0.012266149067750339,-0.006011149736348975,False,False,8.0
2025-03-12,XLE,0.013631224392754226,0.07668495605729331,False,False,9.0
2025-03-12,XLB,0.013982511797448829,0.025470326648237895,False,False,9.0
2025-03-12,XLI,0.014100750294779956,0.029977532969860388,False,False,9.0
2025-03-12,XLF,0.01393981803425004,0.05836047723075044,False,False,9.0
2025-03-12,XLV,0.01026169501504405,0.004840882782084499,False,False,7.0
2025-03-12,XLP,0.012007371486932476,0.007819891550388425,False,False,8.0
2025-03-12,XLU,0.01292817036506068,0.010490756861954997,False,False,8.0
2025-03-12,XLRE,0.012405910340756,0.007856617100296281,False,False,8.0
2025-03-12,TLT,0.011313733173819932,-0.00767863736888208,False,False,8.0
2025-03-12,IEF,0.010114008537701684,-0.00021175676988094416,False,False,7.0
2025-03-12,GLD,0.011283145057589141,0.029260548422344046,False,False,8.0
2025-03-12,XSOE,0.015157566474094535,0.007064954746390351,False,False,9.0
2025-03-26,QQQM,-0.038684147343989686,-0.039614819278166236,False,False,1.0
2025-03-26,SOXX,-0.03933575882630948,-0.07482247743632109,False,False,1.0
2025-03-26,IWM,-0.03658003401866485,-0.0773869717809953,False,False,1.0
2025-03-26,FEZ,-0.03399091616653178,-0.04934924793929418,False,False,1.0
2025-03-26,XLE,-0.02891451958399266,-0.12177433500114088,False,False,1.0
2025-03-26,XLB,-0.006704839219677179,-0.06829728568456006,True,False,1.0
2025-03-26,XLI,-0.025806242995323296,-0.05119752016018608,False,False,1.0
2025-03-26,XLF,-0.030640574336760394,-0.06066030447509596,False,False,1.0
2025-03-26,XLV,-0.01157131774589493,-0.04131549391375999,False,False,1.0
2025-03-26,XLP,-0.010957256304849866,-0.007384336775714484,False,False,1.0
2025-03-26,XLU,-0.0256734597143991,-0.01885577499285096,False,False,1.0
2025-03-26,XLRE,-0.029748223287602706,-0.05586314018207705,False,False,1.0
2025-03-26,TLT,-0.011444035627673868,0.00021779053634296552,False,False,1.0
2025-03-26,IEF,-0.009457763640004894,0.0055355076485053,False,True,1.0
2025-03-26,GLD,-0.009508785064669683,0.025661353144898813,False,False,1.0
2025-03-26,XSOE,-0.027463744645469683,-0.07174754820962004,False,False,1.0
2025-04-09,QQQM,0.03205179830483206,0.004490402973511776,False,False,10.0
2025-04-09,SOXX,0.03364110617475589,-0.0032129471058541803,True,False,10.0
2025-04-09,IWM,0.03267431301712405,0.023091476767070906,False,False,10.0
2025-04-09,FEZ,0.03287252352309822,0.06598220042797043,False,False,10.0
2025-04-09,XLE,0.03303684075373117,0.0021854878789924204,False,True,10.0
2025-04-09,XLB,0.03235377523478979,0.0307082638076972,False,False,10.0
2025-04-09,XLI,0.03248757786022813,0.01782901216215671,False,False,10.0
2025-04-09,XLF,0.03233416244327827,0.021596400854996922,False,False,10.0
2025-04-09,XLV,0.026929703910236063,-0.009873072065230692,False,False,10.0
2025-04-09,XLP,0.02613690543632192,0.021939348849284057,False,False,10.0
2025-04-09,XLU,0.03086129436685687,0.03264445002044569,False,False,10.0
2025-04-09,XLRE,0.03278547359614474,0.03519512558981064,False,False,10.0
2025-04-09,TLT,0.015855066438111957,-0.007089040505302013,False,False,9.0
2025-04-09,IEF,0.010705345593879206,0.0023247746177450512,False,False,8.0
2025-04-09,GLD,0.017971198909504573,0.07950803158309427,False,False,9.0
2025-04-09,XSOE,0.03223601612108402,0.06080380936394891,False,False,10.0
2025-04-24,QQQM,0.039082438339857355,0.044962986084555956,False,False,10.0
2025-04-24,SOXX,0.08699227840184609,0.04758770994701367,True,False,10.0
2025-04-24,IWM,0.03912364306369535,0.036689745254958606,False,False,10.0
2025-04-24,FEZ,0.037972177109743,0.021227309368443636,False,False,10.0
2025-04-24,XLE,0.03964048892577049,-0.011267207476738927,False,False,10.0
2025-04-24,XLB,0.04053101627779297,0.013214792102604234,False,True,10.0
2025-04-24,XLI,0.03860964861737292,0.054100127238791984,False,False,10.0
2025-04-24,XLF,0.03975700960565631,0.03336797549590664,False,False,10.0
2025-04-24,XLV,0.03273274635158116,-0.02365527009047641,False,False,10.0
2025-04-24,XLP,0.013412438388571613,0.004071388293925837,False,False,9.0
2025-04-24,XLU,0.024724672630712406,0.02103254134794641,False,False,10.0
2025-04-24,XLRE,0.03826686534047493,0.018970167901691815,False,False,10.0
2025-04-24,TLT,0.013431121991581947,-0.011334831151721625,False,False,9.0
2025-04-24,IEF,0.010834870203588006,-0.0027606070904981905,False,False,8.0
2025-04-24,GLD,0.02018006803449919,-0.011166301034251314,False,False,10.0
2025-04-24,XSOE,0.0380085662099211,0.02752593188562047,False,False,10.0
2025-05-08,QQQM,0.04117352566253934,0.05292754327808358,False,True,10.0
2025-05-08,SOXX,0.059378627193895216,0.07306768626832594,True,False,10.0
2025-05-08,IWM,0.033408469234620264,0.010040713842037752,False,False,10.0
2025-05-08,FEZ,0.032146623156428106,0.038602525027796375,False,False,10.0
2025-05-08,XLE,0.034471224877412526,0.0014704789042012667,False,False,10.0
2025-05-08,XLB,0.03235179524617661,0.01814093447637588,False,False,10.0
2025-05-08,XLI,0.032080149563924625,0.03889697132873682,False,False,10.0
2025-05-08,XLF,0.03150422611298812,0.007420788530018818,False,False,10.0
2025-05-08,XLV,0.019318113691465192,-0.026763100675993967,False,False,10.0
2025-05-08,XLP,0.013096798591963645,-0.000982918731188942,False,False,9.0
2025-05-08,XLU,0.013248956443873434,0.0,False,False,9.0
2025-05-08,XLRE,0.02474769353969081,-0.017649825868170432,False,False,10.0
2025-05-08,TLT,0.01292994087377185,-0.028877157338253245,False,False,8.0
2025-05-08,IEF,0.009925531096273818,-0.008273011145016773,False,False,7.0
2025-05-08,GLD,0.020475991293622556,-0.004989723621725117,False,False,10.0
2025-05-08,XSOE,0.028858072014964157,0.03498274582888894,False,False,10.0
2025-05-22,QQQM,0.013309831779414909,0.030660858386493572,True,False,9.0
2025-05-22,SOXX,0.008036905271206839,0.056330521095887764,False,True,6.0
2025-05-22,IWM,0.005053866668960764,0.042814953104073794,False,False,3.0
2025-05-22,FEZ,0.003677231775998588,0.011436279015331063,False,False,3.0
2025-05-22,XLE,0.0033270528810155765,0.020555312307374507,False,False,2.0
2025-05-22,XLB,0.0031956686166916613,0.02224287489580834,False,False,2.0
2025-05-22,XLI,0.003362071010007894,0.025762489595706706,False,False,2.0
2025-05-22,XLF,0.0036788367764944985,0.020903825254765307,False,False,3.0
2025-05-22,XLV,0.003012738682000596,0.02933741383579025,False,False,2.0
2025-05-22,XLP,0.0035854050894483487,0.004797074522552736,False,False,3.0
2025-05-22,XLU,0.0035854050894483496,0.013607983907889087,False,False,3.0
2025-05-22,XLRE,0.003677231775998588,0.030765423677652004,False,False,3.0
2025-05-22,TLT,0.0035854050894483496,0.014900388445408197,False,False,3.0
2025-05-22,IEF,0.0035854050894483496,0.0033960331370093133,False,False,3.0
2025-05-22,GLD,0.0037887968456002436,0.006829228412973176,False,False,3.0
2025-05-22,XSOE,0.003402989265626942,0.01857480279869872,False,False,3.0
2025-06-06,QQQM,0.008685523718982176,0.004397403641668296,False,False,6.0
2025-06-06,SOXX,0.009524427482654531,0.044475054407654424,False,True,7.0
2025-06-06,IWM,0.0063693494181382955,0.0021499406300329316,False,False,4.0
2025-06-06,FEZ,0.00519308989840763,-0.017445906681756496,False,False,4.0
2025-06-06,XLE,0.012994414244887134,0.03980156317540762,True,False,9.0
2025-06-06,XLB,0.005143488142742577,-0.004523948686716239,False,False,4.0
2025-06-06,XLI,0.005193007803781944,-0.004361724135201528,False,False,4.0
2025-06-06,XLF,0.005194479900181464,-0.005574014403156746,False,False,4.0
2025-06-06,XLV,0.0049204250521364245,-0.01182539614363165,False,False,3.0
2025-06-06,XLP,0.00519308989840763,0.0032854811133640194,False,False,4.0
2025-06-06,XLU,0.00519308989840763,0.007563289040131593,False,False,4.0
2025-06-06,XLRE,0.00519308989840763,0.01338277577789282,False,False,4.0
2025-06-06,TLT,0.00519308989840763,0.01663731923656031,False,False,4.0
2025-06-06,IEF,0.00519308989840763,0.015185606200418533,False,False,4.0
2025-06-06,GLD,0.005519080963439266,0.019332833206901823,False,False,4.0
2025-06-06,XSOE,0.004200270815410723,0.0011959035926694117,False,False,3.0
2025-06-23,QQQM,0.009819878575620996,0.039076812529341254,False,False,7.0
2025-06-23,SOXX,0.01462607236649824,0.07430136053256953,False,True,9.0
2025-06-23,IWM,0.010009971033165345,0.04476556420467159,False,False,7.0
2025-06-23,FEZ,0.00945851798404977,0.03930367324585471,False,False,7.0
2025-06-23,XLE,0.01505629563830703,0.02882715676259351,True,False,9.0
2025-06-23,XLB,0.00945851798404977,0.04934427648907014,False,False,7.0
2025-06-23,XLI,0.00945851798404977,0.03475615566699308,False,False,7.0
2025-06-23,XLF,0.009528557502186157,0.027351446327059215,False,False,7.0
2025-06-23,XLV,0.009790021129122597,0.021262119008424785,False,False,7.0
2025-06-23,XLP,0.009422564270859267,-0.0006142752876098223,False,False,7.0
2025-06-23,XLU,0.009422564270859265,-0.0012309592031430894,False,False,7.0
2025-06-23,XLRE,0.009422564270859265,-0.015216587481140298,False,False,7.0
2025-06-23,TLT,0.009462342516136587,-0.004829658545659976,False,False,7.0
2025-06-23,IEF,0.009422564270859265,-0.0032724207779200043,False,False,7.0
2025-06-23,GLD,0.009539130166357674,-0.022245027674092088,False,False,7.0
2025-06-23,XSOE,0.009169966022902574,0.0361931786730838,False,False,7.0
2025-07-08,QQQM,0.008910881449118644,0.016274373415004595,False,False,6.0
2025-07-08,SOXX,0.009086923100314693,0.0008218750557140719,False,True,7.0
2025-07-08,IWM,0.0058247310896449,0.009129881927041117,False,False,4.0
2025-07-08,FEZ,0.005263850135371427,-0.014098544331876406,False,False,4.0
2025-07-08,XLE,0.005364991222578641,-0.034346465736685206,False,False,4.0
2025-07-08,XLB,0.009849922142652243,0.007673005148517431,True,False,7.0
2025-07-08,XLI,0.006298567959267042,0.014510109005175797,False,False,4.0
2025-07-08,XLF,0.005264675135180692,0.009002115914605646,False,False,4.0
2025-07-08,XLV,0.005263850135371427,-0.010669056790596043,False,False,4.0
2025-07-08,XLP,0.005263850135371427,0.003319048301092531,False,False,4.0
2025-07-08,XLU,0.005263850135371427,0.04818845212590084,False,False,4.0
2025-07-08,XLRE,0.005263850135371427,0.03162740136355158,False,False,4.0
2025-07-08,TLT,0.0052638501353714255,0.005695868548092342,False,False,4.0
2025-07-08,IEF,0.005263850135371427,0.007209564698692716,False,False,4.0
2025-07-08,GLD,0.005263850135371426,0.039255662472539754,False,False,4.0
2025-07-08,XSOE,0.007392576659359268,0.018529300458683284,False,False,5.0
2025-07-22,QQQM,0.005659065279798105,-0.0019475341908670174,False,False,4.0
2025-07-22,SOXX,0.006669038655521816,-0.019750347858134898,False,False,5.0
2025-07-22,IWM,0.005456038007842082,-0.010838839263796363,False,False,4.0
2025-07-22,FEZ,0.005140859940270689,-0.023721380494069577,False,False,3.0
2025-07-22,XLE,0.004943013448394385,0.00046805102998837,False,False,3.0
2025-07-22,XLB,0.009804806412489622,-0.037419936438424006,True,False,7.0
2025-07-22,XLI,0.00826810194053454,-0.001390498475333346,False,True,6.0
2025-07-22,XLF,0.005141389940003658,-0.018602938278272196,False,False,3.0
2025-07-22,XLV,0.005140859940270689,-0.007713468514556787,False,False,3.0
2025-07-22,XLP,0.005140859940270687,-0.014089673013720216,False,False,3.0
2025-07-22,XLU,0.005140859940270687,0.01575520979806999,False,False,3.0
2025-07-22,XLRE,0.005140859940270687,-0.022232647785827342,False,False,3.0
2025-07-22,TLT,0.005140859940270687,0.024822869298392947,False,False,3.0
2025-07-22,IEF,0.005140859940270687,0.011081622278203085,False,False,3.0
2025-07-22,GLD,0.005140859940270687,-0.015627973255364358,False,False,3.0
2025-07-22,XSOE,0.007581514279547898,-0.00994875179884358,False,False,5.0
2025-08-05,QQQM,9.016330843188265e-05,0.016305234413847236,False,False,2.0
2025-08-05,SOXX,0.00021012993885124307,0.026892311379223433,False,False,2.0
2025-08-05,IWM,0.00015562388682871723,0.024269794789373966,False,False,2.0
2025-08-05,FEZ,0.00011464788033358517,0.04721685480817994,False,False,2.0
2025-08-05,XLE,0.0002557605240776973,-0.005028665639000174,False,True,2.0
2025-08-05,XLB,0.00011464788033358526,0.01762918205300723,False,False,2.0
2025-08-05,XLI,0.00011464788033358526,0.0036470576299054702,False,False,2.0
2025-08-05,XLF,0.00020939287476356747,0.017408106978888283,False,False,2.0
2025-08-05,XLV,0.0005045166195823145,0.03215072357260418,True,False,2.0
2025-08-05,XLP,0.00011464788033358526,0.028333391147698395,False,False,2.0
2025-08-05,XLU,0.00011464788033358542,-0.0035882004414081736,False,False,2.0
2025-08-05,XLRE,0.00011464788033358526,-0.002632859522516906,False,False,2.0
2025-08-05,TLT,0.00011464788033358526,-0.019019878693529058,False,False,2.0
2025-08-05,IEF,0.0001146478803335851,-0.0037600773837428436,False,False,2.0
2025-08-05,GLD,0.00011464788033358503,-0.018929215127640564,False,False,2.0
2025-08-05,XSOE,4.708462901615221e-05,0.02038451947111053,False,False,2.0
2025-08-19,QQQM,0.0024797853007711137,0.0011520036979286719,False,False,2.0
2025-08-19,SOXX,0.002473550517373811,-0.014154557338110552,False,False,2.0
2025-08-19,IWM,0.00256630136927808,0.03297821557929037,False,False,2.0
2025-08-19,FEZ,0.0029493888941621257,-0.0240249435204134,False,True,2.0
2025-08-19,XLE,0.0029493888941621257,0.04007997686836551,False,False,2.0
2025-08-19,XLB,0.002581695603007519,0.010216642334960335,False,False,2.0
2025-08-19,XLI,0.0025600665858807777,-0.010306519262729852,False,False,2.0
2025-08-19,XLF,0.0026482817671470735,0.017110323566105867,False,False,2.0
2025-08-19,XLV,0.0031440500483028,0.0010969653576682337,True,False,2.0
2025-08-19,XLP,0.0029493888941621257,-0.026102690005505247,False,False,2.0
2025-08-19,XLU,0.0029493888941621257,-0.026138562843669222,False,False,2.0
2025-08-19,XLRE,0.0029493888941621257,-0.0045596972500426824,False,False,2.0
2025-08-19,TLT,0.0029493888941621257,0.0028750247846964783,False,False,2.0
2025-08-19,IEF,0.0029493888941621257,0.008535557477199696,False,False,2.0
2025-08-19,GLD,0.0029493888941621257,0.07491737300695278,False,False,2.0
2025-08-19,XSOE,0.002586098496338394,0.004220593128045902,False,False,2.0
2025-09-03,QQQM,0.0038737190508582623,0.035204410237760664,False,False,3.0
2025-09-03,SOXX,0.003860582159253689,0.07196983224099962,False,False,3.0
2025-09-03,IWM,0.003973307444197848,0.02523907923377733,False,False,3.0
2025-09-03,FEZ,0.004408318322621415,0.02174998390071603,False,False,3.0
2025-09-03,XLE,0.004408318322621415,0.016951075281579353,False,False,3.0
2025-09-03,XLB,0.003985067650928172,-0.0010993739614378883,False,False,3.0
2025-09-03,XLI,0.003960170552593276,0.008945170438512395,False,False,3.0
2025-09-03,XLF,0.0040746868476609,0.010841189438237864,False,False,3.0
2025-09-03,XLV,0.004671465442070774,0.002118044885133674,True,False,3.0
2025-09-03,XLP,0.004447391557056704,-0.0043429507683132584,False,True,3.0
2025-09-03,XLU,0.004408318322621415,0.006202906040010392,False,False,3.0
2025-09-03,XLRE,0.004447391557056704,0.013259508197111192,False,False,3.0
2025-09-03,TLT,0.004447391557056704,0.04100745707347464,False,False,3.0
2025-09-03,IEF,0.004408318322621415,0.011576994757227732,False,False,3.0
2025-09-03,GLD,0.004408318322621415,0.026909203931516634,False,False,3.0
2025-09-03,XSOE,0.004228364534790348,0.06724567342160026,False,False,3.0
2025-09-17,QQQM,0.004938699169337065,0.023649585908579684,False,False,3.0
2025-09-17,SOXX,0.00504235253571456,0.06888948692386276,False,False,3.0
2025-09-17,IWM,0.004578583664585017,0.015069718532380927,False,False,3.0
2025-09-17,FEZ,0.005047695090852932,0.038691498732783325,False,True,3.0
2025-09-17,XLE,0.005047695090852932,0.0012488259200484908,False,False,3.0
2025-09-17,XLB,0.004648950378525204,-0.01946915334457744,False,False,3.0
2025-09-17,XLI,0.004625494807211809,0.021803787083878312,False,False,3.0
2025-09-17,XLF,0.0046030792368139395,-0.00950909685069723,False,False,3.0
2025-09-17,XLV,0.00545863702886475,0.05048200853031526,True,False,4.0
2025-09-17,XLP,0.005047695090852932,-0.01810864778248633,False,False,3.0
2025-09-17,XLU,0.005047695090852932,0.050891532463726685,False,False,3.0
2025-09-17,XLRE,0.005047695090852932,0.01002995108302751,False,False,3.0
2025-09-17,TLT,0.005047695090852932,-0.0057612290996884585,False,False,3.0
2025-09-17,IEF,0.005047695090852932,-0.002113580681606275,False,False,3.0
2025-09-17,GLD,0.005047695090852932,0.05656289132429371,False,False,3.0
2025-09-17,XSOE,0.0046501680006413365,0.009906846496451127,False,False,3.0
2025-10-01,QQQM,0.014331240784682748,-0.0018120801519336815,True,False,9.0
2025-10-01,SOXX,0.010508202109376405,0.04089169569768836,False,True,8.0
2025-10-01,IWM,0.007711077517108329,0.03233123124929915,False,False,6.0
2025-10-01,FEZ,0.006840764971483421,-0.01113224592358264,False,False,5.0
2025-10-01,XLE,0.006089990377127743,-0.033803459329405317,False,False,4.0
2025-10-01,XLB,0.006622526817687396,0.00033828295939697384,False,False,5.0
2025-10-01,XLI,0.006544068098104781,-0.007802306215324517,False,False,5.0
2025-10-01,XLF,0.006842069971073341,-0.0028094304060110042,False,False,5.0
2025-10-01,XLV,0.006840764971483421,-0.006342782803585023,False,False,5.0
2025-10-01,XLP,0.007084633286413352,0.01252397844962494,False,False,5.0
2025-10-01,XLU,0.006840764971483421,0.05508237283739126,False,False,5.0
2025-10-01,XLRE,0.006840764971483421,-0.005459340744330965,False,False,5.0
2025-10-01,TLT,0.006840764971483421,0.015343390735793161,False,False,5.0
2025-10-01,IEF,0.006840764971483421,0.006321784408809483,False,False,5.0
2025-10-01,GLD,0.006840764971483421,0.08808250983530375,False,False,5.0
2025-10-01,XSOE,0.0065322405599472005,0.0036581624605438456,False,False,5.0
2025-10-15,QQQM,0.010881480312436728,0.05611586630316845,True,False,8.0
2025-10-15,SOXX,0.01040660920415222,0.07634550780479255,False,True,8.0
2025-10-15,IWM,0.0073387939228644625,-0.013941684108127239,False,False,5.0
2025-10-15,FEZ,0.007330997359577401,0.018172995833700467,False,False,5.0
2025-10-15,XLE,0.0066146408714473194,0.019578384975723173,False,False,5.0
2025-10-15,XLB,0.006804834300324656,-0.015443583024914331,False,False,5.0
2025-10-15,XLI,0.006773883532133317,0.016251512077607888,False,False,5.0
2025-10-15,XLF,0.006743872763760781,-0.021600301874509897,False,False,5.0
2025-10-15,XLV,0.007609554273299443,0.009960729259547385,False,False,5.0
2025-10-15,XLP,0.007330997359577401,-0.03344696693813509,False,False,5.0
2025-10-15,XLU,0.007330997359577401,-0.030139918084705508,False,False,5.0
2025-10-15,XLRE,0.007330997359577401,-0.02983288681895735,False,False,5.0
2025-10-15,TLT,0.007330997359577401,0.004742965304867175,False,False,5.0
2025-10-15,IEF,0.007330997359577401,-0.0015447621581385906,False,False,5.0
2025-10-15,GLD,0.007330997359577401,-0.06295984337792448,False,False,5.0
2025-10-15,XSOE,0.007549889161368224,0.03957314871940998,False,False,5.0
2025-10-29,QQQM,0.012743290948189427,-0.023224759721571342,True,False,8.0
2025-10-29,SOXX,0.00999169410160451,-0.032073737072576436,False,True,7.0
2025-10-29,IWM,0.005579814066540566,-0.012963854632282334,False,False,4.0
2025-10-29,FEZ,0.004570079123883405,0.0142157098478084,False,False,3.0
2025-10-29,XLE,0.0034160963322752203,0.025451651841533085,False,False,3.0
2025-10-29,XLB,0.005744647955877227,0.009274125549125323,False,False,4.0
2025-10-29,XLI,0.004414262974844172,-0.004449324507402208,False,False,3.0
2025-10-29,XLF,0.004571719124226727,0.030332136827845968,False,False,3.0
2025-10-29,XLV,0.003993087728079312,0.061397504397396885,False,False,3.0
2025-10-29,XLP,0.004827150646906205,0.009663156267669004,False,False,3.0
2025-10-29,XLU,0.004570079123883405,-0.0019979198601481896,False,False,3.0
2025-10-29,XLRE,0.004570079123883405,0.017712111068409975,False,False,3.0
2025-10-29,TLT,0.004570079123883405,-0.007074757793886666,False,False,3.0
2025-10-29,IEF,0.004570079123883405,0.0024245169067453887,False,False,3.0
2025-10-29,GLD,0.004680020095162441,0.06333330643078505,False,False,3.0
2025-10-29,XSOE,0.005498716778264399,-0.018657747090927268,False,False,4.0
2025-11-12,QQQM,0.005161835238846409,-0.010910780505479556,True,False,4.0
2025-11-12,SOXX,0.004961395142923785,-0.027630314546932877,False,True,3.0
2025-11-12,IWM,0.004093996346878044,0.015022262600566272,False,False,3.0
2025-11-12,FEZ,0.0038804287134476026,-0.023049349524156937,False,False,3.0
2025-11-12,XLE,0.003680820407795392,-0.010747999427469401,False,False,3.0
2025-11-12,XLB,0.0042698790235147525,0.00839477529394217,False,False,3.0
2025-11-12,XLI,0.0038804287134476026,-0.010298552444297338,False,False,3.0
2025-11-12,XLF,0.003967466518318428,-0.013415299532168468,False,False,3.0
2025-11-12,XLV,0.0038804287134476026,0.036644399621573065,False,False,3.0
2025-11-12,XLP,0.0039202239229974185,0.020563793880022496,False,False,3.0
2025-11-12,XLU,0.0038804287134476026,0.0007786253312600522,False,False,3.0
2025-11-12,XLRE,0.0038804287134476035,0.0024172937178006393,False,False,3.0
2025-11-12,TLT,0.0038804287134476018,0.005770122814855672,False,False,3.0
2025-11-12,IEF,0.0038804287134476026,0.008154389164926501,False,False,3.0
2025-11-12,GLD,0.003950328055784137,-0.007435413326249307,False,False,3.0
2025-11-12,XSOE,0.00336901717159154,-0.021819504451478733,False,False,2.0
2025-11-26,QQQM,0.007975389185779579,0.01830616012846975,False,False,6.0
2025-11-26,SOXX,0.010045023900982575,0.07937793590150921,True,False,7.0
2025-11-26,IWM,0.00787396252991243,0.04245848084819359,False,False,6.0
2025-11-26,FEZ,0.008966787784287252,0.03538976584136755,False,False,6.0
2025-11-26,XLE,0.008823081241997698,0.029569946258463098,False,False,6.0
2025-11-26,XLB,0.008489683723606726,0.015187291752722931,False,False,6.0
2025-11-26,XLI,0.0077029513839039325,0.03226435864137511,False,False,6.0
2025-11-26,XLF,0.00815302128262292,0.036260578609032645,False,False,6.0
2025-11-26,XLV,0.008947022894942742,-0.03055170322757883,False,False,6.0
2025-11-26,XLP,0.009049475942957878,-0.001393983026467871,False,False,7.0
2025-11-26,XLU,0.008823081241997698,-0.043449292697306685,False,False,6.0
2025-11-26,XLRE,0.008966787784287252,-0.016156387179489307,False,False,6.0
2025-11-26,TLT,0.008966787784287255,-0.023555585311800797,False,False,6.0
2025-11-26,IEF,0.0088230812419977,-0.009565424641927667,False,False,6.0
2025-11-26,GLD,0.009120868075064648,0.026414687946767268,False,True,7.0
2025-11-26,XSOE,0.007653576321534985,0.013566320559385447,False,False,6.0
2025-12-11,QQQM,0.006490218178096401,-0.001332040028998227,False,False,5.0
2025-12-11,SOXX,0.007633501470738436,-0.025535963697680186,False,False,5.0
2025-12-11,IWM,0.006442809798040867,-0.021477452205521663,False,False,5.0
2025-12-11,FEZ,0.006129022035415354,0.004448389946256626,False,False,4.0
2025-12-11,XLE,0.0060432506194117094,-0.030096212801076105,False,False,4.0
2025-12-11,XLB,0.007742843351572259,0.027216829435575907,False,True,6.0
2025-12-11,XLI,0.009145970686916995,0.000117100235166534,True,False,7.0
2025-12-11,XLF,0.006609210948015945,0.01721144428116328,False,False,5.0
2025-12-11,XLV,0.006129022035415354,0.02040969939967674,False,False,4.0
2025-12-11,XLP,0.006370563762122547,0.0007313185178743353,False,False,4.0
2025-12-11,XLU,0.006195847906991784,0.0014055517120772354,False,False,4.0
2025-12-11,XLRE,0.006170915113107797,0.003991295384174975,False,False,4.0
2025-12-11,TLT,0.006129022035415354,-0.0012306475652211768,False,False,4.0
2025-12-11,IEF,0.006129022035415354,0.003140862297256408,False,False,4.0
2025-12-11,GLD,0.00640964489002257,0.05975994452139455,False,False,5.0
2025-12-11,XSOE,0.006875280463547025,0.014260310019022393,False,False,5.0
2025-12-26,QQQM,0.005502935820149785,0.005294296018939937,False,False,4.0
2025-12-26,SOXX,0.008465816642495646,0.07943408795127915,False,False,6.0
2025-12-26,IWM,0.006297745774158003,0.04009237493022799,False,False,4.0
2025-12-26,FEZ,0.005971014196246761,0.03337445846313902,False,False,4.0
2025-12-26,XLE,0.006690993182657755,0.048416204630834514,False,False,5.0
2025-12-26,XLB,0.010853567867864813,0.0522663265804022,True,False,8.0
2025-12-26,XLI,0.010061918778321187,0.03791095784485088,False,True,7.0
2025-12-26,XLF,0.006390253925887258,-0.0059330705314132315,False,False,4.0
2025-12-26,XLV,0.005971014196246761,0.008522823087517617,False,False,4.0
2025-12-26,XLP,0.005971014196246761,0.02492635375282304,False,False,4.0
2025-12-26,XLU,0.005971014196246761,-0.004674951565593277,False,False,4.0
2025-12-26,XLRE,0.005971014196246761,0.0024678995233233803,False,False,4.0
2025-12-26,TLT,0.005971014196246761,-0.0007979364099904851,False,False,4.0
2025-12-26,IEF,0.005971014196246761,-0.0026958606657376816,False,False,4.0
2025-12-26,GLD,0.006074905518140744,0.013173731536696431,False,False,4.0
2025-12-26,XSOE,0.0075797737676065605,0.05080419967234939,False,False,5.0
2026-01-12,QQQM,0.0018311980440515875,0.006234585028797479,False,False,2.0
2026-01-12,SOXX,0.007743560891874931,0.06275161010584474,False,False,6.0
2026-01-12,IWM,0.006261547786324487,0.012351810384792605,False,False,4.0
2026-01-12,FEZ,0.006652724246885964,0.021830147915014697,False,False,5.0
2026-01-12,XLE,0.016008089907101446,0.07186014785082517,True,False,9.0
2026-01-12,XLB,0.01103853731769976,0.030090659748748916,False,False,8.0
2026-01-12,XLI,0.012306624324453183,0.011583027916476363,False,True,8.0
2026-01-12,XLF,0.005771805759399713,-0.041417982818170995,False,False,4.0
2026-01-12,XLV,0.006977387308440856,-0.012263357794077945,False,False,5.0
2026-01-12,XLP,0.006652724246885965,0.037166485346605826,False,False,5.0
2026-01-12,XLU,0.006908717847864342,0.019962386955678646,False,False,5.0
2026-01-12,XLRE,0.006652724246885965,0.015509596039794626,False,False,5.0
2026-01-12,TLT,0.006652724246885965,0.001483052582152533,False,False,5.0
2026-01-12,IEF,0.006652724246885965,-0.0020794068118002995,False,False,5.0
2026-01-12,GLD,0.007593528967199227,0.12758447698056163,False,False,5.0
2026-01-12,XSOE,0.006553840797589468,0.03668605364732058,False,False,5.0
2026-01-27,QQQM,0.007877868046205813,-0.031056369022010588,False,False,6.0
2026-01-27,SOXX,0.016442934234634613,0.0009969848539579385,False,True,9.0
2026-01-27,IWM,0.006765926405948261,0.005401722429904554,False,False,5.0
2026-01-27,FEZ,0.006699201109013151,-0.002341120290705212,False,False,5.0
2026-01-27,XLE,0.016570188289393762,0.07871961528381655,True,False,9.0
2026-01-27,XLB,0.0075603761685250305,0.058623471550379724,False,False,5.0
2026-01-27,XLI,0.010679404907206768,0.053616963461194045,False,False,8.0
2026-01-27,XLF,0.0062275077708287595,0.010377348354126514,False,False,4.0
2026-01-27,XLV,0.0069796569959729516,-0.0007718799300526769,False,False,5.0
2026-01-27,XLP,0.006699201109013151,0.04797974777620362,False,False,5.0
2026-01-27,XLU,0.006699201109013151,0.01772971394771372,False,False,5.0
2026-01-27,XLRE,0.006699201109013151,0.038545397240292045,False,False,5.0
2026-01-27,TLT,0.006699201109013151,0.012171032870675225,False,False,5.0
2026-01-27,IEF,0.006699201109013151,0.00880260500698915,False,False,5.0
2026-01-27,GLD,0.011907817914809255,-0.028775492609534936,False,False,8.0
2026-01-27,XSOE,0.006107790215683012,0.004921538973744921,False,False,4.0
2026-02-10,QQQM,0.006216830962036582,0.008142038564500353,False,False,4.0
2026-02-10,SOXX,0.01716979201962744,0.047150134928774845,False,True,9.0
2026-02-10,IWM,0.009848697931444335,-0.005936405849363169,False,False,7.0
2026-02-10,FEZ,0.009847025080587603,0.01701369169436906,False,False,7.0
2026-02-10,XLE,0.01278726850539641,0.024076073011208843,False,False,8.0
2026-02-10,XLB,0.010015997740577938,0.002835026423635423,False,False,7.0
2026-02-10,XLI,0.01071337837187083,0.009717630910487829,False,False,8.0
2026-02-10,XLF,0.0076903360950962875,-0.031372534367195226,False,False,6.0
2026-02-10,XLV,0.01087320737618907,0.01609478957528676,False,False,8.0
2026-02-10,XLP,0.009804949033899646,0.021342528257958016,False,False,7.0
2026-02-10,XLU,0.009804949033899646,0.07149310090609773,False,False,7.0
2026-02-10,XLRE,0.009847025080587603,0.014005594135191979,False,False,7.0
2026-02-10,TLT,0.009804949033899646,0.01558792222026728,False,False,7.0
2026-02-10,IEF,0.009804949033899646,0.008600062199711767,False,False,7.0
2026-02-10,GLD,0.021997673845236487,0.02383222248423511,True,False,10.0
2026-02-10,XSOE,0.007696653142694984,0.04102145832233983,False,False,6.0
2026-02-25,QQQM,0.0029936288681129035,-0.014261527714674038,False,False,2.0
2026-02-25,SOXX,0.005385218391054222,-0.0704075778140496,False,False,4.0
2026-02-25,IWM,0.003998650876467088,-0.04433432207954058,False,False,3.0
2026-02-25,FEZ,0.004895807364145024,-0.07888657187682346,False,False,3.0
2026-02-25,XLE,0.009913591999654175,0.03845462857769544,True,False,7.0
2026-02-25,XLB,0.0049958996245169284,-0.06068601678738472,False,False,3.0
2026-02-25,XLI,0.0065608332594046205,-0.03479499089381277,False,True,5.0
2026-02-25,XLF,0.004199386734034912,-0.04299206959546231,False,False,3.0
2026-02-25,XLV,0.005804428223539755,-0.031552848058808314,False,False,4.0
2026-02-25,XLP,0.005239398698659071,-0.04965744403385852,False,False,4.0
2026-02-25,XLU,0.005239398698659071,-0.025126694635644098,False,False,4.0
2026-02-25,XLRE,0.005239398698659071,-0.023710797034150466,False,False,4.0
2026-02-25,TLT,0.005239398698659071,-0.027585761532811115,False,False,4.0
2026-02-25,IEF,0.005239398698659071,-0.010909628511855285,False,False,4.0
2026-02-25,GLD,0.005155613147973995,0.005956606663547914,False,False,4.0
2026-02-25,XSOE,0.0032675675780330766,-0.06494313219206149,False,False,2.0
2026-03-11,QQQM,-0.014422613936050939,-0.031566926958398134,False,False,1.0
2026-03-11,SOXX,-0.012248972030163972,0.009859086754712143,False,False,1.0
2026-03-11,IWM,-0.008830365336731226,-0.0023019480539154813,False,False,1.0
2026-03-11,FEZ,-0.007469308187891016,-0.0302964547493354,False,False,1.0
2026-03-11,XLE,0.008446694094213787,0.06994988173071226,True,False,6.0
2026-03-11,XLB,-0.0097996197008238,-0.004218858045442975,False,False,1.0
2026-03-11,XLI,-0.009656239059188557,-0.023164088363988977,False,False,1.0
2026-03-11,XLF,-0.005496660134581452,-0.0009342622885759599,False,True,1.0
2026-03-11,XLV,-0.009615251142292947,-0.03931189385647704,False,False,1.0
2026-03-11,XLP,-0.010042581300644011,-0.0309870505531471,False,False,1.0
2026-03-11,XLU,-0.014647989880172897,-0.013074215835087277,False,False,1.0
2026-03-11,XLRE,-0.011261160541076804,-0.044077614616331195,False,False,1.0
2026-03-11,TLT,-0.00942813018956788,-0.0034427253191489093,False,False,1.0
2026-03-11,IEF,-0.009970547972030628,-0.006666699954127719,False,False,1.0
2026-03-11,GLD,-0.028045210415092475,-0.1258818724146823,False,False,1.0
2026-03-11,XSOE,-0.011444902538998318,-0.02587450187359397,False,False,1.0
2026-03-25,QQQM,0.006484463963043462,0.038226283090920576,False,False,5.0
2026-03-25,SOXX,0.015819679107788594,0.09668359365258361,False,False,9.0
2026-03-25,IWM,0.013452647194866841,0.040266766714510016,False,False,9.0
2026-03-25,FEZ,0.03231157973095508,0.0635510974833271,False,True,10.0
2026-03-25,XLE,0.007427866736271037,-0.05349181981421014,False,False,5.0
2026-03-25,XLB,0.014309414117730878,0.04573969034316905,False,False,9.0
2026-03-25,XLI,0.010899700091975923,0.04294358822984967,False,False,8.0
2026-03-25,XLF,0.009274996815189077,0.04033242209366339,False,False,7.0
2026-03-25,XLV,0.009797258354697403,0.02112964258806649,False,False,7.0
2026-03-25,XLP,0.018271068338159068,0.02380071366231662,False,False,9.0
2026-03-25,XLU,0.011176528048040032,0.04198900596194788,False,False,8.0
2026-03-25,XLRE,0.009607696517521786,0.06108762133609913,False,False,7.0
2026-03-25,TLT,0.007469536189283958,0.00237697387184288,False,False,5.0
2026-03-25,IEF,0.006254006289753532,0.004069138217493773,False,False,4.0
2026-03-25,GLD,0.03476808968426693,0.05193493639868252,True,False,10.0
2026-03-25,XSOE,0.027698186959308153,0.046540172307810934,False,False,10.0
2026-04-09,QQQM,0.018062466491394327,0.06762736266413749,False,False,9.0
2026-04-09,SOXX,0.07197191450576898,0.16472544804439693,True,False,10.0
2026-04-09,IWM,0.014900021600409166,0.05176363980316556,False,False,9.0
2026-04-09,FEZ,0.014458182878368376,-0.008058438115660316,False,False,9.0
2026-04-09,XLE,0.013433217840320229,-0.006105042601393995,False,False,9.0
2026-04-09,XLB,0.012752749928975656,0.002709543716365559,False,False,8.0
2026-04-09,XLI,0.01437542375727535,0.010918234676041916,False,False,9.0
2026-04-09,XLF,0.013069897754366792,0.009156394183824856,False,False,9.0
2026-04-09,XLV,0.011954439483667999,-0.020692419166789877,False,False,8.0
2026-04-09,XLP,0.011495170312845438,0.0003595828507518828,False,False,8.0
2026-04-09,XLU,0.011664288919605983,-0.022481477675748596,False,False,8.0
2026-04-09,XLRE,0.0119293053895476,0.02878547031553813,False,False,8.0
2026-04-09,TLT,0.011345425842044862,-0.0017301105811213802,False,False,8.0
2026-04-09,IEF,0.011345425842044862,-0.0006287699855714868,False,False,8.0
2026-04-09,GLD,0.020644082950007504,-0.015688143818902933,False,False,10.0
2026-04-09,XSOE,0.02966747183056275,0.039529490233840114,False,True,10.0
2026-04-23,QQQM,0.023337380678320006,0.06673623519371619,False,True,10.0
2026-04-23,SOXX,0.12360027987580462,0.11646253912310933,True,False,10.0
2026-04-23,IWM,0.011353267799582054,0.024462906997142264,False,False,8.0
2026-04-23,FEZ,0.010718928492584498,0.019773244613573215,False,False,8.0
2026-04-23,XLE,0.009653512102394577,-0.018076449556959306,False,False,7.0
2026-04-23,XLB,0.009526495432923028,-0.007913554912476695,False,False,7.0
2026-04-23,XLI,0.010233022039827332,-0.0004022019966161139,False,False,7.0
2026-04-23,XLF,0.00959968261675626,-0.004826237849050008,False,False,7.0
2026-04-23,XLV,0.008869176640147197,-0.010393943430361818,False,False,6.0
2026-04-23,XLP,0.009596042617128193,0.005989420873873552,False,False,7.0
2026-04-23,XLU,0.009596042617128193,-0.021045839109825493,False,False,7.0
2026-04-23,XLRE,0.009596042617128193,0.01000915111382894,False,False,7.0
2026-04-23,TLT,0.009468690644970634,-0.006744415270045878,False,False,7.0
2026-04-23,IEF,0.009441843463108552,-0.00364749598237335,False,False,7.0
2026-04-23,GLD,0.01061695964579946,0.0014847441494347802,False,False,8.0
2026-04-23,XSOE,0.010573244164610451,0.0690356924933575,False,False,8.0
2026-05-07,QQQM,0.02369208431643271,0.02827477486568508,False,True,10.0
2026-05-07,SOXX,0.07952508895429629,0.06570410481363198,True,False,10.0
2026-05-07,IWM,0.008033396305780344,0.0008147691926210232,False,False,6.0
2026-05-07,FEZ,0.008787880500122212,0.014429470139872613,False,False,6.0
2026-05-07,XLE,0.006786186818580556,0.056836451736513194,False,False,5.0
2026-05-07,XLB,0.007646212732129683,-0.026848240853253325,False,False,6.0
2026-05-07,XLI,0.0074969266751657195,-0.019942547333133054,False,False,5.0
2026-05-07,XLF,0.007846047969734734,0.0034917402643077633,False,False,6.0
2026-05-07,XLV,0.0068567993632420166,0.02370089142699805,False,False,5.0
2026-05-07,XLP,0.007842077968990868,0.008097184880095476,False,False,6.0
2026-05-07,XLU,0.007871732546756773,-0.0026595163112661524,False,False,6.0
2026-05-07,XLRE,0.00786594566619499,0.002252192910991768,False,False,6.0
2026-05-07,TLT,0.007842077968990868,-0.016695890069144403,False,False,6.0
2026-05-07,IEF,0.007842077968990868,-0.009608187638131316,False,False,6.0
2026-05-07,GLD,0.008265750425697304,-0.034029843149203765,False,False,6.0
2026-05-07,XSOE,0.007401116161607668,-0.005504883042966591,False,False,5.0
2026-05-21,QQQM,0.017641711646138765,-0.013119852487073924,False,True,9.0
2026-05-21,SOXX,0.13664470100500012,0.028701574544829578,True,False,10.0
2026-05-21,IWM,0.010338902866137577,-0.002973576427357294,False,False,7.0
2026-05-21,FEZ,0.00943271156678926,-0.009038390386557293,False,False,7.0
2026-05-21,XLE,0.008266725583586773,-0.024691432630202126,False,False,6.0
2026-05-21,XLB,0.008961996174117103,0.012195109815466676,False,False,6.0
2026-05-21,XLI,0.008754835190569122,0.021403830585934758,False,False,6.0
2026-05-21,XLF,0.008765008219066573,0.011018715387987488,False,False,6.0
2026-05-21,XLV,0.008183834995113128,0.03280464977800701,False,False,6.0
2026-05-21,XLP,0.008759988219324066,-0.01441058749781765,False,False,6.0
2026-05-21,XLU,0.009023084389724682,-0.014444490323531789,False,False,6.0
2026-05-21,XLRE,0.008759988219324066,0.004494350347464149,False,False,6.0
2026-05-21,TLT,0.0087931783207278,0.013946470767736807,False,False,6.0
2026-05-21,IEF,0.008759988219324066,0.0014349367342330055,False,False,6.0
2026-05-21,GLD,0.009705759928551673,-0.04976138633048999,False,False,7.0
2026-05-21,XSOE,0.008493042056201558,-0.017457989606485924,False,False,6.0
2026-06-05,QQQM,0.009959898527830252,0.04787907556524962,False,False,7.0
2026-06-05,SOXX,0.04968683911223629,0.21407449265475753,True,False,10.0
2026-06-05,IWM,0.009996081884572372,0.061207568719778394,False,False,7.0
2026-06-05,FEZ,0.011118302175308984,0.04134910590731988,False,False,8.0
2026-06-05,XLE,0.011430460551397317,-0.05583713834307891,False,False,8.0
2026-06-05,XLB,0.010999850486578535,0.023365811562342298,False,False,8.0
2026-06-05,XLI,0.009331821487174216,0.04631588320902247,False,False,7.0
2026-06-05,XLF,0.009118879248978433,0.03036544726967816,False,False,7.0
2026-06-05,XLV,0.01054488833188241,-0.014954576154792565,False,False,8.0
2026-06-05,XLP,0.009989617507012131,-0.008266884786939599,False,False,7.0
2026-06-05,XLU,0.010900974586089806,0.014781534339555646,False,False,8.0
2026-06-05,XLRE,0.010056910589486517,-0.006582962345107579,False,False,7.0
2026-06-05,TLT,0.009843086241786666,0.012109065220712534,False,False,7.0
2026-06-05,IEF,0.009666400834961775,0.004058915473287739,False,False,7.0
2026-06-05,GLD,0.016194208735520448,-0.029401358226345153,False,False,9.0
2026-06-05,XSOE,0.019603110219804855,0.1061971616462245,False,True,10.0
2026-06-22,QQQM,0.015882905280668474,-0.03869687227454377,True,False,9.0
2026-06-22,SOXX,0.006631006598099008,-0.15773805863087287,False,False,5.0
2026-06-22,IWM,0.007782461362032965,-0.006673788594993901,False,False,6.0
2026-06-22,FEZ,0.006582906470628916,0.0011672283336161549,False,False,5.0
2026-06-22,XLE,0.005076227082271771,0.010728782863923092,False,False,3.0
2026-06-22,XLB,0.0065829064706289155,-0.002130968861442928,False,False,5.0
2026-06-22,XLI,0.009598504820489948,0.003190329050157148,False,True,7.0
2026-06-22,XLF,0.007245165744293583,0.04376160969708809,False,False,5.0
2026-06-22,XLV,0.005962924568586992,0.09582836943068429,False,False,4.0
2026-06-22,XLP,0.0065829064706289155,0.03261134455127257,False,False,5.0
2026-06-22,XLU,0.0065829064706289155,0.02191412154484995,False,False,5.0
2026-06-22,XLRE,0.006582906470628916,0.019763719282999803,False,False,5.0
2026-06-22,TLT,0.0065829064706289155,-0.014260928162913689,False,False,5.0
2026-06-22,IEF,0.0065829064706289155,9.739215406856516e-05,False,False,5.0
2026-06-22,GLD,0.006700116785818317,-0.01846123448639503,False,False,5.0
2026-06-22,XSOE,0.0075913453698312925,-0.07340394533213213,False,False,5.0
2026-07-07,QQQM,0.0012659215355390837,-0.0008215949199631423,False,False,2.0
2026-07-07,SOXX,-0.060064424692017296,0.001812612147355619,False,False,1.0
2026-07-07,IWM,0.003978436408509103,0.0011816945225382458,False,False,3.0
2026-07-07,FEZ,0.005796404152691997,-0.006412160066958994,False,False,4.0
2026-07-07,XLE,0.005914074553830264,0.07064422865061082,False,False,4.0
2026-07-07,XLB,0.004151760345993977,-0.027373323497521307,False,False,3.0
2026-07-07,XLI,0.0040550165926587995,-0.020396979499443413,False,False,3.0
2026-07-07,XLF,0.005061138413235857,0.0010704973078989877,False,False,3.0
2026-07-07,XLV,0.006607098362614155,-0.02548043285817414,False,True,5.0
2026-07-07,XLP,0.0058351971764548875,-0.009427327904829474,False,False,4.0
2026-07-07,XLU,0.0058351971764548875,-0.017067890174450207,False,False,4.0
2026-07-07,XLRE,0.005796404152691997,0.006905800345421653,False,False,4.0
2026-07-07,TLT,0.0058351971764548875,-0.010526308190711986,False,False,4.0
2026-07-07,IEF,0.0058351971764548875,-0.0041622134722572035,False,False,4.0
2026-07-07,GLD,0.007003489734853627,-0.007099506596498939,True,False,5.0
2026-07-07,XSOE,-0.01522972336198894,-0.012119917278737846,False,False,1.0
