model,date,top_asset,second_asset,top_score,second_score,score_gap,turnover,tx_cost_applied,overlay_fraction,v2_tqqq_scale,v2_alert_action,war_strength,growth_strength,risk_off_strength,soxx_strength,copper_strength,copper_3m_strength,industrial_strength,materials_strength,usd_3m_strength,hyg_strength,credit_strength,tech_real_economy_divergence,crash_pressure,soxx_5d,soxx_10d,soxx_dd_21,qqqm_5d,qqqm_10d,qqqm_dd_21,breakdown_score,overlay_style,conditional_breakdown_defense_level,raw_pred_QQQM,adj_pred_QQQM,signal_w_QQQM,exec_w_QQQM,raw_pred_XLE,adj_pred_XLE,signal_w_XLE,exec_w_XLE,raw_pred_XSOE,adj_pred_XSOE,signal_w_XSOE,exec_w_XSOE,raw_pred_XLI,adj_pred_XLI,signal_w_XLI,exec_w_XLI,raw_pred_XLB,adj_pred_XLB,signal_w_XLB,exec_w_XLB,signal_w_BIL,exec_w_BIL,exec_w_TQQQ,exec_w_ERX,exec_w_UXI,exec_w_SOXL
CURRENT_BEST_WITH_DIVERGENCE_ALERTS,2023-10-17,XLE,QQQM,-0.025804802713476568,-0.02873792118964004,0.0029331184761634717,0.0,0.0,0.0,0.0,HARD_EXIT_TO_BIL,-0.10600601028612325,-0.036191564787437264,0.93197078820204,-0.08666991296183392,-0.38105487491971823,-0.04429182446714251,-0.3103448706198083,-0.2537620956980945,1.9100213543075666,0.018276627640384062,-0.9299758660753277,0.27556233589974416,0.5381257168206626,-0.01076004708449807,0.029429986897225646,-0.02065168383976468,-0.0007255276196941329,0.03774206060971985,-0.00792372122630891,0.0,hybrid,off,-0.026513984937303413,-0.02873792118964004,0.0,0.0,-0.025804802713476568,-0.025804802713476568,0.0,0.0,-0.02759954364444983,-0.03173906188114665,0.0,0.0,-0.02740363832353778,-0.029654192148593723,0.0,0.0,-0.027528174803313123,-0.02987653368497962,0.0,0.0,1.0,1.0,0.0,0.0,0.0,0.0
CURRENT_BEST_WITH_DIVERGENCE_ALERTS,2023-10-31,XLB,XLI,0.027721877892946056,0.02719341993421367,0.0005284579587323847,2.0,0.002,0.0,0.08092,V2_TQQQ_TO_QQQM_OVERLAY,0.4376970808692694,-0.8973922875735945,0.48187934657539344,-1.151998309182797,0.7293717252569452,0.3933883361003862,0.40136725793625017,0.5687280106001172,1.3726127556149033,0.9511781067298941,0.31510283977174947,-1.4557371491384066,-0.6806905508528865,-0.040076858262036,-0.07818103032259305,-0.09721814424186848,-0.023014529980342258,-0.047326495228507404,-0.05487521450000743,6.0,hybrid,off,0.026800034022134215,0.0260292026040808,0.0,0.0,0.016332567258434256,0.017207961420172793,0.0,0.0,0.020154305938225783,0.019524420734123797,0.0,0.0,0.027332710735236302,0.02719341993421367,0.4,0.4,0.026835155219016128,0.027721877892946056,0.6,0.6,0.0,0.0,0.0,0.0,0.0,0.0
CURRENT_BEST_WITH_DIVERGENCE_ALERTS,2023-11-14,QQQM,XSOE,0.00729357132007907,0.005146940280904161,0.0021466310391749085,2.0,0.002,0.0,0.1904,V2_TQQQ_TO_QQQM_OVERLAY,0.01926314716403199,0.002384610009884368,-0.46555867605905016,-0.002180951914637399,0.15845845217648885,0.07654846149722522,0.03194092638703308,0.07031842020254599,0.4956943538491315,0.4264479450054159,0.675307562594555,-0.08094369694941496,-0.23478968859326907,0.06424365179428215,0.1484659871551839,0.0,0.033913725293329255,0.09838547768596739,0.0,0.0,hybrid,off,0.006671897904422265,0.00729357132007907,0.6,0.6,0.004225114737651733,0.00426173334397189,0.0,0.0,0.0046432794260180925,0.005146940280904161,0.4,0.4,0.004467109306271466,0.004467109306271466,0.0,0.0,0.004674356424209832,0.004674356424209832,0.0,0.0,0.0,0.0,0.0,0.0,0.0,0.0
CURRENT_BEST_WITH_DIVERGENCE_ALERTS,2023-11-29,QQQM,XLI,0.009182297476788117,0.0023990966991737535,0.006783200777614363,1.3323069939299068,0.0013323069939299068,0.6153840285125267,0.85,V2_TQQQ_TO_QQQM_OVERLAY,-0.19089903700652153,0.7153323185685361,-1.0478767487527942,1.1550225854004987,-1.0240577443163639,0.15942091360207766,-0.46980449489743664,-0.6167577422158903,0.19069828716500797,-1.2620076441210297,0.27905190082399267,1.4028464248531096,0.422557155410748,0.007459976412223623,0.018088205555050862,-0.011371987388313465,0.003566128536757196,0.011795773303597601,-0.002239394539074513,0.0,hybrid,off,0.00576407075259825,0.009182297476788117,0.7,0.3338465030350466,-0.003310432166227033,-0.003882698021081862,0.0,0.0,0.0016843135645660957,0.001650811950544881,0.0,0.0,0.0023990966991737535,0.0023990966991737535,0.30000000000000004,0.30000000000000004,0.002011078134892114,0.002011078134892114,0.0,0.0,0.0,0.0,0.36615349696495336,0.0,0.0,0.0
CURRENT_BEST_WITH_DIVERGENCE_ALERTS,2023-12-13,QQQM,XLI,0.022721769882230184,0.017644452967878425,0.005077316914351759,0.7323069939299067,0.0007323069939299068,0.0,0.68,V2_TQQQ_TO_QQQM_OVERLAY,-0.275370020928776,0.10429953400805525,-0.169455391051535,0.7093169025021855,-0.5238823977983866,-0.1989720704400802,0.3636269415846253,-0.16876039247671495,-0.4083681615282218,-0.5326167584575919,0.15350592906577654,0.19326096115980262,0.048174420275267554,0.09453625021732304,0.06700661533401608,0.0,0.04873745649421113,0.035660824090747445,0.0,0.0,hybrid,off,0.02130151080567769,0.022721769882230184,0.7,0.7,0.015483455464855031,0.015400015837648587,0.0,0.0,0.016284695944746547,0.01639215009509259,0.0,0.0,0.01699589037027195,0.017644452967878425,0.30000000000000004,0.30000000000000004,0.016292740294656827,0.016292740294656827,0.0,0.0,0.0,0.0,0.0,0.0,0.0,0.0
CURRENT_BEST_WITH_DIVERGENCE_ALERTS,2023-12-28,QQQM,XLI,0.0014652567617929003,0.0002560026049233091,0.0012092541568695912,0.19999999999999996,0.00019999999999999996,0.0,0.476,V2_TQQQ_TO_QQQM_OVERLAY,0.09773029357438401,0.35770639356803086,0.2361313792855128,1.126535482982609,-0.20283871124789046,-0.2739449853551973,0.518246736505405,-0.035809037485355244,-1.1209702944602058,-0.13440232727116685,-0.09777119499782255,0.2497048122853806,0.2442754390854335,0.049912190885915475,0.05360220362188595,-0.0018746692811344445,0.02092754582429568,0.021357779021913936,-0.00041352829048246775,0.0,hybrid,off,0.000441027584152927,0.0014652567617929003,0.6,0.6,-0.002831094179280189,-0.0029217987069858455,0.0,0.0,-0.001483205742161059,-0.002014106676876715,0.0,0.0,-0.0014832057421610594,0.0002560026049233091,0.4,0.4,-0.0016554849044515506,-0.0020569082492369224,0.0,0.0,0.0,0.0,0.0,0.0,0.0,0.0
CURRENT_BEST_WITH_DIVERGENCE_ALERTS,2024-01-12,QQQM,XSOE,0.008677966789479359,-0.006213526725406005,0.014891493514885364,0.8,0.0008,0.0,0.0952,V2_TQQQ_TO_QQQM_OVERLAY,-0.1192316504334156,-0.6092963711819936,0.6036402696685919,-0.47080822778241554,-0.6517368545181264,-0.28592154505510403,-0.40688464511930944,-0.515528926514076,-0.9929980239163678,0.31090074888821145,-0.07429763793370026,-0.09093056475487085,0.18689776901451427,0.028698556942504894,-0.03957883277728891,-0.041379304836432707,0.0323289469642587,-0.004016990668669118,-0.004428857819867571,0.0,hybrid,off,0.009909072912462232,0.008677966789479359,0.7,0.7,-0.006243684431797964,-0.006243684431797964,0.0,0.0,-0.005286056860068211,-0.006213526725406005,0.30000000000000004,0.30000000000000004,-0.005286056860068211,-0.006372609345471677,0.0,0.0,-0.005383908714406915,-0.006410097172843522,0.0,0.0,0.0,0.0,0.0,0.0,0.0,0.0
CURRENT_BEST_WITH_DIVERGENCE_ALERTS,2024-01-29,QQQM,XLE,0.012326608254860332,0.008087702836610991,0.004238905418249341,0.8,0.0008,0.0,0.11560000000000001,V2_TQQQ_TO_QQQM_OVERLAY,-0.6078175946587839,-0.2801049992133414,0.4847231981246078,-0.24968048567700749,-0.7841054825142452,-0.8290999568665905,-1.239524359232762,-1.0334767178289672,-0.8514239937887139,-0.9097456071831865,-0.7843312453413633,0.7506770225125374,0.6442954927573655,0.0013097064174227846,0.08360396177204765,-0.0195604409687683,0.015264976470448666,0.04537373100653852,0.0,0.0,hybrid,off,0.013489943930359391,0.012326608254860332,0.6,0.6,0.008087702836610991,0.008087702836610991,0.4,0.4,0.0082995716679355,0.007330125271686285,0.0,0.0,0.008525128506399943,0.007652626749775649,0.0,0.0,0.008035023489213255,0.007210994052401422,0.0,0.0,0.0,0.0,0.0,0.0,0.0,0.0
CURRENT_BEST_WITH_DIVERGENCE_ALERTS,2024-02-12,QQQM,XLE,0.004343255010163506,0.003775867145366426,0.0005673878647970802,0.0,0.0,0.0,0.4046,V2_TQQQ_TO_QQQM_OVERLAY,0.19647869655088887,0.4150268632474196,0.4717807070631901,0.9987344362120485,-1.1973475207187987,-1.0856542588705582,-0.9867680801640458,-1.1730053911162992,-0.5900968050121802,-1.7506974643086743,-1.2627890843589227,1.53015183441118,1.106803383471984,0.039148366788962496,0.04023238622549474,-0.0018112321034028378,0.01598806842222622,0.016737526797111935,-0.003891053932537858,0.0,hybrid,off,0.003243978579231934,0.004343255010163506,0.6,0.6,0.003714931242862584,0.003775867145366426,0.4,0.4,0.003140829121942388,0.0020793804898854747,0.0,0.0,0.002936945402818559,0.002087740130104817,0.0,0.0,0.0030035475291376895,0.0022015203271302662,0.0,0.0,0.0,0.0,0.0,0.0,0.0,0.0
CURRENT_BEST_WITH_DIVERGENCE_ALERTS,2024-02-27,XLE,QQQM,0.01252145454831859,0.011439624234812321,0.0010818303135062685,0.3999999999999999,0.0003999999999999999,0.0,0.113288,V2_TQQQ_TO_QQQM_OVERLAY,0.13845327463667967,-0.32213831327830605,0.5568366728523175,0.3194916886479813,-0.6360783054796704,-0.6974522239823794,0.11355861169693178,-0.40981026245788466,0.23197769771193302,-1.273182478964007,-0.7115437547320242,-0.027626743868071457,0.20615862282008415,0.0447609604321515,0.021996270583251487,-0.0020205381316753535,0.024160075850715224,0.005357209201857671,-0.0011087962066739232,0.0,hybrid,off,0.012403298822457793,0.011439624234812321,0.4,0.4,0.01224454799904523,0.01252145454831859,0.6,0.6,0.011904523431918862,0.0104294048841779,0.0,0.0,0.012003670126367261,0.01100136411523309,0.0,0.0,0.012085523099157405,0.011138900755308465,0.0,0.0,0.0,0.0,0.0,0.0,0.0,0.0
CURRENT_BEST_WITH_DIVERGENCE_ALERTS,2024-03-12,XLB,XLI,0.02242156613665503,0.020121201593338304,0.0023003645433167276,2.0,0.002,0.0,0.07080499999999999,V2_TQQQ_TO_QQQM_OVERLAY,0.01688486007214531,-0.2489215729160672,0.898561785629047,0.8095362623717515,1.8745331395981613,-0.509100970765074,1.4993820148336783,1.381552076014929,-0.39905816301427066,-0.48371638830945335,-0.4867302756818307,-1.819608446592528,-0.7323403537038978,0.02414359097215102,0.0735076362426017,-0.03356465813811493,0.017380624700916947,0.013709985077888787,-0.004632505427135003,0.0,hybrid,off,0.018385391551686066,0.015108205202165124,0.0,0.0,0.01825636468334275,0.018290134403487042,0.0,0.0,0.01814009597186976,0.01933209450792544,0.0,0.0,0.01814009597186976,0.020121201593338304,0.4,0.4,0.01826588198660719,0.02242156613665503,0.6,0.6,0.0,0.0,0.0,0.0,0.0,0.0
CURRENT_BEST_WITH_DIVERGENCE_ALERTS,2024-03-26,XLE,XLI,0.022088700886093608,0.01937185112407532,0.002716849762018289,1.2,0.0012,0.0,0.08092,V2_TQQQ_TO_QQQM_OVERLAY,0.5070430181023339,-0.5812703140851694,0.47956041578576836,-0.12544154342605304,1.2410614620545823,0.009439533468694463,0.9861726363262697,0.9764394060611904,1.105474201032111,-0.12884226958607423,-0.025432008206662568,-1.6405029675371552,-0.7924776142079858,0.02928448600565714,-0.0289954482953122,-0.06158688412383362,0.01091853800431819,0.0006733202326116849,-0.0064817790503312045,1.0,hybrid,off,0.016405855419200498,0.013169991185090288,0.0,0.0,0.019553485795581936,0.022088700886093608,0.6,0.6,0.016303690677141647,0.015699473332757508,0.0,0.0,0.01638898659081725,0.01937185112407532,0.4,0.4,0.01638898659081725,0.01898068229616343,0.0,0.0,0.0,0.0,0.0,0.0,0.0,0.0
CURRENT_BEST_WITH_DIVERGENCE_ALERTS,2024-04-10,XLB,XLE,-0.017081672595532275,-0.019868288938779403,0.0027866163432471273,2.0,0.002,0.0,0.0,HARD_EXIT_TO_BIL,0.7989746018869893,-0.7385363341090097,0.4875825020690667,-0.844240513965874,2.8333259707731164,2.332116634952885,1.4214103465158783,2.368331059172473,1.049322205226429,-0.011911374182146101,-0.1771221120340671,-2.9149436173318675,-1.5539331695714937,-0.021826927820031594,-0.010723273137127398,-0.03940779532063554,-0.008410729224928803,-0.011074604127127685,-0.01748460004043695,0.0,hybrid,off,-0.025389746421843835,-0.029633175583121993,0.0,0.0,-0.023863161948214348,-0.019868288938779403,0.0,0.0,-0.026470493239400348,-0.024650908097705405,0.0,0.0,-0.025415242457082186,-0.02074939060939458,0.0,0.0,-0.026214638865283715,-0.017081672595532275,0.0,0.0,1.0,1.0,0.0,0.0,0.0,0.0
CURRENT_BEST_WITH_DIVERGENCE_ALERTS,2024-04-24,XLB,XSOE,0.018461364657249242,0.01731035151660209,0.001151013140647153,1.0,0.001,0.0,0.0099127,V2_TQQQ_TO_QQQM_OVERLAY,0.38864461947790047,-1.1085983581324679,1.135997177930256,-1.1730733733098517,3.0,2.629176902786885,1.3389024442480641,2.4662255690432056,0.9382424952645027,1.491728246976491,0.13192861703553138,-3.3403931627844123,-1.5498370264985448,-0.008651865200046793,-0.05419754071811789,-0.08655291000327103,0.0014837848551645383,-0.027109433664838867,-0.04255535308673242,2.0,hybrid,off,0.014584653742956286,0.01043754606705018,0.0,0.0,0.015071667631262331,0.014940159127873926,0.0,0.0,0.014706518184263032,0.01731035151660209,0.4,0.2,0.01438830523179119,0.015556876177712082,0.0,0.0,0.014392559859730678,0.018461364657249242,0.6,0.3,0.0,0.5,0.0,0.0,0.0,0.0
CURRENT_BEST_WITH_DIVERGENCE_ALERTS,2024-05-08,XLB,XSOE,0.023278012687824055,0.0195584710999597,0.0037195415878643542,1.0,0.001,0.0,0.136,V2_TQQQ_TO_QQQM_OVERLAY,0.17605262463587212,-0.620570217576119,-0.1943500543129838,-0.82282483279533,1.4536337925912204,3.0,0.5604428707659166,1.5516277582844467,0.44099074991823467,0.8662751483859452,0.8366454296844104,-1.7958850755211122,-1.1552710670378608,0.05881204613761337,0.04977468177805622,-0.029050427848837823,0.043989429849804695,0.031853449300682346,-0.012057438568070955,0.0,hybrid,off,0.016665505841013433,0.016617459941864463,0.0,0.0,0.01657983294949648,0.016931938198768225,0.0,0.0,0.016502178072170713,0.0195584710999597,0.4,0.4,0.016502178072170713,0.019022563440031552,0.0,0.0,0.016398466241043387,0.023278012687824055,0.6,0.6,0.0,0.0,0.0,0.0,0.0,0.0
CURRENT_BEST_WITH_DIVERGENCE_ALERTS,2024-05-22,QQQM,XLB,0.01936857370761065,0.016487029812174817,0.0028815438954358334,1.2,0.0012,0.5723232761659807,0.595,V2_TQQQ_TO_QQQM_OVERLAY,-0.3260754522441394,1.171842295773938,-1.0478731256431035,1.4345302642006614,0.7126122755058688,2.5318917340784997,-0.09156992122331699,1.0280179278388548,0.20391431741911364,-1.0575060385473578,0.06454294269581728,0.6303018108067393,-0.04096816377319784,0.01981190180996384,0.07454788510084964,0.0,0.006278471363756921,0.035564525764221866,-0.0002666057219388174,0.0,hybrid,off,0.012351633918016667,0.01936857370761065,0.6,0.39568059040874487,0.01233592302367805,0.0113984491870589,0.0,0.0,0.012480178759716746,0.01342084127951027,0.0,0.0,0.012205076454742867,0.012159291494131209,0.0,0.0,0.012103445121741583,0.016487029812174817,0.4,0.4,0.0,0.0,0.2043194095912551,0.0,0.0,0.0
CURRENT_BEST_WITH_DIVERGENCE_ALERTS,2024-06-06,QQQM,XLB,0.014946418075331248,0.011812356451041927,0.0031340616242893204,0.08257508556591042,8.257508556591042e-05,0.4815822595572751,0.85,V2_TQQQ_TO_QQQM_OVERLAY,-0.3916333629851737,0.9575801392656562,-0.5656686266837855,1.0200331774919134,-0.41023937083185874,1.7899361318359979,-1.0626089675890344,0.0103427836449482,0.3073009347438324,-0.739668853253039,-0.2517293504624335,1.448945114895644,0.6430996182638722,0.020387436810364257,0.023380288764131896,-0.008198385119459584,0.026096179653003926,0.016958206402254428,-0.00015734557528357396,0.0,hybrid,off,0.011399204712812874,0.014946418075331248,0.6,0.35439304762578966,0.010945454363192844,0.010179390251780319,0.0,0.0,0.010840581042034614,0.010471819920342015,0.0,0.0,0.010840581042034614,0.010840581042034614,0.0,0.0,0.01073839477194033,0.011812356451041927,0.4,0.4,0.0,0.0,0.24560695237421032,0.0,0.0,0.0
CURRENT_BEST_WITH_DIVERGENCE_ALERTS,2024-06-21,QQQM,XLI,0.014730173322424028,0.011078199633665216,0.0036519736887588115,0.8193699112111591,0.0008193699112111591,0.5005723685878232,0.85,V2_TQQQ_TO_QQQM_OVERLAY,-0.5524469208506197,1.1492873530261714,-0.4635357293848298,0.7299001938285886,-2.731029837536398,0.8363285104168616,-2.023188163396355,-1.7002661233392038,0.4645929461419616,-0.4030197074187785,-0.5223113804364364,3.271805304644536,1.7776688910327896,-0.012532142446518235,0.038873536705052336,-0.03664001362932645,0.006932452015690371,0.03586779530316808,-0.010667628838276877,0.0,hybrid,off,0.011263758306245942,0.014730173322424028,0.6,0.34470809202021013,0.011172863068363677,0.01025343318594274,0.0,0.0,0.011078199633665216,0.010520688098294862,0.0,0.0,0.011078199633665216,0.011078199633665216,0.4,0.4,0.011073950695546493,0.011073950695546493,0.0,0.0,0.0,0.0,0.25529190797978984,0.0,0.0,0.0
CURRENT_BEST_WITH_DIVERGENCE_ALERTS,2024-07-08,QQQM,XLB,0.01535059672375735,0.01267435781367828,0.0026762389100790703,1.0450926682268837,0.0010450926682268838,0.4647954267028993,0.476,V2_TQQQ_TO_QQQM_OVERLAY,-0.3284734430643105,1.1881916381590514,-1.1211523697180916,0.29107477158548756,-0.6387294119708762,0.2896335738223518,-1.1911258685345611,-0.5885788783071806,0.0061137820819894455,-0.9832517151675375,-0.41312774023198484,2.002707123144924,0.7531633259997178,0.052548447100764006,0.0392747029137952,0.0,0.038506367776788064,0.037927196392566476,0.0,0.0,hybrid,off,0.012508493812902467,0.01535059672375735,0.6,0.467254426133652,0.012784202300661952,0.01183364899013471,0.0,0.0,0.01243860516491331,0.012431268626414924,0.0,0.0,0.01248320318885917,0.01248320318885917,0.0,0.0,0.01267435781367828,0.01267435781367828,0.4,0.4,0.0,0.0,0.13274557386634803,0.0,0.0,0.0
CURRENT_BEST_WITH_DIVERGENCE_ALERTS,2024-07-22,XLE,XLB,0.006005836007746362,0.004768397885903889,0.0012374381218424732,1.2,0.0012,0.0,0.028322,V2_TQQQ_TO_QQQM_OVERLAY,-0.2605482636582327,-1.3036478499664739,0.952306730628808,-1.3508224861396207,-1.818902082231495,-1.9364438723657742,-0.5286372647304112,-1.5400259755400265,-1.0219817343348685,0.5636897154455848,-0.04222526600935228,-0.033945091202372324,0.3605556375300998,-0.05357831676184677,-0.05142728186069445,-0.0725074089255694,-0.027962764266697526,-0.03033707501018068,-0.04111111152518454,4.0,hybrid,off,0.006173983092851594,0.004283029740154364,0.0,0.0,0.006005836007746362,0.006005836007746362,0.6,0.6,0.006069469906448408,0.004672177189091818,0.0,0.0,0.0061739830928515945,0.00445983097771974,0.0,0.0,0.006387319327972863,0.004768397885903889,0.4,0.4,0.0,0.0,0.0,0.0,0.0,0.0
CURRENT_BEST_WITH_DIVERGENCE_ALERTS,2024-08-05,XLE,XSOE,0.033578069594328804,0.030585638621858972,0.002992430972469831,2.0,0.002,0.0,0.0,HARD_EXIT_TO_BIL,0.36644829290756764,-3.0,3.0,-3.0,-1.1682566945723694,-1.331058821888914,0.7118775616147994,-0.6617358713697548,-1.189047687788186,3.0,0.0,-2.667072583214055,-0.4002435499284327,-0.11241205962333922,-0.17495129380256957,-0.23477343772633863,-0.060499668982068155,-0.09637757637742717,-0.13352649861163235,6.0,hybrid,off,0.03623896064256294,0.029633508251071698,0.0,0.0,0.03524517300851367,0.033578069594328804,0.6,0.0,0.03410550759760351,0.030585638621858972,0.4,0.0,0.03281190117549967,0.029120407323375185,0.0,0.0,0.03124892222973566,0.02614892222973566,0.0,0.0,0.0,1.0,0.0,0.0,0.0,0.0
CURRENT_BEST_WITH_DIVERGENCE_ALERTS,2024-08-19,XLE,XLB,0.0067731170065672315,0.006159633419240511,0.0006134835873267208,2.0,0.002,0.0,0.0952,V2_TQQQ_TO_QQQM_OVERLAY,0.2547922666823381,-0.5611105676123482,-0.061511330337980646,-0.6447971653018452,-0.3627783883650715,-2.1270594801119445,-0.027801609182326714,-0.7530090236094737,-1.2057355804695415,0.27272571234159937,0.43658617147020595,-0.17899332962569664,-0.13200052991061023,0.10403761556453905,0.15751136915931507,-0.04499674246629082,0.06598132270532076,0.1043153004146462,-0.002115931795827697,0.0,hybrid,off,0.004642245988260788,0.004796654805952673,0.0,0.0,0.006263532473202555,0.0067731170065672315,0.6,0.6,0.0043740932242982864,0.004772281325425468,0.0,0.0,0.004814751738009444,0.004814751738009444,0.0,0.0,0.006159633419240511,0.006159633419240511,0.4,0.4,0.0,0.0,0.0,0.0,0.0,0.0
CURRENT_BEST_WITH_DIVERGENCE_ALERTS,2024-09-03,QQQM,XSOE,-0.0015556535130693797,-0.0024884081732338423,0.0009327546601644626,2.0,0.002,0.0,0.0,HARD_EXIT_TO_BIL,-0.2308591134395962,-0.3636875045529413,-0.047251364786979666,-0.2425231217339035,-0.6357461976122483,-1.4999224877807347,-0.15228259725228732,-0.7756117656204549,-1.0117188867606706,-0.34664480922818725,0.11635490385887562,0.15179938173619295,0.07217908312692389,-0.06166222441553537,-0.09210761203226814,-0.09280193860977182,-0.028370133354532312,-0.04033936042533626,-0.04290051587949584,5.0,hybrid,off,-0.0016138309649988175,-0.0015556535130693797,0.0,0.0,-0.0024948178611597475,-0.0024948178611597475,0.0,0.0,-0.0025698566059350553,-0.0024884081732338423,0.0,0.0,-0.0025698566059350544,-0.0025698566059350544,0.0,0.0,-0.0024948178611597475,-0.0024948178611597475,0.0,0.0,1.0,1.0,0.0,0.0,0.0,0.0
CURRENT_BEST_WITH_DIVERGENCE_ALERTS,2024-09-17,XLE,XLB,0.013134571493572429,0.012030717202924087,0.0011038542906483418,2.0,0.002,0.0,0.028322,V2_TQQQ_TO_QQQM_OVERLAY,-0.4834259134787207,-1.2243283990920255,0.8354921919623022,-1.3363998768904075,0.2626213761064172,-0.6690127150020544,0.5120659333019386,0.11569900226655538,-1.6566593920673904,0.48660593302354893,-0.03606076480370596,-1.5228325393729236,-0.5795026468388333,0.0475851734042021,0.03114764759887656,-0.06454485309120483,0.03269208256980338,0.025357881078434508,-0.018630500980936993,1.0,hybrid,off,0.010688155625709496,0.008204293024833354,0.0,0.0,0.013134571493572429,0.013134571493572429,0.6,0.6,0.011167534285002426,0.010354689442569284,0.0,0.0,0.01009677736655958,0.009821849660952089,0.0,0.0,0.013451053929260002,0.012030717202924087,0.4,0.4,0.0,0.0,0.0,0.0,0.0,0.0
CURRENT_BEST_WITH_DIVERGENCE_ALERTS,2024-10-01,XLB,XLE,0.01881764172447975,0.017711432934219045,0.001106208790260705,0.3999999999999999,0.0003999999999999999,0.0,0.08092,V2_TQQQ_TO_QQQM_OVERLAY,-0.09847173396876482,-0.46920647893979983,0.48498812343432607,-0.883706652481571,1.4937541546892992,0.10605432921454569,0.9053005388751442,1.0126038450388264,-1.5127363861899836,0.631246727695401,-0.14201160688761122,-1.588599259716479,-0.759164306456157,-0.011371289009099561,0.020557505247189578,-0.052023775318818855,-0.008410779662067935,0.017751024000110194,-0.016779015699804223,0.0,hybrid,off,0.01117120904931107,0.009000629400255238,0.0,0.0,0.017711432934219045,0.017711432934219045,0.4,0.4,0.012269217146194762,0.014257369601754851,0.0,0.0,0.011144309290346191,0.013802002769777468,0.0,0.0,0.015236967841885149,0.01881764172447975,0.6,0.6,0.0,0.0,0.0,0.0,0.0,0.0
CURRENT_BEST_WITH_DIVERGENCE_ALERTS,2024-10-15,XLE,XLB,0.011309461608901498,0.0076523842346392906,0.003657077374262208,0.3999999999999999,0.0003999999999999999,0.0,0.272,V2_TQQQ_TO_QQQM_OVERLAY,0.31084163601920256,0.06258723128006018,0.20728589371675832,-0.12133374286870036,-0.08062261944103584,-0.3411035602284017,0.09730277109792326,-0.09749032919377842,-0.02944541459101524,-0.7476763845705856,-0.7043781887164615,0.08683966244592024,0.13501815495425548,-0.023031951359755887,0.014411235866693906,-0.051876517696548996,0.0031780127781448897,0.01999376517095075,-0.013333305244314975,0.0,hybrid,off,0.007635970761059707,0.0069528174426804045,0.0,0.0,0.01073784812188714,0.011309461608901498,0.6,0.6,0.007583189022071746,0.006982112253026708,0.0,0.0,0.007635970761059709,0.007262856152369544,0.0,0.0,0.00800477025395778,0.0076523842346392906,0.4,0.4,0.0,0.0,0.0,0.0,0.0,0.0
CURRENT_BEST_WITH_DIVERGENCE_ALERTS,2024-10-29,XLE,XLB,0.012396824216027775,0.010028814211085646,0.0023680100049421286,0.0,0.0,0.0,0.1904,V2_TQQQ_TO_QQQM_OVERLAY,-0.4483749366311837,0.2595458167841012,-0.038580582881986264,-0.04664273317530961,-0.6635290037717543,0.09617581186509085,-0.6497217985898286,-0.5123611258930209,0.34116672333890646,-0.19687682911336976,-0.34272501504645464,0.8653335414846247,0.5037678917379803,0.03196238546320984,0.035230416030053835,-0.01847373296713506,0.0083288218535702,0.01876045077179378,0.0,0.0,hybrid,off,0.007521065224722765,0.008040156858290968,0.0,0.0,0.012604460869455056,0.012396824216027775,0.6,0.6,0.007675669696565146,0.007266269628558458,0.0,0.0,0.007675669696565146,0.007675669696565146,0.0,0.0,0.010028814211085646,0.010028814211085646,0.4,0.4,0.0,0.0,0.0,0.0,0.0,0.0
CURRENT_BEST_WITH_DIVERGENCE_ALERTS,2024-11-12,XLE,XLB,0.012078955471072007,0.011029976092571716,0.0010489793785002904,0.0,0.0,0.0,0.0952,V2_TQQQ_TO_QQQM_OVERLAY,-0.6436072339268862,-0.6476883065834766,-0.7903014392049447,-1.7884439512653836,-1.0470698855582679,-0.42497860673368354,-0.785043217436745,-0.9815430003547368,1.8319894626412614,-0.16028584731828419,0.4636248464965874,0.2847378353110223,-0.1452778744953645,0.005588965678159141,-0.052088131733484366,-0.052088131733484366,0.042205618523680544,0.025849247516034124,-0.002315492052616608,1.0,hybrid,off,0.007551713973640107,0.0077835263968884,0.0,0.0,0.012078955471072007,0.012078955471072007,0.6,0.6,0.01045042399669928,0.008576574034077378,0.0,0.0,0.007477237652727549,0.006927640813935171,0.0,0.0,0.01176277187762822,0.011029976092571716,0.4,0.4,0.0,0.0,0.0,0.0,0.0,0.0
CURRENT_BEST_WITH_DIVERGENCE_ALERTS,2024-11-26,XLE,QQQM,0.006310536807955088,0.005749665072644712,0.0005608717353103761,0.8,0.0008,0.0,0.0952,V2_TQQQ_TO_QQQM_OVERLAY,0.33211658345577966,-1.0449819737836128,-0.4543428819990855,-1.7388810394299696,-1.366018321253252,-0.6419310637380864,-0.5253325045376777,-1.105521257709524,2.551794770498545,-0.5046728008286002,0.37754793565341344,-0.06437766062111672,-0.22036374917230422,0.005131796913848907,-0.03433287004816499,-0.084632666723792,0.011679036593229108,-0.007104587599375378,-0.009403629035868555,1.0,hybrid,off,0.005893007688273785,0.005749665072644712,0.4,0.4,0.005646303641043528,0.006310536807955088,0.6,0.6,0.00694332295991906,0.003946182840204727,0.0,0.0,0.005718934316338158,0.0049533958851885945,0.0,0.0,0.006150159876869295,0.005129441968669877,0.0,0.0,0.0,0.0,0.0,0.0,0.0,0.0
CURRENT_BEST_WITH_DIVERGENCE_ALERTS,2024-12-11,XLE,XLB,-0.005586216709685594,-0.006148226170053613,0.0005620094603680193,2.0,0.002,0.0,0.0,HARD_EXIT_TO_BIL,-0.5764065333426263,0.10778336963023089,-0.7162186046850402,-0.7308247150006469,0.02330611397296127,-0.3118567234161697,-0.5662525923699008,-0.23219102565027372,2.0678033109036913,0.29487790899628497,0.3904618320526283,0.38024680174540354,-0.05833936082677399,-0.01697201198063436,0.016198542851993958,-0.01869046966287824,0.012815242644716784,0.04054752477961454,0.0,0.0,hybrid,off,-0.007825840480120907,-0.007208628288536733,0.0,0.0,-0.0054999900139814095,-0.005586216709685594,0.0,0.0,-0.008188967125934867,-0.010094327916129062,0.0,0.0,-0.008212843264123582,-0.00883318425739469,0.0,0.0,-0.005321104845692137,-0.006148226170053613,0.0,0.0,1.0,1.0,0.0,0.0,0.0,0.0
CURRENT_BEST_WITH_DIVERGENCE_ALERTS,2024-12-26,XLE,XLB,-0.0027023788820874388,-0.007546537311053475,0.004844158428966037,0.0,0.0,0.0,0.0,HARD_EXIT_TO_BIL,-0.325491479588187,1.1249607619566027,-1.0197212530511681,0.32949605181770336,0.01213633973265857,-1.116115247139662,-1.079335912818903,-0.6410174587813033,2.505823134451341,0.1167224534727381,0.1178697437397862,1.7234435400968773,0.6261776228376591,0.036829095546324186,0.022574256199440423,-0.01564199290676649,0.026885847945776753,0.001040634977312882,-0.01423419780732127,0.0,hybrid,off,-0.012354468916211486,-0.009436713120089145,0.0,0.0,-0.0018024102725221565,-0.0027023788820874388,0.0,0.0,-0.011218690143113977,-0.014018700732140019,0.0,0.0,-0.012002751416820891,-0.012754498357156294,0.0,0.0,-0.006544208057272939,-0.007546537311053475,0.0,0.0,1.0,1.0,0.0,0.0,0.0,0.0
CURRENT_BEST_WITH_DIVERGENCE_ALERTS,2025-01-13,XLB,XSOE,0.028154752667673644,0.025305651921596235,0.0028491007460774084,2.0,0.002,0.0,0.5057499999999999,V2_TQQQ_TO_QQQM_OVERLAY,1.4387795979972007,0.5738657979745969,0.4838675031703476,0.9832532145514736,0.9392504280132724,0.06277910012495755,0.3224427612082708,0.5449870126532993,2.0067167933562673,1.4304476226483835,0.14911711745498413,-0.011509751280934288,0.1866411504995785,-0.022205430169878415,-0.026842070056566802,-0.04971397140083622,-0.024922706338566636,-0.045404451799195944,-0.05899235365827449,3.0,hybrid,off,0.01745693336236839,0.01635163303377975,0.0,0.0,0.01611561826071205,0.022850423612318375,0.0,0.0,0.0266501293113395,0.025305651921596235,0.4,0.4,0.018641285969733135,0.01716830942601963,0.0,0.0,0.027138531466664575,0.028154752667673644,0.6,0.6,0.0,0.0,0.0,0.0,0.0,0.0
CURRENT_BEST_WITH_DIVERGENCE_ALERTS,2025-01-28,XLE,XLB,0.010514011305317985,0.0064864515710421925,0.004027559734275792,1.2,0.0012,0.0,0.08092,V2_TQQQ_TO_QQQM_OVERLAY,1.0063727322694682,-0.9726314091316723,0.7489766951667606,-0.8210218508373807,0.6934936275633405,-0.26712333418736073,0.8147375740403752,0.5321058904212042,0.9065953525218536,0.9095413623375225,0.2679144697149828,-1.652074709962227,-0.691654147910632,-0.08152290193158784,-0.01852612197837511,-0.09461006866376864,-0.005969571288086173,0.032045676598096984,-0.020518947991571834,2.0,hybrid,off,-0.0072040099111294635,-0.010847486894936548,0.0,0.0,0.005482147643970644,0.010514011305317985,0.6,0.6,-0.008187650888426984,-0.009261625182142809,0.0,0.0,-0.008606889457066147,-0.00667040518172286,0.0,0.0,0.007014763706236,0.0064864515710421925,0.4,0.4,0.0,0.0,0.0,0.0,0.0,0.0
CURRENT_BEST_WITH_DIVERGENCE_ALERTS,2025-02-11,XLB,XLI,0.0043004302074362045,0.0025505765556589136,0.001749853651777291,1.2,0.0012,0.0,0.0952,V2_TQQQ_TO_QQQM_OVERLAY,0.217562982312906,-0.30291880140655186,-0.36465134859828713,-0.5049376142427355,0.5547929545137894,0.5036613267759017,0.5911899110113082,0.6125613088031101,0.7201260345934813,-0.588844978875573,0.12067885344568474,-0.8906696146957351,-0.6802623082567559,0.0161737734658014,0.029976590853233898,-0.067469565129465,0.0067145388550280405,0.012057174312678276,-0.008709174211540827,1.0,hybrid,off,0.00028402715348203265,-0.0008191002597261242,0.0,0.0,-0.0003688296503290725,6.629631429673949e-05,0.0,0.0,0.00023918901313748492,0.00021664390687160622,0.0,0.0,0.00019666436133653728,0.0025505765556589136,0.4,0.4,0.003140647579046309,0.0043004302074362045,0.6,0.6,0.0,0.0,0.0,0.0,0.0,0.0
CURRENT_BEST_WITH_DIVERGENCE_ALERTS,2025-02-26,XLB,XSOE,0.011335844938989023,0.006937042061711163,0.00439880287727786,0.8,0.0008,0.0,0.85,V2_TQQQ_TO_QQQM_OVERLAY,-0.721423681995584,0.590644544330754,-0.17462181238171892,0.7464991583551196,1.316214573281939,1.0949765115386696,0.5533813879098658,1.1151781574004425,-0.5216974951441197,1.1014190816368132,0.5079363880469314,-0.38821566851243555,-0.30277812606014887,-0.05461318284078531,-0.008913030688569967,-0.05682249625638702,-0.04601541193269865,-0.02539101720726189,-0.04601541193269865,3.0,hybrid,off,0.0032814525076817927,0.0057966915802249415,0.0,0.0,0.003949820948341169,0.0034773053128765658,0.0,0.0,0.0034842660993540764,0.006937042061711163,0.4,0.4,0.0033800466308773034,0.005977666416676853,0.0,0.0,0.006485180465141325,0.011335844938989023,0.6,0.6,0.0,0.0,0.0,0.0,0.0,0.0
CURRENT_BEST_WITH_DIVERGENCE_ALERTS,2025-03-12,XSOE,XLE,0.021751433003808218,0.018828559750135778,0.00292287325367244,1.5636363636363635,0.0015636363636363636,0.0,0.0099127,V2_TQQQ_TO_QQQM_OVERLAY,-0.1102002829726284,-0.7565706736775122,1.4047753198761526,-0.3533822701589303,1.362706263396505,2.1167388667107976,1.0491173557089706,1.51596605384148,-1.0481555970828094,3.0,0.6751042187218946,-2.063161746039121,-0.6759869196730117,-0.05105748712438407,-0.10030294215780444,-0.15142597485892506,-0.04965143624406487,-0.07315446907628043,-0.1158036479797162,6.0,hybrid,off,0.014824479307514645,0.012211982880038476,0.0,0.0,0.018828559750135778,0.018828559750135778,0.4,0.14545454545454548,0.01920808066902079,0.021751433003808218,0.6,0.21818181818181814,0.01837736075450112,0.018366646832425577,0.0,0.0,0.01817516013295355,0.018512454615957102,0.0,0.0,0.0,0.6363636363636362,0.0,0.0,0.0,0.0
CURRENT_BEST_WITH_DIVERGENCE_ALERTS,2025-03-26,XLB,XLI,-0.06384843845575175,-0.06755088232572375,0.003702443869971997,0.7272727272727274,0.0007272727272727274,0.0,0.0,HARD_EXIT_TO_BIL,1.208882897239443,-0.5151851650880335,0.137316642499385,-0.3186249459214605,2.491211663669406,2.4543256967420923,1.5856626005966636,2.2419800553437312,-1.16907958141071,1.2886717730113468,0.8628919361335916,-2.6022235937679934,-1.5064074992610421,-0.022844837041413046,0.01348275115405495,-0.08817255061288276,0.008842705292570585,0.01711351288855667,-0.05729288613711625,2.0,hybrid,off,-0.07229232890920073,-0.07503431570021862,0.0,0.0,-0.07620506411258529,-0.07016064962638807,0.0,0.0,-0.07414194153874995,-0.0693921369492176,0.0,0.0,-0.07383295328600527,-0.06755088232572375,0.0,0.0,-0.0732087909863681,-0.06384843845575175,0.0,0.0,1.0,1.0,0.0,0.0,0.0,0.0
CURRENT_BEST_WITH_DIVERGENCE_ALERTS,2025-04-09,XLE,QQQM,0.04122708610138353,0.040910360399345834,0.0003167257020376957,0.0,0.0,0.0,0.0,HARD_EXIT_TO_BIL,-0.17097147881082936,-0.17923840015638892,0.3051488482744059,-0.2941191986410245,-1.4806893501676148,0.4252496820241633,-0.8842890204151395,-0.891773883590846,-1.726290272916761,0.06760051695504705,-0.23916978896100574,0.8865904212959903,0.6540137920873565,-0.030926697384089263,-0.07482232840819503,-0.1056015685364754,-0.022857094499586506,-0.039614819278166236,-0.057155461870375235,6.0,hybrid,off,0.041595397273335874,0.040910360399345834,0.4,0.0,0.04122708610138353,0.04122708610138353,0.6,0.0,0.03487146098021834,0.03432200374892907,0.0,0.0,0.04108422939081295,0.04053496146391902,0.0,0.0,0.04046599501177029,0.0399472419697038,0.0,0.0,0.0,1.0,0.0,0.0,0.0,0.0
CURRENT_BEST_WITH_DIVERGENCE_ALERTS,2025-04-24,QQQM,XSOE,0.0426925616213553,0.04250315697599738,0.00018940464535791707,2.0,0.002,0.0,0.028322,V2_TQQQ_TO_QQQM_OVERLAY,-0.5615195156447178,-0.3713148351578439,0.7702009584547835,-0.6164327155467121,-0.25887442709581593,1.4815903691220358,0.1350150971331425,0.31326283255005605,-2.1813368662479315,1.409149484194537,-0.0025277389730272715,-0.4505497824182186,0.03775051393098233,0.09343457011082812,-0.0032131141780064043,-0.07779502990196174,0.051831615851472224,0.004490402973511776,-0.03530230280693636,1.0,hybrid,off,0.0435546392827106,0.0426925616213553,0.6,0.6,0.0415206838261446,0.0415206838261446,0.0,0.0,0.04277532435713186,0.04250315697599738,0.4,0.4,0.0430823093306927,0.04169594760547409,0.0,0.0,0.04231257744663876,0.042330758004308924,0.0,0.0,0.0,0.0,0.0,0.0,0.0,0.0
CURRENT_BEST_WITH_DIVERGENCE_ALERTS,2025-05-08,QQQM,XLI,0.05432405599258007,0.04549308337879615,0.008830972613783919,1.4659619136800957,0.0014659619136800958,0.7276990871261306,0.85,V2_TQQQ_TO_QQQM_OVERLAY,0.7574340061062137,1.8976073592959761,-1.8486173699069768,2.135274658348571,-0.4259188722385801,0.5226639371654471,0.0475737182970149,-0.08390412530290967,-1.5581639378289402,-2.8562785757146814,-0.40949194807205447,2.038098663419613,0.48341225008897704,0.04439252492867607,0.04758788182193552,0.0,0.014534411919947754,0.0449630659161433,-0.0010435564624031723,0.0,hybrid,off,0.04545213642062647,0.05432405599258007,0.7,0.2670190431599523,0.03815996860574328,0.04042905274883757,0.0,0.0,0.043728903738132124,0.04327444333446839,0.0,0.0,0.04549308337879615,0.04549308337879615,0.30000000000000004,0.30000000000000004,0.04181996325800717,0.04209160955765498,0.0,0.0,0.0,0.0,0.4329809568400477,0.0,0.0,0.0
CURRENT_BEST_WITH_DIVERGENCE_ALERTS,2025-05-22,QQQM,XLE,0.014739425812810764,0.005642515723408075,0.00909691008940269,0.6105488531995447,0.0006105488531995447,0.7365636696467562,0.85,V2_TQQQ_TO_QQQM_OVERLAY,0.4570721982415107,1.845618650167931,-1.4802466442363222,1.8439519013570622,-1.5790361231981327,0.28651156020170926,-0.6303215292355691,-0.9631260478476267,-1.3608119524365696,-1.8564988665270556,-0.3716454885166056,2.877036139106489,1.1341230257693642,-0.035893360474857694,0.0730676002865025,-0.042087572312488275,-0.010055316667703318,0.0529273864414741,-0.015213525102337866,1.0,hybrid,off,0.005234324172172619,0.014739425812810764,0.7,0.26174461656018,0.006204866247059398,0.005642515723408075,0.30000000000000004,0.30000000000000004,0.004865891492201316,0.0045916481732564095,0.0,0.0,0.004922336773425461,0.004607176008807676,0.0,0.0,0.005339083225724159,0.004857520201800345,0.0,0.0,0.0,0.0,0.43825538343981996,0.0,0.0,0.0
CURRENT_BEST_WITH_DIVERGENCE_ALERTS,2025-06-06,XLE,QQQM,0.013020029052937136,0.007516814804600903,0.005503214248336233,0.8765107668796399,0.0008765107668796399,0.0,0.85,V2_TQQQ_TO_QQQM_OVERLAY,1.6547008755213124,1.3172050486212212,-1.1361062210221178,1.4589494407827905,-0.13722597133522815,-0.07120957373821633,-0.0001646924979554383,-0.09920346248791956,-0.847060338330511,-1.3186246427321957,-0.11093642857380581,1.3931516942668458,0.3814485281512603,0.06050545367939031,0.05633044642480445,0.0,0.02063152530923107,0.0306609331674792,0.0,0.0,hybrid,off,0.004351768837997798,0.007516814804600903,0.30000000000000004,0.30000000000000004,0.00580028871422755,0.013020029052937136,0.7,0.7,0.00431203057082917,0.0033192100455163827,0.0,0.0,0.00431203057082917,0.0043119482245801925,0.0,0.0,0.005406185524455063,0.0053565837932111025,0.0,0.0,0.0,0.0,0.0,0.0,0.0,0.0
CURRENT_BEST_WITH_DIVERGENCE_ALERTS,2025-06-23,XLE,XLB,0.012917145042171067,0.00804016370771299,0.0048769813344580765,0.8,0.0008,0.0,0.85,V2_TQQQ_TO_QQQM_OVERLAY,1.1631439755212842,0.6860131258841191,-0.26164972966172284,1.2387825170328932,0.25077066001624604,-0.7871082133933445,-0.03564827043116051,-0.06522358408358794,-0.9984095912333899,-0.2641926525860409,0.06293153600102985,0.6460870769594073,0.2829923543109552,0.02736337866269456,0.04447512824069033,-0.004089031230678719,0.010045706580924962,0.004397403641668296,-0.003957797087851045,0.0,hybrid,off,0.007660598946752115,0.008021968657418157,0.0,0.0,0.00765023566527194,0.012917145042171067,0.6,0.6,0.007980248059481406,0.007727646805395351,0.0,0.0,0.007980248059481406,0.007980248059481406,0.0,0.0,0.00804016370771299,0.00804016370771299,0.4,0.4,0.0,0.0,0.0,0.0,0.0,0.0
CURRENT_BEST_WITH_DIVERGENCE_ALERTS,2025-07-08,XLB,QQQM,0.011157911729595685,0.010218871999899959,0.0009390397296957266,1.2,0.0012,0.0,0.595,V2_TQQQ_TO_QQQM_OVERLAY,0.24460237818130753,0.8012599293166439,-0.33434747980435164,1.4306968564620492,1.4221799967335094,0.5265740745696148,0.47614177303927063,1.0184055301987134,-0.8889562692422179,-0.8647174377168156,-0.1839227401396755,-0.14848562583670333,-0.22283036742376267,0.019438648689751314,0.07430136053256953,0.0,0.001100842196276819,0.039076812529341254,-0.006858155151306944,0.0,hybrid,off,0.006571839549108698,0.010218871999899959,0.4,0.4,0.006571839549108698,0.006420036362017998,0.0,0.0,0.006571839549108698,0.008700566116973528,0.0,0.0,0.006571839549108698,0.007606556180394262,0.0,0.0,0.006571839549108699,0.011157911729595685,0.6,0.6,0.0,0.0,0.0,0.0,0.0,0.0
CURRENT_BEST_WITH_DIVERGENCE_ALERTS,2025-07-22,XLB,XLI,0.011024157868138307,0.009487453775438748,0.0015367040926995597,0.8,0.0008,0.0,0.476,V2_TQQQ_TO_QQQM_OVERLAY,-0.881592807954756,0.4502528567292039,-0.5905113302419667,0.5167374308308282,1.608676036225689,-0.06706095625642405,0.7556773702865698,1.0332820764696318,0.11102281196688571,-1.093960784134069,-0.1483532031388577,-0.6584857605031733,-0.6312959883986906,-0.011045238915620592,0.0008218750557140719,-0.013808477215609072,0.008203489912765649,0.016274305961215152,-0.0050384595699858314,0.0,hybrid,off,0.006360210888629444,0.006878412698958666,0.0,0.0,0.00738456746780641,0.007024365182423047,0.0,0.0,0.006360210888629444,0.008800865172230284,0.0,0.0,0.006360210888629444,0.009487453775438748,0.4,0.4,0.006360210888629444,0.011024157868138307,0.6,0.6,0.0,0.0,0.0,0.0,0.0,0.0
CURRENT_BEST_WITH_DIVERGENCE_ALERTS,2025-08-05,QQQM,XLE,0.0012994733828726379,0.0012533299834837038,4.614339938893404e-05,2.0,0.002,0.0,0.0952,V2_TQQQ_TO_QQQM_OVERLAY,0.07055861204269778,-0.00816782412430899,-0.1047620744232626,-0.0692354046506462,-1.8963677318073766,-1.301570932539201,-0.963370857820201,-1.5691685448705337,0.07428961455817652,0.0072824359161382645,0.08195341418031762,1.447131286359661,0.8263739420464915,-0.030301813228153618,-0.019750347858134898,-0.037184952285362005,-0.012588749968234114,-0.0019475343201318385,-0.014066426990639092,1.0,hybrid,off,0.00132395758268388,0.0012994733828726379,0.6,0.6,0.0011122127593983084,0.0012533299834837038,0.4,0.4,0.0011329183735998328,0.001065357251155149,0.0,0.0,0.0012205627003279396,0.0012205627003279396,0.0,0.0,0.0011329183735998328,0.0011329183735998328,0.0,0.0,0.0,0.0,0.0,0.0,0.0,0.0
CURRENT_BEST_WITH_DIVERGENCE_ALERTS,2025-08-19,XLE,XLB,0.008609804393483984,0.006638114970718641,0.0019716894227653423,1.2,0.0012,0.0,0.0952,V2_TQQQ_TO_QQQM_OVERLAY,-1.0258186246669916,-0.5556112667596154,0.21629218783664778,-0.36862486511602127,-2.683256987113773,-0.9193444296009385,-1.2892024410792102,-1.8920575918175104,-0.1648953993086902,-0.11204505311892984,0.098984119805492,1.3628068408883687,0.9042009796676803,-0.020027282186791062,0.026892311379223433,-0.03537419561876132,-0.018510769904241275,0.01630530200131841,-0.019044772681887534,0.0,hybrid,off,0.006314596410110566,0.005844987219205357,0.0,0.0,0.008609804393483984,0.008609804393483984,0.6,0.6,0.006314596410110566,0.005951300918301115,0.0,0.0,0.006314596410110566,0.005925270472004599,0.0,0.0,0.007005811690040943,0.006638114970718641,0.4,0.4,0.0,0.0,0.0,0.0,0.0,0.0
CURRENT_BEST_WITH_DIVERGENCE_ALERTS,2025-09-03,XSOE,XLE,0.0015476408681642882,0.0015211232164293793,2.651765173490887e-05,1.2,0.0012,0.0,0.0952,V2_TQQQ_TO_QQQM_OVERLAY,-0.7414791320151013,-0.5160107411336584,0.24897413159464324,-0.21978425267885973,0.1777667369827732,-1.0275039008621332,0.03686233642696239,-0.020244318269359157,0.0454531512723079,-0.06255873575989682,0.1258651153196369,-0.5751570685836516,-0.24550458851233364,-0.03655583972719523,-0.014154619871221796,-0.049028107197749304,-0.004792902110261177,0.001152069134094269,-0.017914644442565852,1.0,hybrid,off,0.0017276005529841612,0.001192995194816836,0.0,0.0,0.0015211232164293793,0.0015211232164293793,0.4,0.4,0.0017276005529841612,0.0015476408681642882,0.6,0.6,0.0017276005529841612,0.0012794471161138034,0.0,0.0,0.0016282283702981194,0.0012049723465872258,0.0,0.0,0.0,0.0,0.0,0.0,0.0,0.0
CURRENT_BEST_WITH_DIVERGENCE_ALERTS,2025-09-17,XLE,XLB,0.013468097701367723,0.007163446582221971,0.006304651119145752,1.2,0.0012,0.0,0.272,V2_TQQQ_TO_QQQM_OVERLAY,-0.038627298638929636,-0.050119946101933766,0.23455596369981008,0.28371002888975017,0.04474016563048278,-1.1696595465832815,-0.18987011507467835,-0.25179836962002705,-0.1607666550905451,-0.10250180737592911,-0.09383190684096579,0.09104197385206829,0.14844756979116502,0.02218853864555337,0.07196990023706684,-0.00019333777434382693,0.01602112423071711,0.035204342575904324,-0.002914586321948409,0.0,hybrid,off,0.004958834261236198,0.0048498359945802535,0.0,0.0,0.013468097701367723,0.013468097701367723,0.7,0.5249999999999999,0.004958834261236198,0.00456130659884535,0.0,0.0,0.004958834261236198,0.00453663352657654,0.0,0.0,0.007562191720511648,0.007163446582221971,0.30000000000000004,0.30000000000000004,0.0,0.0,0.0,0.175,0.0,0.0
CURRENT_BEST_WITH_DIVERGENCE_ALERTS,2025-10-01,QQQM,XLE,0.012462902970947251,0.010510428546681735,0.001952474424265516,1.1999999999999997,0.0011999999999999997,0.0,0.595,V2_TQQQ_TO_QQQM_OVERLAY,-0.4321511385835965,1.2433097896932512,-0.6087183510635864,1.5539599825783181,0.1462146609156545,-1.0345855882003139,-0.5933926973420174,-0.4364757776440863,0.45205526413675445,-0.7395516709646243,-0.22738728282281778,1.5598993576636913,0.6924522741727801,0.026904496342962325,0.06888948692386276,0.0,0.011980901963520862,0.023649585908579684,0.0,0.0,hybrid,off,0.004972404624391027,0.012462902970947251,0.6,0.6,0.011505076378436336,0.010510428546681735,0.4,0.4,0.004972404624391027,0.004663881764891969,0.0,0.0,0.004972404624391027,0.004675708275720019,0.0,0.0,0.0070575540729110745,0.006839316184089031,0.0,0.0,0.0,0.0,0.0,0.0,0.0,0.0
CURRENT_BEST_WITH_DIVERGENCE_ALERTS,2025-10-15,QQQM,XLB,0.009910956954687555,0.006883033826538017,0.003027923128149538,1.1765069784035216,0.0011765069784035215,0.4342641042716513,0.7224999999999999,V2_TQQQ_TO_QQQM_OVERLAY,-0.6241659795612363,0.8954466352381606,0.30950767267990686,1.5640083873880661,0.688794636775992,-1.0843871364766038,0.13414861586921561,0.09631846365458341,0.22013698117773364,-0.031628791695998706,-0.4387645100720338,0.6081447663720334,0.4886899288951828,-0.013377119152783834,0.04089180641507606,-0.013377119152783834,-0.015215902169777196,-0.0018120801519336815,-0.015215902169777196,0.0,hybrid,off,0.006360468678822105,0.009910956954687555,0.6,0.4117465107982392,0.007158105364018379,0.006441748055827851,0.0,0.0,0.006283197739896636,0.006502089435965129,0.0,0.0,0.006283197739896636,0.005726083929072804,0.0,0.0,0.007409196870093859,0.006883033826538017,0.4,0.4,0.0,0.0,0.1882534892017608,0.0,0.0,0.0
CURRENT_BEST_WITH_DIVERGENCE_ALERTS,2025-10-29,QQQM,XLB,0.013414442553642356,0.006603056485541936,0.00681138606810042,0.40934466896446164,0.00040934466896446164,0.6603795356033473,0.85,V2_TQQQ_TO_QQQM_OVERLAY,-0.2556316935971168,1.4424746999467706,-0.6259757285799941,1.5960065439762308,0.5931663585605276,0.9700160257152171,-0.31163501841350405,0.423254608864045,0.017025079955564362,-0.6236328327801769,-0.33031211576874947,1.225457935720923,0.4848844700005561,0.0896421258292579,0.07634528694845621,0.0,0.0502689175549933,0.05611586630316845,0.0,0.0,hybrid,off,0.005241249563856145,0.013414442553642356,0.7,0.3070741763160083,0.005106348261593019,0.003952368501635602,0.0,0.0,0.005241249563856145,0.006169885641606312,0.0,0.0,0.005241249563856145,0.005085432054649393,0.0,0.0,0.005428490417703143,0.006603056485541936,0.30000000000000004,0.30000000000000004,0.0,0.0,0.3929258236839916,0.0,0.0,0.0
CURRENT_BEST_WITH_DIVERGENCE_ALERTS,2025-11-12,QQQM,XLB,0.003755896573366532,0.00303740485276186,0.0007184917206046722,0.7858516473679832,0.0007858516473679832,0.0,0.3808,V2_TQQQ_TO_QQQM_OVERLAY,-0.7424145306908951,0.2495068543256329,-0.3627397105477385,0.46467064690123466,-0.12545476179147583,0.6490838461131424,-0.3992671633273403,-0.01712626091201197,0.4715717118622685,-0.5354951563798321,0.07782060148280684,0.43288098134684894,0.11463270458901392,-0.01898708757052836,-0.032073641419068544,-0.032073641419068544,-0.0033906854797307595,-0.023224759721571342,-0.023224759721571342,0.0,hybrid,off,0.0024744995289318877,0.003755896573366532,0.6,0.6,0.002418912389874524,0.002219306906414018,0.0,0.0,0.0024744995289318877,0.0019630878957351302,0.0,0.0,0.002515945703363798,0.002515945703363798,0.0,0.0,0.0026479545450939744,0.00303740485276186,0.4,0.4,0.0,0.0,0.0,0.0,0.0,0.0
CURRENT_BEST_WITH_DIVERGENCE_ALERTS,2025-11-26,XLE,XLB,0.002112986450306188,0.0018547171725622237,0.0002582692777439643,1.2,0.0012,0.0,0.056644,V2_TQQQ_TO_QQQM_OVERLAY,-1.1076628854774733,-1.0811096761764487,0.7021319240992351,-0.7652506267686039,-0.01406982805561414,0.7124567464110955,0.2471198002681298,0.28701062738157723,0.6435222354317427,0.5798061821478816,0.2862555297668525,-1.2638343774371619,-0.4774478568226031,0.034729061604252154,-0.027630314546932877,-0.05881775116492716,0.024174952157701046,-0.010910780505479556,-0.0338821399714363,0.0,hybrid,off,0.00221496228492743,0.0010788377594762096,0.0,0.0,0.002112986450306188,0.002112986450306188,0.6,0.6,0.0026185957118612115,0.0011643096159145402,0.0,0.0,0.002112986450306187,0.0008491489869275639,0.0,0.0,0.0022190525173500578,0.0018547171725622237,0.4,0.4,0.0,0.0,0.0,0.0,0.0,0.0
CURRENT_BEST_WITH_DIVERGENCE_ALERTS,2025-12-11,XLI,XLB,0.006321536232109366,0.004992851678876325,0.0013286845532330402,1.2,0.0012,0.0,0.476,V2_TQQQ_TO_QQQM_OVERLAY,-0.8066006940460295,0.10721503928974349,-0.1420626472527737,0.6602816659589941,0.6002929021798233,0.9261642550815932,0.7217637720542179,0.7558013649469051,0.46011109051739624,0.06594802101223211,0.3979624514486433,-0.5900206293145964,-0.41083743648986737,0.026903446914543272,0.07937804090044565,-0.0057218006329979865,0.004250209303278352,0.01830616012846975,-0.003250926575130264,0.0,hybrid,off,0.0033045865248025616,0.003665790074062575,0.0,0.0,0.003029996254628618,0.0029442242231968235,0.0,0.0,0.003304586524802562,0.004050848794594463,0.0,0.0,0.0033045865248025616,0.006321536232109366,0.6,0.6,0.003379031214901702,0.004992851678876325,0.4,0.4,0.0,0.0,0.0,0.0,0.0,0.0
CURRENT_BEST_WITH_DIVERGENCE_ALERTS,2025-12-26,XLB,XLI,0.009651678657361929,0.008914160485095564,0.0007375181722663656,0.3999999999999999,0.0003999999999999999,0.0,0.476,V2_TQQQ_TO_QQQM_OVERLAY,0.4385711773836554,0.19645474974974847,-0.459812061684548,0.6077227089238396,1.2339878273524012,1.1755091597186622,0.9899902539346053,1.2209115896133775,0.30614965165841157,-0.37757137646118544,0.37843297816612664,-0.9475572436977658,-0.7524591708924787,0.04793853754146826,-0.025536058490869817,-0.031111746888230485,0.025709543677955526,-0.001332040028998227,-0.00457863623979915,0.0,hybrid,off,0.0048232434035842525,0.004355170142765931,0.0,0.0,0.0046337061826183645,0.005353684737585877,0.0,0.0,0.0048232434035842525,0.006432004723644097,0.0,0.0,0.0048232434035842525,0.008914160485095564,0.4,0.4,0.0047691212813672,0.009651678657361929,0.6,0.6,0.0,0.0,0.0,0.0,0.0,0.0
CURRENT_BEST_WITH_DIVERGENCE_ALERTS,2026-01-12,XLE,XLI,0.025160038114017676,0.020082880302279477,0.0050771578117382,1.4,0.0014,0.0,0.23120000000000002,V2_TQQQ_TO_QQQM_OVERLAY,1.7566098154524885,-0.381514800766955,0.36073712720232365,0.20914091247192537,1.106220675756926,1.0379832993793414,1.5353299716167088,1.3627425882220796,0.4127344334066185,0.04652018928802876,0.14860822444460842,-1.7277063994376085,-0.8923289887816357,0.03864053477393581,0.07943408795127915,0.0,0.014974639035695292,0.005294296018939937,0.0,0.0,hybrid,off,0.010153662951635632,0.005162202030852589,0.0,0.0,0.016376989036755232,0.025160038114017676,0.7,0.7,0.014644170278456112,0.01428929582337356,0.0,0.0,0.014684976952160653,0.020082880302279477,0.30000000000000004,0.30000000000000004,0.015276878652423474,0.01940669649083189,0.0,0.0,0.0,0.0,0.0,0.0,0.0,0.0
CURRENT_BEST_WITH_DIVERGENCE_ALERTS,2026-01-27,XLE,XLI,0.05666970378433862,0.029848190936175828,0.02682151284816279,0.8,0.0008,0.0,0.85,V2_TQQQ_TO_QQQM_OVERLAY,1.2245177845914186,0.985658072403362,0.3116176283237557,1.8764659915146087,0.36928891816670395,0.6075939486250187,1.0632954247340494,0.7331203676623377,-0.2761905059621733,0.1951947160391408,-0.261445346950243,0.2461258696146153,0.27232257309827146,0.04069945616087178,0.06275161010584474,0.0,0.03786403845969377,0.006234585028797479,0.0,0.0,hybrid,off,0.007077550264896469,0.008256219749439263,0.0,0.0,0.051335641319304216,0.05666970378433862,0.8,0.4,0.024403809711596437,0.023812401297696024,0.0,0.0,0.02586798728173445,0.029848190936175828,0.19999999999999996,0.19999999999999996,0.02445726055376727,0.02531843546951917,0.0,0.0,0.0,0.0,0.0,0.4,0.0,0.0
CURRENT_BEST_WITH_DIVERGENCE_ALERTS,2026-02-10,XLE,XLI,0.024057141818617764,0.01921429651645201,0.004842845302165756,1.0,0.001,0.0,0.035402499999999996,V2_TQQQ_TO_QQQM_OVERLAY,0.46312812834943823,-0.4047191472591957,1.1092167858909443,0.6800870729356546,-0.07308171813113129,0.8638132906379099,1.1812732102346661,0.5539115791569094,-0.23262297535739299,0.3843804513536306,-0.17226387648710587,-0.9901093081069078,-0.15037887050776688,0.01675154102333254,0.0009969848539579385,-0.026860122012326126,-0.007998023592967196,-0.031056369022010588,-0.034437827597850856,0.0,hybrid,off,-0.0007611993137952534,-0.004419279232013835,0.0,0.0,0.024018258990631643,0.024057141818617764,0.6,0.3,0.018262642620315572,0.01611227457774229,0.0,0.0,0.01837583102649251,0.01921429651645201,0.4,0.2,0.018960087178056678,0.017074418642042073,0.0,0.0,0.0,0.5,0.0,0.0,0.0,0.0
CURRENT_BEST_WITH_DIVERGENCE_ALERTS,2026-02-25,XLE,XLI,0.006582805467830747,0.004531778537481214,0.0020510269303495327,1.0,0.001,0.0,0.14160999999999999,V2_TQQQ_TO_QQQM_OVERLAY,0.737355384880336,-0.1852185345240655,0.627810943126524,0.6373972247203069,-0.1669741970395699,0.7034307464738861,0.7166886494995636,0.27631938533741507,-0.08401587143836038,0.22609438268453852,-0.010846604900035708,-0.482679087605137,-0.03848307531247258,0.02816259670169674,0.047150134928774845,0.0,0.017844290682697883,0.008142038564500353,-0.02657618315372967,0.0,hybrid,off,0.0027020150180364416,0.0004562463812755784,0.0,0.0,0.0028960285434290658,0.006582805467830747,0.6,0.6,0.002773910346013624,0.0012793601732484594,0.0,0.0,0.0028667525020606597,0.004531778537481214,0.4,0.4,0.0028667525020606597,0.0026083794861022818,0.0,0.0,0.0,0.0,0.0,0.0,0.0,0.0
CURRENT_BEST_WITH_DIVERGENCE_ALERTS,2026-03-11,XLE,XSOE,0.039539864048500066,-0.008807718537445077,0.04834758258594514,1.0999999999999999,0.0010999999999999998,0.0,0.272,V2_TQQQ_TO_QQQM_OVERLAY,1.6765675052516285,0.0704926692572389,0.30221964993722455,-0.6148984070352745,-0.018692154733425365,0.4220975876185829,-0.24275008418886881,0.016615765288414283,0.7686485520709897,0.7562106478390318,-0.30205619879258483,0.1552473272924256,0.21403625635034518,0.0016103750985183574,-0.0704075778140496,-0.0704075778140496,-0.004614653406539104,-0.014261527714674038,-0.014261527714674038,2.0,hybrid,off,-0.01663084237034856,-0.021044912251850335,0.0,0.0,0.031213420657647716,0.039539864048500066,0.9,0.45,-0.006955550054989593,-0.008807718537445077,0.09999999999999998,0.09999999999999998,-0.012625285037423996,-0.013169280407311001,0.0,0.0,-0.012057790504261834,-0.012571563909155117,0.0,0.0,0.0,0.0,0.0,0.45,0.0,0.0
CURRENT_BEST_WITH_DIVERGENCE_ALERTS,2026-03-25,XSOE,XLB,0.027621670229756114,0.012133642975551,0.015488027254205115,1.8,0.0018000000000000002,0.0,0.136,V2_TQQQ_TO_QQQM_OVERLAY,0.7637377876265298,-0.11360943520999886,0.30552556593263547,-0.6168538648157141,-0.33212432607872977,0.1835015228577973,-0.4790732158673766,-0.24846780847574512,1.0823884021855672,1.3215299174538142,0.1604218955964134,0.24066722113371264,0.2666105590532818,0.02057396930240607,0.009859086754712143,-0.06124264547719527,-0.010811396476468338,-0.031566926958398134,-0.045378262069387776,2.0,hybrid,off,0.006029336942283923,0.0043156392262324985,0.0,0.0,0.0070494813201830535,0.010868170258315702,0.0,0.0,0.028688157864194062,0.027621670229756114,0.8,0.8,0.008630921971316617,0.008080975952637874,0.0,0.0,0.013085991798510707,0.012133642975551,0.19999999999999996,0.19999999999999996,0.0,0.0,0.0,0.0,0.0,0.0
CURRENT_BEST_WITH_DIVERGENCE_ALERTS,2026-04-09,XSOE,QQQM,0.031065967416949523,0.029966679412109735,0.0010992880048397886,0.8,0.0008,0.0,0.476,V2_TQQQ_TO_QQQM_OVERLAY,-0.2347698890176959,0.42667849676457137,-0.3089547006950141,1.2554465681332667,-0.3859917083521577,-0.15511604851385452,0.16352417741318492,-0.1548040875955436,0.6202327270412271,0.39396917486271543,0.7069840754284338,0.5394239778340442,0.20007250642242086,0.11842021483739118,0.09668359365258361,0.0,0.04431134766238687,0.038226283090920576,0.0,0.0,hybrid,off,0.026475337449449247,0.029966679412109735,0.4,0.4,0.025430143961882354,0.0250888011644707,0.0,0.0,0.03096078557922265,0.031065967416949523,0.6,0.6,0.02357823622241186,0.02357823622241186,0.0,0.0,0.022759845611699494,0.022759845611699494,0.0,0.0,0.0,0.0,0.0,0.0,0.0,0.0
CURRENT_BEST_WITH_DIVERGENCE_ALERTS,2026-04-23,QQQM,XSOE,0.0394912416023899,0.024552389759470605,0.014938851842919293,1.3038130860029002,0.0013038130860029004,0.9312950614306431,1.0,V2_TQQQ_TO_QQQM_OVERLAY,-1.289549761933068,2.2394122897254407,-1.4735261464529388,2.7761614932466374,0.42127700504394805,0.10536590132744655,-0.16208321801472014,0.22571347309074993,0.6831063541617534,-1.8714829045837844,-0.31354684894107565,2.090758598935646,0.6650447007802119,0.08634066133086882,0.16472544804439693,0.0,0.017179326689226615,0.06762736266413749,-0.00522933481306509,0.0,hybrid,off,0.026056542229069526,0.0394912416023899,0.7,0.04809345699854982,0.024726149600352437,0.022934619768572084,0.0,0.0,0.024698074176394393,0.024552389759470605,0.30000000000000004,0.30000000000000004,0.02184578853609347,0.02176474692708611,0.0,0.0,0.021159251286828794,0.021159251286828794,0.0,0.0,0.0,0.0,0.6519065430014501,0.0,0.0,0.0
CURRENT_BEST_WITH_DIVERGENCE_ALERTS,2026-05-07,QQQM,XSOE,0.040433816102064514,0.01893701571622786,0.021496800385836654,0.29618691399709984,0.00029618691399709983,1.0,1.0,V2_TQQQ_TO_QQQM_OVERLAY,-1.4110700734347696,2.7975478443621666,-1.880668620929367,2.5950956887243337,-0.23648491214635875,-0.271234585849486,-1.0859492605108823,-0.4917654740343046,0.6063801132762353,-2.14224089676225,-0.6904518274517579,3.42069347509689,1.300148636686387,0.06700758517884498,0.11646253912310933,-0.028626729111024485,0.04081484312717154,0.06673623519371619,-0.0009776073093108462,0.0,hybrid,off,0.0258331881316034,0.040433816102064514,0.8,0.0,0.017827589076370876,0.015589550800881143,0.0,0.0,0.01966467185215934,0.01893701571622786,0.19999999999999996,0.19999999999999996,0.01793233272334892,0.01738935809309348,0.0,0.0,0.01755783626380787,0.01731195352679072,0.0,0.0,0.0,0.0,0.8,0.0,0.0,0.0
CURRENT_BEST_WITH_DIVERGENCE_ALERTS,2026-05-21,QQQM,XSOE,0.03374123976474233,0.025211775202147402,0.00852946456259493,0.7459979056837347,0.0007459979056837347,0.7176488187531643,0.85,V2_TQQQ_TO_QQQM_OVERLAY,-0.32685292767532703,1.6616401363208828,-1.2507402616618248,1.3771512093085039,-0.32454359699240104,-0.09957574000692884,-0.8418395754926667,-0.45304686932134364,0.9191628017779874,-1.0496619291029206,-0.24715523455626648,2.2122134711035066,0.8270319779973739,-0.010037108765203251,0.06570410481363198,-0.015109924275012343,-0.007288180708367009,0.02827477486568508,-0.007288180708367009,0.0,hybrid,off,0.025479605346140514,0.03374123976474233,0.7,0.27299895284186726,0.018750235068395946,0.01742092295933924,0.0,0.0,0.026314770564280988,0.025211775202147402,0.30000000000000004,0.30000000000000004,0.019068092814888367,0.018647173027142035,0.0,0.0,0.01956147595541192,0.01933495252075125,0.0,0.0,0.0,0.0,0.4270010471581327,0.0,0.0,0.0
CURRENT_BEST_WITH_DIVERGENCE_ALERTS,2026-06-05,XSOE,XLB,0.015251191060353338,0.010698998761790715,0.004552192298562623,1.4,0.0014,0.0,0.08092,V2_TQQQ_TO_QQQM_OVERLAY,-0.16592092071109743,-0.03863758677866175,0.542197527124914,-0.09270922586321388,0.09532436602325699,-0.12579798562418948,-0.30062594167488565,-0.07772143487491706,0.7487532791878165,0.25813661033520224,-0.42084624811025806,0.0651866852067921,0.2559910219740409,-0.051504166263385276,0.028701574544829578,-0.12329446041874681,-0.04477563182454536,-0.013119852487073924,-0.05494260157149056,4.0,hybrid,off,0.01107609979372927,0.009955521355864118,0.0,0.0,0.008784935752864235,0.008784935752864235,0.0,0.0,0.01684924811468965,0.015251191060353338,0.6,0.6,0.010940433636897604,0.009964478088072758,0.0,0.0,0.011620734557903068,0.010698998761790715,0.4,0.4,0.0,0.0,0.0,0.0,0.0,0.0
CURRENT_BEST_WITH_DIVERGENCE_ALERTS,2026-06-22,QQQM,XLI,0.012954981637157971,0.008557589738323334,0.004397391898834637,2.0,0.002,0.5799130632944879,0.85,V2_TQQQ_TO_QQQM_OVERLAY,-0.5134007660739481,1.5499547572884531,-0.5490264589485041,2.109935035955402,-0.05192883955988651,0.296665063208825,0.5929391826753808,0.16312336432670307,0.8483746204861599,0.5205836080098946,0.3143310236426992,1.3009115177056896,0.5609363270440121,0.09907097501793016,0.21407449265475753,0.0,0.024381931647350363,0.04787907556524962,-0.00969412697863381,0.0,hybrid,off,0.0036124039059852848,0.012954981637157971,0.6,0.3042443377198112,0.00898175639655009,0.0077417925907193276,0.0,0.0,0.003213925061513875,0.0028844324806892785,0.0,0.0,0.005499412613516889,0.008557589738323334,0.4,0.4,0.006409749872174625,0.006409749872174625,0.0,0.0,0.0,0.0,0.2957556622801888,0.0,0.0,0.0
CURRENT_BEST_WITH_DIVERGENCE_ALERTS,2026-07-07,XLE,XSOE,0.012571755324520989,0.004484464266835844,0.008087291057685145,2.0,0.002,0.0,0.04046,V2_TQQQ_TO_QQQM_OVERLAY,-0.2865277615876515,-1.7254807524703435,0.9674376363017284,-1.6519826394048789,-0.6090775583097151,-0.36200380652779857,0.14150364857572828,-0.41262112090452074,0.7317884409387437,0.9548908385414125,0.4094972157368819,-1.4478663696623515,-0.48174476727671955,-0.10199393771403531,-0.15773805863087287,-0.15773805863087287,-0.019828798478718324,-0.03869687227454377,-0.0449383150593623,4.0,hybrid,off,0.005631402837826562,0.004182724705549843,0.0,0.0,0.012571755324520989,0.012571755324520989,0.7,0.6124999999999999,0.006151435862862705,0.004484464266835844,0.30000000000000004,0.30000000000000004,0.0017342303159178466,-7.157429425264702e-06,0.0,0.0,0.0026785557131654585,0.0010339117314525203,0.0,0.0,0.0,0.0,0.0,0.0875,0.0,0.0
