source_commit,captured_at_utc,record_origin,signal_date,execution_date,maturity_date,outcome_status,ETF,allocation_weights,final_portfolio_weight,expected_portfolio_return,expected_etf_return,strength,model_score,authority,source_model,macro_regime,growth_strength,usd_strength,vix_level,risk_off_strength,realized_etf_return,realized_portfolio_return,benchmark,benchmark_return,prediction_error,absolute_error,squared_error,direction_correct,prediction_rank,realized_rank,realized_etf_alpha,realized_portfolio_alpha
5c5d85f5a291763fa8328367622125b007e6dc32,2026-07-16T06:18:43+09:00,ACTUAL_COMMITTED_PRODUCTION_SNAPSHOT,2026-07-13,2026-07-14,2026-07-27,COMPLETED,FEZ,"{""QQQM"": 0.25, ""XLB"": 0.6, ""XLE"": 0.08, ""XLV"": 0.07}",0,0.0062871621707215001,0.0067926175787273004,52.700000000000003,0.0067926175787273004,LIVE_OVERLAY_OR_GATED_CANDIDATE,022F_BASE,Strong USD | VIX Unavailable | Weak Growth | Low Risk-Off,-0.85432405958900692,1.7161820688391367,,-0.20844711006177841,0.010374936054208916,-0.0069171889496709967,SPY,-0.015740830075228529,-0.003582318475481616,0.003582318475481616,1.283300565977693e-05,True,6.5,8,0.026115766129437445,0.0088236411255575332
5c5d85f5a291763fa8328367622125b007e6dc32,2026-07-16T06:18:43+09:00,ACTUAL_COMMITTED_PRODUCTION_SNAPSHOT,2026-07-13,2026-07-14,2026-07-27,COMPLETED,GLD,"{""QQQM"": 0.25, ""XLB"": 0.6, ""XLE"": 0.08, ""XLV"": 0.07}",0,0.0062871621707215001,-0.0020201236247498,7.2000000000000002,-0.0020201236247498,LIVE_OVERLAY_OR_GATED_CANDIDATE,022F_BASE,Strong USD | VIX Unavailable | Weak Growth | Low Risk-Off,-0.85432405958900692,1.7161820688391367,,-0.20844711006177841,0.020428730695531083,-0.0069171889496709967,SPY,-0.015740830075228529,-0.022448854320280882,0.022448854320280882,0.0005039510602931936,False,16,3,0.036169560770759612,0.0088236411255575332
5c5d85f5a291763fa8328367622125b007e6dc32,2026-07-16T06:18:43+09:00,ACTUAL_COMMITTED_PRODUCTION_SNAPSHOT,2026-07-13,2026-07-14,2026-07-27,COMPLETED,IEF,"{""QQQM"": 0.25, ""XLB"": 0.6, ""XLE"": 0.08, ""XLV"": 0.07}",0,0.0062871621707215001,0.0067512878142930001,68.200000000000003,0.0067512878142930001,RESEARCH,022F_BASE,Strong USD | VIX Unavailable | Weak Growth | Low Risk-Off,-0.85432405958900692,1.7161820688391367,,-0.20844711006177841,-0.0001072155229103755,-0.0069171889496709967,SPY,-0.015740830075228529,0.0068585033372033756,0.0068585033372033756,4.7039068026429841e-05,False,9,10,0.015633614552318154,0.0088236411255575332
5c5d85f5a291763fa8328367622125b007e6dc32,2026-07-16T06:18:43+09:00,ACTUAL_COMMITTED_PRODUCTION_SNAPSHOT,2026-07-13,2026-07-14,2026-07-27,COMPLETED,IWM,"{""QQQM"": 0.25, ""XLB"": 0.6, ""XLE"": 0.08, ""XLV"": 0.07}",0,0.0062871621707215001,0.0059151759633781003,21.199999999999999,0.0067926175787273004,LIVE_OVERLAY_OR_GATED_CANDIDATE,022F_BASE,Strong USD | VIX Unavailable | Weak Growth | Low Risk-Off,-0.85432405958900692,1.7161820688391367,,-0.20844711006177841,-0.0019422355965678095,-0.0069171889496709967,SPY,-0.015740830075228529,0.0078574115599459107,0.0078574115599459107,6.1738916422371634e-05,False,15,12,0.01379859447866072,0.0088236411255575332
5c5d85f5a291763fa8328367622125b007e6dc32,2026-07-16T06:18:43+09:00,ACTUAL_COMMITTED_PRODUCTION_SNAPSHOT,2026-07-13,2026-07-14,2026-07-27,COMPLETED,QQQM,"{""QQQM"": 0.25, ""XLB"": 0.6, ""XLE"": 0.08, ""XLV"": 0.07}",0.25,0.0062871621707215001,0.0066123798322115001,32.899999999999999,0.0064601122062572002,LIVE_EXECUTION_MODEL,022F_BASE,Strong USD | VIX Unavailable | Weak Growth | Low Risk-Off,-0.85432405958900692,1.7161820688391367,,-0.20844711006177841,-0.041629742403147318,-0.0069171889496709967,SPY,-0.015740830075228529,0.048242122235358821,0.048242122235358821,0.002327302357771302,False,11,15,-0.025888912327918789,0.0088236411255575332
5c5d85f5a291763fa8328367622125b007e6dc32,2026-07-16T06:18:43+09:00,ACTUAL_COMMITTED_PRODUCTION_SNAPSHOT,2026-07-13,2026-07-14,2026-07-27,COMPLETED,SOXX,"{""QQQM"": 0.25, ""XLB"": 0.6, ""XLE"": 0.08, ""XLV"": 0.07}",0,0.0062871621707215001,0.023252191520060299,83.400000000000006,0.023252191520060299,LIVE_OVERLAY_OR_GATED_CANDIDATE,022F_BASE,Strong USD | VIX Unavailable | Weak Growth | Low Risk-Off,-0.85432405958900692,1.7161820688391367,,-0.20844711006177841,-0.067520467245681726,-0.0069171889496709967,SPY,-0.015740830075228529,0.090772658765742031,0.090772658765742031,0.0082396755794018443,False,1,16,-0.051779637170453197,0.0088236411255575332
5c5d85f5a291763fa8328367622125b007e6dc32,2026-07-16T06:18:43+09:00,ACTUAL_COMMITTED_PRODUCTION_SNAPSHOT,2026-07-13,2026-07-14,2026-07-27,COMPLETED,TLT,"{""QQQM"": 0.25, ""XLB"": 0.6, ""XLE"": 0.08, ""XLV"": 0.07}",0,0.0062871621707215001,0.0068186906250640002,83.200000000000003,0.0068186906250640002,LIVE_OVERLAY_OR_GATED_CANDIDATE,022F_BASE,Strong USD | VIX Unavailable | Weak Growth | Low Risk-Off,-0.85432405958900692,1.7161820688391367,,-0.20844711006177841,-0.0026199978266628898,-0.0069171889496709967,SPY,-0.015740830075228529,0.0094386884517268892,0.0094386884517268892,8.9088839688762544e-05,False,4,13,0.013120832248565639,0.0088236411255575332
5c5d85f5a291763fa8328367622125b007e6dc32,2026-07-16T06:18:43+09:00,ACTUAL_COMMITTED_PRODUCTION_SNAPSHOT,2026-07-13,2026-07-14,2026-07-27,COMPLETED,XLB,"{""QQQM"": 0.25, ""XLB"": 0.6, ""XLE"": 0.08, ""XLV"": 0.07}",0.59999999999999998,0.0062871621707215001,0.0061061447511916002,31.199999999999999,0.0067926175787273004,LIVE_EXECUTION_MODEL,022F_BASE,Strong USD | VIX Unavailable | Weak Growth | Low Risk-Off,-0.85432405958900692,1.7161820688391367,,-0.20844711006177841,0.016014186027498933,-0.0069171889496709967,SPY,-0.015740830075228529,-0.009908041276307334,0.009908041276307334,9.8169281933009871e-05,True,14,4,0.031755016102727462,0.0088236411255575332
5c5d85f5a291763fa8328367622125b007e6dc32,2026-07-16T06:18:43+09:00,ACTUAL_COMMITTED_PRODUCTION_SNAPSHOT,2026-07-13,2026-07-14,2026-07-27,COMPLETED,XLE,"{""QQQM"": 0.25, ""XLB"": 0.6, ""XLE"": 0.08, ""XLV"": 0.07}",0.080000000000000002,0.0062871621707215001,0.0061862141430354001,23.699999999999999,0.0061862141430354001,LIVE_EXECUTION_MODEL,022F_BASE,Strong USD | VIX Unavailable | Weak Growth | Low Risk-Off,-0.85432405958900692,1.7161820688391367,,-0.20844711006177841,0.028551266900994188,-0.0069171889496709967,SPY,-0.015740830075228529,-0.022365052757958789,0.022365052757958789,0.00050019558486628002,True,13,1,0.044292096976222717,0.0088236411255575332
5c5d85f5a291763fa8328367622125b007e6dc32,2026-07-16T06:18:43+09:00,ACTUAL_COMMITTED_PRODUCTION_SNAPSHOT,2026-07-13,2026-07-14,2026-07-27,COMPLETED,XLF,"{""QQQM"": 0.25, ""XLB"": 0.6, ""XLE"": 0.08, ""XLV"": 0.07}",0,0.0062871621707215001,0.0070457425949505999,84.400000000000006,0.0067063488164494003,RESEARCH,022F_BASE,Strong USD | VIX Unavailable | Weak Growth | Low Risk-Off,-0.85432405958900692,1.7161820688391367,,-0.20844711006177841,0.014446252500439849,-0.0069171889496709967,SPY,-0.015740830075228529,-0.0074005099054892491,0.0074005099054892491,5.4767546861244493e-05,True,3,6,0.030187082575668378,0.0088236411255575332
5c5d85f5a291763fa8328367622125b007e6dc32,2026-07-16T06:18:43+09:00,ACTUAL_COMMITTED_PRODUCTION_SNAPSHOT,2026-07-13,2026-07-14,2026-07-27,COMPLETED,XLI,"{""QQQM"": 0.25, ""XLB"": 0.6, ""XLE"": 0.08, ""XLV"": 0.07}",0,0.0062871621707215001,0.0062777629580755001,35.899999999999999,0.0067926175787273004,LIVE_EXECUTION_MODEL,022F_BASE,Strong USD | VIX Unavailable | Weak Growth | Low Risk-Off,-0.85432405958900692,1.7161820688391367,,-0.20844711006177841,0.015689981192359648,-0.0069171889496709967,SPY,-0.015740830075228529,-0.0094122182342841476,0.0094122182342841476,8.8589852089790994e-05,True,12,5,0.031430811267588177,0.0088236411255575332
5c5d85f5a291763fa8328367622125b007e6dc32,2026-07-16T06:18:43+09:00,ACTUAL_COMMITTED_PRODUCTION_SNAPSHOT,2026-07-13,2026-07-14,2026-07-27,COMPLETED,XLP,"{""QQQM"": 0.25, ""XLB"": 0.6, ""XLE"": 0.08, ""XLV"": 0.07}",0,0.0062871621707215001,0.0067926175787273004,70.200000000000003,0.0067926175787273004,LIVE_OVERLAY_OR_GATED_CANDIDATE,022F_BASE,Strong USD | VIX Unavailable | Weak Growth | Low Risk-Off,-0.85432405958900692,1.7161820688391367,,-0.20844711006177841,0.0091027817212001594,-0.0069171889496709967,SPY,-0.015740830075228529,-0.002310164142472859,0.002310164142472859,5.3368583651673603e-06,True,6.5,9,0.024843611796428688,0.0088236411255575332
5c5d85f5a291763fa8328367622125b007e6dc32,2026-07-16T06:18:43+09:00,ACTUAL_COMMITTED_PRODUCTION_SNAPSHOT,2026-07-13,2026-07-14,2026-07-27,COMPLETED,XLRE,"{""QQQM"": 0.25, ""XLB"": 0.6, ""XLE"": 0.08, ""XLV"": 0.07}",0,0.0062871621707215001,0.0067926175787273004,65.799999999999997,0.0067926175787273004,LIVE_OVERLAY_OR_GATED_CANDIDATE,022F_BASE,Strong USD | VIX Unavailable | Weak Growth | Low Risk-Off,-0.85432405958900692,1.7161820688391367,,-0.20844711006177841,0.023713591510105436,-0.0069171889496709967,SPY,-0.015740830075228529,-0.016920973931378137,0.016920973931378137,0.00028631935878637848,True,6.5,2,0.039454421585333965,0.0088236411255575332
5c5d85f5a291763fa8328367622125b007e6dc32,2026-07-16T06:18:43+09:00,ACTUAL_COMMITTED_PRODUCTION_SNAPSHOT,2026-07-13,2026-07-14,2026-07-27,COMPLETED,XLU,"{""QQQM"": 0.25, ""XLB"": 0.6, ""XLE"": 0.08, ""XLV"": 0.07}",0,0.0062871621707215001,0.0067063488164494003,47.299999999999997,0.0067063488164494003,LIVE_OVERLAY_OR_GATED_CANDIDATE,022F_BASE,Strong USD | VIX Unavailable | Weak Growth | Low Risk-Off,-0.85432405958900692,1.7161820688391367,,-0.20844711006177841,-0.00087491063996802954,-0.0069171889496709967,SPY,-0.015740830075228529,0.0075812594564174298,0.0075812594564174298,5.74754949455187e-05,False,10,11,0.0148659194352605,0.0088236411255575332
5c5d85f5a291763fa8328367622125b007e6dc32,2026-07-16T06:18:43+09:00,ACTUAL_COMMITTED_PRODUCTION_SNAPSHOT,2026-07-13,2026-07-14,2026-07-27,COMPLETED,XLV,"{""QQQM"": 0.25, ""XLB"": 0.6, ""XLE"": 0.08, ""XLV"": 0.07}",0.070000000000000007,0.0062871621707215001,0.0067926175787273004,63.700000000000003,0.0067926175787273004,LIVE_OVERLAY_OR_GATED_CANDIDATE,022F_BASE,Strong USD | VIX Unavailable | Weak Growth | Low Risk-Off,-0.85432405958900692,1.7161820688391367,,-0.20844711006177841,0.012328791210120871,-0.0069171889496709967,SPY,-0.015740830075228529,-0.0055361736313935704,0.0055361736313935704,3.0649218476937473e-05,True,6.5,7,0.0280696212853494,0.0088236411255575332
5c5d85f5a291763fa8328367622125b007e6dc32,2026-07-16T06:18:43+09:00,ACTUAL_COMMITTED_PRODUCTION_SNAPSHOT,2026-07-13,2026-07-14,2026-07-27,COMPLETED,XSOE,"{""QQQM"": 0.25, ""XLB"": 0.6, ""XLE"": 0.08, ""XLV"": 0.07}",0,0.0062871621707215001,0.0139996845054585,85.5,0.015845928311729401,LIVE_EXECUTION_MODEL,022F_BASE,Strong USD | VIX Unavailable | Weak Growth | Low Risk-Off,-0.85432405958900692,1.7161820688391367,,-0.20844711006177841,-0.022106642203218341,-0.0069171889496709967,SPY,-0.015740830075228529,0.036106326708676841,0.036106326708676841,0.0013036668283937106,False,2,14,-0.0063658121279898117,0.0088236411255575332
09314057f03d1acaa339ba322a95198fd2712a36,2026-07-16T01:30:45Z,ACTUAL_COMMITTED_PRODUCTION_SNAPSHOT,2026-07-15,2026-07-16,,PENDING,FEZ,"{""QQQM"": 0.32, ""XLB"": 0.6, ""XLE"": 0.08}",0,0.0044024763772309997,0.0056199868132012004,62.600000000000001,0.0056199868132012004,LIVE_OVERLAY_OR_GATED_CANDIDATE,022F_BASE,Strong USD | VIX Unavailable | Weak Growth | High Risk-Off,-1.6051329510522587,1.5241630757551337,,0.40460961379046462,,,SPY,,,,,,5.5,,,
09314057f03d1acaa339ba322a95198fd2712a36,2026-07-16T01:30:45Z,ACTUAL_COMMITTED_PRODUCTION_SNAPSHOT,2026-07-15,2026-07-16,,PENDING,GLD,"{""QQQM"": 0.32, ""XLB"": 0.6, ""XLE"": 0.08}",0,0.0044024763772309997,0.0029280338792811002,11.800000000000001,0.0029280338792811002,LIVE_OVERLAY_OR_GATED_CANDIDATE,022F_BASE,Strong USD | VIX Unavailable | Weak Growth | High Risk-Off,-1.6051329510522587,1.5241630757551337,,0.40460961379046462,,,SPY,,,,,,16,,,
09314057f03d1acaa339ba322a95198fd2712a36,2026-07-16T01:30:45Z,ACTUAL_COMMITTED_PRODUCTION_SNAPSHOT,2026-07-15,2026-07-16,,PENDING,IEF,"{""QQQM"": 0.32, ""XLB"": 0.6, ""XLE"": 0.08}",0,0.0044024763772309997,0.0055593253343761998,74.900000000000006,0.0055593253343761998,RESEARCH,022F_BASE,Strong USD | VIX Unavailable | Weak Growth | High Risk-Off,-1.6051329510522587,1.5241630757551337,,0.40460961379046462,,,SPY,,,,,,7,,,
09314057f03d1acaa339ba322a95198fd2712a36,2026-07-16T01:30:45Z,ACTUAL_COMMITTED_PRODUCTION_SNAPSHOT,2026-07-15,2026-07-16,,PENDING,IWM,"{""QQQM"": 0.32, ""XLB"": 0.6, ""XLE"": 0.08}",0,0.0044024763772309997,0.0040204398940899,22.600000000000001,0.0056199868132012004,LIVE_OVERLAY_OR_GATED_CANDIDATE,022F_BASE,Strong USD | VIX Unavailable | Weak Growth | High Risk-Off,-1.6051329510522587,1.5241630757551337,,0.40460961379046462,,,SPY,,,,,,15,,,
09314057f03d1acaa339ba322a95198fd2712a36,2026-07-16T01:30:45Z,ACTUAL_COMMITTED_PRODUCTION_SNAPSHOT,2026-07-15,2026-07-16,,PENDING,QQQM,"{""QQQM"": 0.32, ""XLB"": 0.6, ""XLE"": 0.08}",0.32000000000000001,0.0044024763772309997,0.0044221094502191003,25.100000000000001,0.0052690023693932999,LIVE_EXECUTION_MODEL,022F_BASE,Strong USD | VIX Unavailable | Weak Growth | High Risk-Off,-1.6051329510522587,1.5241630757551337,,0.40460961379046462,,,SPY,,,,,,13,,,
09314057f03d1acaa339ba322a95198fd2712a36,2026-07-16T01:30:45Z,ACTUAL_COMMITTED_PRODUCTION_SNAPSHOT,2026-07-15,2026-07-16,,PENDING,SOXX,"{""QQQM"": 0.32, ""XLB"": 0.6, ""XLE"": 0.08}",0,0.0044024763772309997,0.0141723777240494,78,0.015062518874388401,LIVE_OVERLAY_OR_GATED_CANDIDATE,022F_BASE,Strong USD | VIX Unavailable | Weak Growth | High Risk-Off,-1.6051329510522587,1.5241630757551337,,0.40460961379046462,,,SPY,,,,,,1,,,
09314057f03d1acaa339ba322a95198fd2712a36,2026-07-16T01:30:45Z,ACTUAL_COMMITTED_PRODUCTION_SNAPSHOT,2026-07-15,2026-07-16,,PENDING,TLT,"{""QQQM"": 0.32, ""XLB"": 0.6, ""XLE"": 0.08}",0,0.0044024763772309997,0.0058617606874734,83.09999999999998,0.0058617606874734,LIVE_OVERLAY_OR_GATED_CANDIDATE,022F_BASE,Strong USD | VIX Unavailable | Weak Growth | High Risk-Off,-1.6051329510522587,1.5241630757551337,,0.40460961379046462,,,SPY,,,,,,4,,,
09314057f03d1acaa339ba322a95198fd2712a36,2026-07-16T01:30:45Z,ACTUAL_COMMITTED_PRODUCTION_SNAPSHOT,2026-07-15,2026-07-16,,PENDING,XLB,"{""QQQM"": 0.32, ""XLB"": 0.6, ""XLE"": 0.08}",0.59999999999999998,0.0044024763772309997,0.0043224852394553002,30.399999999999999,0.0056199868132012004,LIVE_EXECUTION_MODEL,022F_BASE,Strong USD | VIX Unavailable | Weak Growth | High Risk-Off,-1.6051329510522587,1.5241630757551337,,0.40460961379046462,,,SPY,,,,,,14,,,
09314057f03d1acaa339ba322a95198fd2712a36,2026-07-16T01:30:45Z,ACTUAL_COMMITTED_PRODUCTION_SNAPSHOT,2026-07-15,2026-07-16,,PENDING,XLE,"{""QQQM"": 0.32, ""XLB"": 0.6, ""XLE"": 0.08}",0.080000000000000002,0.0044024763772309997,0.0049238776185973002,34.200000000000003,0.0049238776185973002,LIVE_EXECUTION_MODEL,022F_BASE,Strong USD | VIX Unavailable | Weak Growth | High Risk-Off,-1.6051329510522587,1.5241630757551337,,0.40460961379046462,,,SPY,,,,,,11,,,
09314057f03d1acaa339ba322a95198fd2712a36,2026-07-16T01:30:45Z,ACTUAL_COMMITTED_PRODUCTION_SNAPSHOT,2026-07-15,2026-07-16,,PENDING,XLF,"{""QQQM"": 0.32, ""XLB"": 0.6, ""XLE"": 0.08}",0,0.0044024763772309997,0.0050531979146909,61.700000000000003,0.0055444968428921002,RESEARCH,022F_BASE,Strong USD | VIX Unavailable | Weak Growth | High Risk-Off,-1.6051329510522587,1.5241630757551337,,0.40460961379046462,,,SPY,,,,,,10,,,
09314057f03d1acaa339ba322a95198fd2712a36,2026-07-16T01:30:45Z,ACTUAL_COMMITTED_PRODUCTION_SNAPSHOT,2026-07-15,2026-07-16,,PENDING,XLI,"{""QQQM"": 0.32, ""XLB"": 0.6, ""XLE"": 0.08}",0,0.0044024763772309997,0.0044344405856518001,35.100000000000001,0.0056199868132012004,LIVE_EXECUTION_MODEL,022F_BASE,Strong USD | VIX Unavailable | Weak Growth | High Risk-Off,-1.6051329510522587,1.5241630757551337,,0.40460961379046462,,,SPY,,,,,,12,,,
09314057f03d1acaa339ba322a95198fd2712a36,2026-07-16T01:30:45Z,ACTUAL_COMMITTED_PRODUCTION_SNAPSHOT,2026-07-15,2026-07-16,,PENDING,XLP,"{""QQQM"": 0.32, ""XLB"": 0.6, ""XLE"": 0.08}",0,0.0044024763772309997,0.0055444968428921002,61,0.0055444968428921002,LIVE_OVERLAY_OR_GATED_CANDIDATE,022F_BASE,Strong USD | VIX Unavailable | Weak Growth | High Risk-Off,-1.6051329510522587,1.5241630757551337,,0.40460961379046462,,,SPY,,,,,,8.5,,,
09314057f03d1acaa339ba322a95198fd2712a36,2026-07-16T01:30:45Z,ACTUAL_COMMITTED_PRODUCTION_SNAPSHOT,2026-07-15,2026-07-16,,PENDING,XLRE,"{""QQQM"": 0.32, ""XLB"": 0.6, ""XLE"": 0.08}",0,0.0044024763772309997,0.0055444968428921002,58.799999999999997,0.0055444968428921002,LIVE_OVERLAY_OR_GATED_CANDIDATE,022F_BASE,Strong USD | VIX Unavailable | Weak Growth | High Risk-Off,-1.6051329510522587,1.5241630757551337,,0.40460961379046462,,,SPY,,,,,,8.5,,,
09314057f03d1acaa339ba322a95198fd2712a36,2026-07-16T01:30:45Z,ACTUAL_COMMITTED_PRODUCTION_SNAPSHOT,2026-07-15,2026-07-16,,PENDING,XLU,"{""QQQM"": 0.32, ""XLB"": 0.6, ""XLE"": 0.08}",0,0.0044024763772309997,0.0056199868132012004,64.799999999999997,0.0056199868132012004,LIVE_OVERLAY_OR_GATED_CANDIDATE,022F_BASE,Strong USD | VIX Unavailable | Weak Growth | High Risk-Off,-1.6051329510522587,1.5241630757551337,,0.40460961379046462,,,SPY,,,,,,5.5,,,
09314057f03d1acaa339ba322a95198fd2712a36,2026-07-16T01:30:45Z,ACTUAL_COMMITTED_PRODUCTION_SNAPSHOT,2026-07-15,2026-07-16,,PENDING,XLV,"{""QQQM"": 0.32, ""XLB"": 0.6, ""XLE"": 0.08}",0,0.0044024763772309997,0.0060252710048158001,75.59999999999998,0.0056611223524044001,LIVE_OVERLAY_OR_GATED_CANDIDATE,022F_BASE,Strong USD | VIX Unavailable | Weak Growth | High Risk-Off,-1.6051329510522587,1.5241630757551337,,0.40460961379046462,,,SPY,,,,,,3,,,
09314057f03d1acaa339ba322a95198fd2712a36,2026-07-16T01:30:45Z,ACTUAL_COMMITTED_PRODUCTION_SNAPSHOT,2026-07-15,2026-07-16,,PENDING,XSOE,"{""QQQM"": 0.32, ""XLB"": 0.6, ""XLE"": 0.08}",0,0.0044024763772309997,0.012506234378466201,85.799999999999983,0.014970611081461201,LIVE_EXECUTION_MODEL,022F_BASE,Strong USD | VIX Unavailable | Weak Growth | High Risk-Off,-1.6051329510522587,1.5241630757551337,,0.40460961379046462,,,SPY,,,,,,2,,,
5a6d7061c51b758f67f34fde7577b0c399c957c0,2026-07-16T21:52:40Z,ACTUAL_COMMITTED_PRODUCTION_SNAPSHOT,2026-07-16,2026-07-17,,PENDING,FEZ,"{""QQQM"": 0.3, ""XSOE"": 0.7}",0,0.0093825685907919995,0.0071921011135741,68,0.0071921011135741,LIVE_OVERLAY_OR_GATED_CANDIDATE,022F_BASE,Strong USD | VIX Unavailable | Weak Growth | High Risk-Off,-2.4541434448711423,1.7351874526614488,,1.2657260237211141,,,SPY,,,,,,4,,,
5a6d7061c51b758f67f34fde7577b0c399c957c0,2026-07-16T21:52:40Z,ACTUAL_COMMITTED_PRODUCTION_SNAPSHOT,2026-07-16,2026-07-17,,PENDING,GLD,"{""QQQM"": 0.3, ""XSOE"": 0.7}",0,0.0093825685907919995,0.0066864141433295001,43,0.0066864141433295001,LIVE_OVERLAY_OR_GATED_CANDIDATE,022F_BASE,Strong USD | VIX Unavailable | Weak Growth | High Risk-Off,-2.4541434448711423,1.7351874526614488,,1.2657260237211141,,,SPY,,,,,,10,,,
5a6d7061c51b758f67f34fde7577b0c399c957c0,2026-07-16T21:52:40Z,ACTUAL_COMMITTED_PRODUCTION_SNAPSHOT,2026-07-16,2026-07-17,,PENDING,IEF,"{""QQQM"": 0.3, ""XSOE"": 0.7}",0,0.0093825685907919995,0.0067481498724556999,68.299999999999997,0.0067481498724556999,RESEARCH,022F_BASE,Strong USD | VIX Unavailable | Weak Growth | High Risk-Off,-2.4541434448711423,1.7351874526614488,,1.2657260237211141,,,SPY,,,,,,9,,,
5a6d7061c51b758f67f34fde7577b0c399c957c0,2026-07-16T21:52:40Z,ACTUAL_COMMITTED_PRODUCTION_SNAPSHOT,2026-07-16,2026-07-17,,PENDING,IWM,"{""QQQM"": 0.3, ""XSOE"": 0.7}",0,0.0093825685907919995,0.0035215866429271002,12.6,0.0069580296910891001,LIVE_OVERLAY_OR_GATED_CANDIDATE,022F_BASE,Strong USD | VIX Unavailable | Weak Growth | High Risk-Off,-2.4541434448711423,1.7351874526614488,,1.2657260237211141,,,SPY,,,,,,16,,,
5a6d7061c51b758f67f34fde7577b0c399c957c0,2026-07-16T21:52:40Z,ACTUAL_COMMITTED_PRODUCTION_SNAPSHOT,2026-07-16,2026-07-17,,PENDING,QQQM,"{""QQQM"": 0.3, ""XSOE"": 0.7}",0.29999999999999999,0.0093825685907919995,0.0055127693844713999,25.899999999999999,0.0079784899879776008,LIVE_EXECUTION_MODEL,022F_BASE,Strong USD | VIX Unavailable | Weak Growth | High Risk-Off,-2.4541434448711423,1.7351874526614488,,1.2657260237211141,,,SPY,,,,,,13,,,
5a6d7061c51b758f67f34fde7577b0c399c957c0,2026-07-16T21:52:40Z,ACTUAL_COMMITTED_PRODUCTION_SNAPSHOT,2026-07-16,2026-07-17,,PENDING,SOXX,"{""QQQM"": 0.3, ""XSOE"": 0.7}",0,0.0093825685907919995,0.0314179904525069,94.299999999999997,0.0342025877046934,LIVE_OVERLAY_OR_GATED_CANDIDATE,022F_BASE,Strong USD | VIX Unavailable | Weak Growth | High Risk-Off,-2.4541434448711423,1.7351874526614488,,1.2657260237211141,,,SPY,,,,,,1,,,
5a6d7061c51b758f67f34fde7577b0c399c957c0,2026-07-16T21:52:40Z,ACTUAL_COMMITTED_PRODUCTION_SNAPSHOT,2026-07-16,2026-07-17,,PENDING,TLT,"{""QQQM"": 0.3, ""XSOE"": 0.7}",0,0.0093825685907919995,0.0073026570386700998,86.700000000000003,0.0073026570386700998,LIVE_OVERLAY_OR_GATED_CANDIDATE,022F_BASE,Strong USD | VIX Unavailable | Weak Growth | High Risk-Off,-2.4541434448711423,1.7351874526614488,,1.2657260237211141,,,SPY,,,,,,3,,,
5a6d7061c51b758f67f34fde7577b0c399c957c0,2026-07-16T21:52:40Z,ACTUAL_COMMITTED_PRODUCTION_SNAPSHOT,2026-07-16,2026-07-17,,PENDING,XLB,"{""QQQM"": 0.3, ""XSOE"": 0.7}",0,0.0093825685907919995,0.0046846209723635001,28.199999999999999,0.0075304301937540001,LIVE_EXECUTION_MODEL,022F_BASE,Strong USD | VIX Unavailable | Weak Growth | High Risk-Off,-2.4541434448711423,1.7351874526614488,,1.2657260237211141,,,SPY,,,,,,14,,,
5a6d7061c51b758f67f34fde7577b0c399c957c0,2026-07-16T21:52:40Z,ACTUAL_COMMITTED_PRODUCTION_SNAPSHOT,2026-07-16,2026-07-17,,PENDING,XLE,"{""QQQM"": 0.3, ""XSOE"": 0.7}",0,0.0093825685907919995,0.0059651869558793001,31.5,0.0059651869558793001,LIVE_EXECUTION_MODEL,022F_BASE,Strong USD | VIX Unavailable | Weak Growth | High Risk-Off,-2.4541434448711423,1.7351874526614488,,1.2657260237211141,,,SPY,,,,,,12,,,
5a6d7061c51b758f67f34fde7577b0c399c957c0,2026-07-16T21:52:40Z,ACTUAL_COMMITTED_PRODUCTION_SNAPSHOT,2026-07-16,2026-07-17,,PENDING,XLF,"{""QQQM"": 0.3, ""XSOE"": 0.7}",0,0.0093825685907919995,0.0060050704896478999,54.600000000000001,0.0077324938007593,RESEARCH,022F_BASE,Strong USD | VIX Unavailable | Weak Growth | High Risk-Off,-2.4541434448711423,1.7351874526614488,,1.2657260237211141,,,SPY,,,,,,11,,,
5a6d7061c51b758f67f34fde7577b0c399c957c0,2026-07-16T21:52:40Z,ACTUAL_COMMITTED_PRODUCTION_SNAPSHOT,2026-07-16,2026-07-17,,PENDING,XLI,"{""QQQM"": 0.3, ""XSOE"": 0.7}",0,0.0093825685907919995,0.0044520099084472001,18.199999999999999,0.0072508729869438003,LIVE_EXECUTION_MODEL,022F_BASE,Strong USD | VIX Unavailable | Weak Growth | High Risk-Off,-2.4541434448711423,1.7351874526614488,,1.2657260237211141,,,SPY,,,,,,15,,,
5a6d7061c51b758f67f34fde7577b0c399c957c0,2026-07-16T21:52:40Z,ACTUAL_COMMITTED_PRODUCTION_SNAPSHOT,2026-07-16,2026-07-17,,PENDING,XLP,"{""QQQM"": 0.3, ""XSOE"": 0.7}",0,0.0093825685907919995,0.0071582277823221,73.299999999999983,0.0071582277823221,LIVE_OVERLAY_OR_GATED_CANDIDATE,022F_BASE,Strong USD | VIX Unavailable | Weak Growth | High Risk-Off,-2.4541434448711423,1.7351874526614488,,1.2657260237211141,,,SPY,,,,,,5.5,,,
5a6d7061c51b758f67f34fde7577b0c399c957c0,2026-07-16T21:52:40Z,ACTUAL_COMMITTED_PRODUCTION_SNAPSHOT,2026-07-16,2026-07-17,,PENDING,XLRE,"{""QQQM"": 0.3, ""XSOE"": 0.7}",0,0.0093825685907919995,0.0071582277823221,67.700000000000003,0.0071582277823221,LIVE_OVERLAY_OR_GATED_CANDIDATE,022F_BASE,Strong USD | VIX Unavailable | Weak Growth | High Risk-Off,-2.4541434448711423,1.7351874526614488,,1.2657260237211141,,,SPY,,,,,,5.5,,,
5a6d7061c51b758f67f34fde7577b0c399c957c0,2026-07-16T21:52:40Z,ACTUAL_COMMITTED_PRODUCTION_SNAPSHOT,2026-07-16,2026-07-17,,PENDING,XLU,"{""QQQM"": 0.3, ""XSOE"": 0.7}",0,0.0093825685907919995,0.0071354758509364,62,0.0071354758509364,LIVE_OVERLAY_OR_GATED_CANDIDATE,022F_BASE,Strong USD | VIX Unavailable | Weak Growth | High Risk-Off,-2.4541434448711423,1.7351874526614488,,1.2657260237211141,,,SPY,,,,,,7,,,
5a6d7061c51b758f67f34fde7577b0c399c957c0,2026-07-16T21:52:40Z,ACTUAL_COMMITTED_PRODUCTION_SNAPSHOT,2026-07-16,2026-07-17,,PENDING,XLV,"{""QQQM"": 0.3, ""XSOE"": 0.7}",0,0.0093825685907919995,0.0071143279522418003,56.399999999999999,0.0071143279522418003,LIVE_OVERLAY_OR_GATED_CANDIDATE,022F_BASE,Strong USD | VIX Unavailable | Weak Growth | High Risk-Off,-2.4541434448711423,1.7351874526614488,,1.2657260237211141,,,SPY,,,,,,8,,,
5a6d7061c51b758f67f34fde7577b0c399c957c0,2026-07-16T21:52:40Z,ACTUAL_COMMITTED_PRODUCTION_SNAPSHOT,2026-07-16,2026-07-17,,PENDING,XSOE,"{""QQQM"": 0.3, ""XSOE"": 0.7}",0.69999999999999996,0.0093825685907919995,0.011041053964929401,72.799999999999983,0.014903717547348001,LIVE_EXECUTION_MODEL,022F_BASE,Strong USD | VIX Unavailable | Weak Growth | High Risk-Off,-2.4541434448711423,1.7351874526614488,,1.2657260237211141,,,SPY,,,,,,2,,,
c4f770117ff9d3f952ce9929475431b57b3144ff,2026-07-17T14:44:56Z,ACTUAL_COMMITTED_PRODUCTION_SNAPSHOT,2026-07-17,2026-07-20,,PENDING,FEZ,"{""QQQM"": 0.1999999999999999, ""XSOE"": 0.8}",0,0.0097659335907998007,0.0078049474234332004,71.400000000000006,0.0078049474234332004,LIVE_OVERLAY_OR_GATED_CANDIDATE,022F_BASE,Strong USD | VIX Unavailable | Weak Growth | High Risk-Off,-2.098938668619672,1.625949886447803,,1.2810857805973974,,,SPY,,,,,,3,,,
c4f770117ff9d3f952ce9929475431b57b3144ff,2026-07-17T14:44:56Z,ACTUAL_COMMITTED_PRODUCTION_SNAPSHOT,2026-07-17,2026-07-20,,PENDING,GLD,"{""QQQM"": 0.1999999999999999, ""XSOE"": 0.8}",0,0.0097659335907998007,0.0067982429931452999,43,0.0067982429931452999,LIVE_OVERLAY_OR_GATED_CANDIDATE,022F_BASE,Strong USD | VIX Unavailable | Weak Growth | High Risk-Off,-2.098938668619672,1.625949886447803,,1.2810857805973974,,,SPY,,,,,,10,,,
c4f770117ff9d3f952ce9929475431b57b3144ff,2026-07-17T14:44:56Z,ACTUAL_COMMITTED_PRODUCTION_SNAPSHOT,2026-07-17,2026-07-20,,PENDING,IEF,"{""QQQM"": 0.1999999999999999, ""XSOE"": 0.8}",0,0.0097659335907998007,0.0074998273325949001,82,0.0074998273325949001,RESEARCH,022F_BASE,Strong USD | VIX Unavailable | Weak Growth | High Risk-Off,-2.098938668619672,1.625949886447803,,1.2810857805973974,,,SPY,,,,,,5,,,
c4f770117ff9d3f952ce9929475431b57b3144ff,2026-07-17T14:44:56Z,ACTUAL_COMMITTED_PRODUCTION_SNAPSHOT,2026-07-17,2026-07-20,,PENDING,IWM,"{""QQQM"": 0.1999999999999999, ""XSOE"": 0.8}",0,0.0097659335907998007,0.0039384065690181002,12.6,0.0074223082176778001,LIVE_OVERLAY_OR_GATED_CANDIDATE,022F_BASE,Strong USD | VIX Unavailable | Weak Growth | High Risk-Off,-2.098938668619672,1.625949886447803,,1.2810857805973974,,,SPY,,,,,,16,,,
c4f770117ff9d3f952ce9929475431b57b3144ff,2026-07-17T14:44:56Z,ACTUAL_COMMITTED_PRODUCTION_SNAPSHOT,2026-07-17,2026-07-20,,PENDING,QQQM,"{""QQQM"": 0.1999999999999999, ""XSOE"": 0.8}",0.1999999999999999,0.0097659335907998007,0.0055717948300296003,23.699999999999999,0.0081691215340639993,LIVE_EXECUTION_MODEL,022F_BASE,Strong USD | VIX Unavailable | Weak Growth | High Risk-Off,-2.098938668619672,1.625949886447803,,1.2810857805973974,,,SPY,,,,,,13,,,
c4f770117ff9d3f952ce9929475431b57b3144ff,2026-07-17T14:44:56Z,ACTUAL_COMMITTED_PRODUCTION_SNAPSHOT,2026-07-17,2026-07-20,,PENDING,SOXX,"{""QQQM"": 0.1999999999999999, ""XSOE"": 0.8}",0,0.0097659335907998007,0.030398780623345001,94.299999999999997,0.0332171693406592,LIVE_OVERLAY_OR_GATED_CANDIDATE,022F_BASE,Strong USD | VIX Unavailable | Weak Growth | High Risk-Off,-2.098938668619672,1.625949886447803,,1.2810857805973974,,,SPY,,,,,,1,,,
c4f770117ff9d3f952ce9929475431b57b3144ff,2026-07-17T14:44:56Z,ACTUAL_COMMITTED_PRODUCTION_SNAPSHOT,2026-07-17,2026-07-20,,PENDING,TLT,"{""QQQM"": 0.1999999999999999, ""XSOE"": 0.8}",0,0.0097659335907998007,0.0076544992865949998,83.299999999999983,0.0076544992865949998,LIVE_OVERLAY_OR_GATED_CANDIDATE,022F_BASE,Strong USD | VIX Unavailable | Weak Growth | High Risk-Off,-2.098938668619672,1.625949886447803,,1.2810857805973974,,,SPY,,,,,,4,,,
c4f770117ff9d3f952ce9929475431b57b3144ff,2026-07-17T14:44:56Z,ACTUAL_COMMITTED_PRODUCTION_SNAPSHOT,2026-07-17,2026-07-20,,PENDING,XLB,"{""QQQM"": 0.1999999999999999, ""XSOE"": 0.8}",0,0.0097659335907998007,0.0050938214519438002,28.199999999999999,0.0079220472335385008,LIVE_EXECUTION_MODEL,022F_BASE,Strong USD | VIX Unavailable | Weak Growth | High Risk-Off,-2.098938668619672,1.625949886447803,,1.2810857805973974,,,SPY,,,,,,14,,,
c4f770117ff9d3f952ce9929475431b57b3144ff,2026-07-17T14:44:56Z,ACTUAL_COMMITTED_PRODUCTION_SNAPSHOT,2026-07-17,2026-07-20,,PENDING,XLE,"{""QQQM"": 0.1999999999999999, ""XSOE"": 0.8}",0,0.0097659335907998007,0.0062739383985784001,34.899999999999999,0.0062739383985784001,LIVE_EXECUTION_MODEL,022F_BASE,Strong USD | VIX Unavailable | Weak Growth | High Risk-Off,-2.098938668619672,1.625949886447803,,1.2810857805973974,,,SPY,,,,,,11,,,
c4f770117ff9d3f952ce9929475431b57b3144ff,2026-07-17T14:44:56Z,ACTUAL_COMMITTED_PRODUCTION_SNAPSHOT,2026-07-17,2026-07-20,,PENDING,XLF,"{""QQQM"": 0.1999999999999999, ""XSOE"": 0.8}",0,0.0097659335907998007,0.0056978480294451002,46.799999999999997,0.0076463553619527001,RESEARCH,022F_BASE,Strong USD | VIX Unavailable | Weak Growth | High Risk-Off,-2.098938668619672,1.625949886447803,,1.2810857805973974,,,SPY,,,,,,12,,,
c4f770117ff9d3f952ce9929475431b57b3144ff,2026-07-17T14:44:56Z,ACTUAL_COMMITTED_PRODUCTION_SNAPSHOT,2026-07-17,2026-07-20,,PENDING,XLI,"{""QQQM"": 0.1999999999999999, ""XSOE"": 0.8}",0,0.0097659335907998007,0.0048990556699312999,20.399999999999999,0.0076927950409411,LIVE_EXECUTION_MODEL,022F_BASE,Strong USD | VIX Unavailable | Weak Growth | High Risk-Off,-2.098938668619672,1.625949886447803,,1.2810857805973974,,,SPY,,,,,,15,,,
c4f770117ff9d3f952ce9929475431b57b3144ff,2026-07-17T14:44:56Z,ACTUAL_COMMITTED_PRODUCTION_SNAPSHOT,2026-07-17,2026-07-20,,PENDING,XLP,"{""QQQM"": 0.1999999999999999, ""XSOE"": 0.8}",0,0.0097659335907998007,0.0074132899088214001,72,0.0074132899088214001,LIVE_OVERLAY_OR_GATED_CANDIDATE,022F_BASE,Strong USD | VIX Unavailable | Weak Growth | High Risk-Off,-2.098938668619672,1.625949886447803,,1.2810857805973974,,,SPY,,,,,,6,,,
c4f770117ff9d3f952ce9929475431b57b3144ff,2026-07-17T14:44:56Z,ACTUAL_COMMITTED_PRODUCTION_SNAPSHOT,2026-07-17,2026-07-20,,PENDING,XLRE,"{""QQQM"": 0.1999999999999999, ""XSOE"": 0.8}",0,0.0097659335907998007,0.0073716546567818,64.700000000000003,0.0073716546567818,LIVE_OVERLAY_OR_GATED_CANDIDATE,022F_BASE,Strong USD | VIX Unavailable | Weak Growth | High Risk-Off,-2.098938668619672,1.625949886447803,,1.2810857805973974,,,SPY,,,,,,7.5,,,
c4f770117ff9d3f952ce9929475431b57b3144ff,2026-07-17T14:44:56Z,ACTUAL_COMMITTED_PRODUCTION_SNAPSHOT,2026-07-17,2026-07-20,,PENDING,XLU,"{""QQQM"": 0.1999999999999999, ""XSOE"": 0.8}",0,0.0097659335907998007,0.0073716546567818,60.299999999999997,0.0073716546567818,LIVE_OVERLAY_OR_GATED_CANDIDATE,022F_BASE,Strong USD | VIX Unavailable | Weak Growth | High Risk-Off,-2.098938668619672,1.625949886447803,,1.2810857805973974,,,SPY,,,,,,7.5,,,
c4f770117ff9d3f952ce9929475431b57b3144ff,2026-07-17T14:44:56Z,ACTUAL_COMMITTED_PRODUCTION_SNAPSHOT,2026-07-17,2026-07-20,,PENDING,XLV,"{""QQQM"": 0.1999999999999999, ""XSOE"": 0.8}",0,0.0097659335907998007,0.0073708663638201001,53,0.0073708663638201001,LIVE_OVERLAY_OR_GATED_CANDIDATE,022F_BASE,Strong USD | VIX Unavailable | Weak Growth | High Risk-Off,-2.098938668619672,1.625949886447803,,1.2810857805973974,,,SPY,,,,,,9,,,
c4f770117ff9d3f952ce9929475431b57b3144ff,2026-07-17T14:44:56Z,ACTUAL_COMMITTED_PRODUCTION_SNAPSHOT,2026-07-17,2026-07-20,,PENDING,XSOE,"{""QQQM"": 0.1999999999999999, ""XSOE"": 0.8}",0.80000000000000004,0.0097659335907998007,0.0108144682809924,72.700000000000003,0.0147079819344794,LIVE_EXECUTION_MODEL,022F_BASE,Strong USD | VIX Unavailable | Weak Growth | High Risk-Off,-2.098938668619672,1.625949886447803,,1.2810857805973974,,,SPY,,,,,,2,,,
d24f45482a6100521fe5804921dfddfb003d7eb3,2026-07-20T15:23:58Z,ACTUAL_COMMITTED_PRODUCTION_SNAPSHOT,2026-07-20,2026-07-21,,PENDING,FEZ,"{""QQQM"": 0.2199999999999999, ""XLE"": 0.08, ""XSOE"": 0.7}",0,0.0099402215751532002,0.0081945678913215008,57.700000000000003,0.0081945678913215008,LIVE_OVERLAY_OR_GATED_CANDIDATE,022F_BASE,Strong USD | VIX Unavailable | Weak Growth | High Risk-Off,-2.0738486640180627,1.8473786587836687,,0.94158153407586642,,,SPY,,,,,,7,,,
d24f45482a6100521fe5804921dfddfb003d7eb3,2026-07-20T15:23:58Z,ACTUAL_COMMITTED_PRODUCTION_SNAPSHOT,2026-07-20,2026-07-21,,PENDING,GLD,"{""QQQM"": 0.2199999999999999, ""XLE"": 0.08, ""XSOE"": 0.7}",0,0.0099402215751532002,0.0083416824172422004,62.399999999999999,0.0083416824172422004,LIVE_OVERLAY_OR_GATED_CANDIDATE,022F_BASE,Strong USD | VIX Unavailable | Weak Growth | High Risk-Off,-2.0738486640180627,1.8473786587836687,,0.94158153407586642,,,SPY,,,,,,5,,,
d24f45482a6100521fe5804921dfddfb003d7eb3,2026-07-20T15:23:58Z,ACTUAL_COMMITTED_PRODUCTION_SNAPSHOT,2026-07-20,2026-07-21,,PENDING,IEF,"{""QQQM"": 0.2199999999999999, ""XLE"": 0.08, ""XSOE"": 0.7}",0,0.0099402215751532002,0.0080096210606218007,64.900000000000006,0.0080096210606218007,RESEARCH,022F_BASE,Strong USD | VIX Unavailable | Weak Growth | High Risk-Off,-2.0738486640180627,1.8473786587836687,,0.94158153407586642,,,SPY,,,,,,10,,,
d24f45482a6100521fe5804921dfddfb003d7eb3,2026-07-20T15:23:58Z,ACTUAL_COMMITTED_PRODUCTION_SNAPSHOT,2026-07-20,2026-07-21,,PENDING,IWM,"{""QQQM"": 0.2199999999999999, ""XLE"": 0.08, ""XSOE"": 0.7}",0,0.0099402215751532002,0.0054509376986783004,15.6,0.0083139584548414004,LIVE_OVERLAY_OR_GATED_CANDIDATE,022F_BASE,Strong USD | VIX Unavailable | Weak Growth | High Risk-Off,-2.0738486640180627,1.8473786587836687,,0.94158153407586642,,,SPY,,,,,,16,,,
d24f45482a6100521fe5804921dfddfb003d7eb3,2026-07-20T15:23:58Z,ACTUAL_COMMITTED_PRODUCTION_SNAPSHOT,2026-07-20,2026-07-21,,PENDING,QQQM,"{""QQQM"": 0.2199999999999999, ""XLE"": 0.08, ""XSOE"": 0.7}",0.21999999999999989,0.0099402215751532002,0.0069273982257852,21.600000000000001,0.0088099460954261001,LIVE_EXECUTION_MODEL,022F_BASE,Strong USD | VIX Unavailable | Weak Growth | High Risk-Off,-2.0738486640180627,1.8473786587836687,,0.94158153407586642,,,SPY,,,,,,13,,,
d24f45482a6100521fe5804921dfddfb003d7eb3,2026-07-20T15:23:58Z,ACTUAL_COMMITTED_PRODUCTION_SNAPSHOT,2026-07-20,2026-07-21,,PENDING,SOXX,"{""QQQM"": 0.2199999999999999, ""XLE"": 0.08, ""XSOE"": 0.7}",0,0.0099402215751532002,0.060316704445484003,94.299999999999997,0.062388183820450901,LIVE_OVERLAY_OR_GATED_CANDIDATE,022F_BASE,Strong USD | VIX Unavailable | Weak Growth | High Risk-Off,-2.0738486640180627,1.8473786587836687,,0.94158153407586642,,,SPY,,,,,,1,,,
d24f45482a6100521fe5804921dfddfb003d7eb3,2026-07-20T15:23:58Z,ACTUAL_COMMITTED_PRODUCTION_SNAPSHOT,2026-07-20,2026-07-21,,PENDING,TLT,"{""QQQM"": 0.2199999999999999, ""XLE"": 0.08, ""XSOE"": 0.7}",0,0.0099402215751532002,0.0084982663073257005,83.400000000000006,0.0084982663073257005,LIVE_OVERLAY_OR_GATED_CANDIDATE,022F_BASE,Strong USD | VIX Unavailable | Weak Growth | High Risk-Off,-2.0738486640180627,1.8473786587836687,,0.94158153407586642,,,SPY,,,,,,4,,,
d24f45482a6100521fe5804921dfddfb003d7eb3,2026-07-20T15:23:58Z,ACTUAL_COMMITTED_PRODUCTION_SNAPSHOT,2026-07-20,2026-07-21,,PENDING,XLB,"{""QQQM"": 0.2199999999999999, ""XLE"": 0.08, ""XSOE"": 0.7}",0,0.0099402215751532002,0.0062560565416422001,26.800000000000001,0.0085956966130846003,LIVE_EXECUTION_MODEL,022F_BASE,Strong USD | VIX Unavailable | Weak Growth | High Risk-Off,-2.0738486640180627,1.8473786587836687,,0.94158153407586642,,,SPY,,,,,,14,,,
d24f45482a6100521fe5804921dfddfb003d7eb3,2026-07-20T15:23:58Z,ACTUAL_COMMITTED_PRODUCTION_SNAPSHOT,2026-07-20,2026-07-21,,PENDING,XLE,"{""QQQM"": 0.2199999999999999, ""XLE"": 0.08, ""XSOE"": 0.7}",0.080000000000000002,0.0099402215751532002,0.0071881415810088004,30.699999999999999,0.0071881415810088004,LIVE_EXECUTION_MODEL,022F_BASE,Strong USD | VIX Unavailable | Weak Growth | High Risk-Off,-2.0738486640180627,1.8473786587836687,,0.94158153407586642,,,SPY,,,,,,11,,,
d24f45482a6100521fe5804921dfddfb003d7eb3,2026-07-20T15:23:58Z,ACTUAL_COMMITTED_PRODUCTION_SNAPSHOT,2026-07-20,2026-07-21,,PENDING,XLF,"{""QQQM"": 0.2199999999999999, ""XLE"": 0.08, ""XSOE"": 0.7}",0,0.0099402215751532002,0.0071064764139036002,51.299999999999997,0.0083951605815338008,RESEARCH,022F_BASE,Strong USD | VIX Unavailable | Weak Growth | High Risk-Off,-2.0738486640180627,1.8473786587836687,,0.94158153407586642,,,SPY,,,,,,12,,,
d24f45482a6100521fe5804921dfddfb003d7eb3,2026-07-20T15:23:58Z,ACTUAL_COMMITTED_PRODUCTION_SNAPSHOT,2026-07-20,2026-07-21,,PENDING,XLI,"{""QQQM"": 0.2199999999999999, ""XLE"": 0.08, ""XSOE"": 0.7}",0,0.0099402215751532002,0.0060084107411819002,21.199999999999999,0.0082574711001535007,LIVE_EXECUTION_MODEL,022F_BASE,Strong USD | VIX Unavailable | Weak Growth | High Risk-Off,-2.0738486640180627,1.8473786587836687,,0.94158153407586642,,,SPY,,,,,,15,,,
d24f45482a6100521fe5804921dfddfb003d7eb3,2026-07-20T15:23:58Z,ACTUAL_COMMITTED_PRODUCTION_SNAPSHOT,2026-07-20,2026-07-21,,PENDING,XLP,"{""QQQM"": 0.2199999999999999, ""XLE"": 0.08, ""XSOE"": 0.7}",0,0.0099402215751532002,0.0081907610474326008,60.899999999999999,0.0081907610474326008,LIVE_OVERLAY_OR_GATED_CANDIDATE,022F_BASE,Strong USD | VIX Unavailable | Weak Growth | High Risk-Off,-2.0738486640180627,1.8473786587836687,,0.94158153407586642,,,SPY,,,,,,8,,,
d24f45482a6100521fe5804921dfddfb003d7eb3,2026-07-20T15:23:58Z,ACTUAL_COMMITTED_PRODUCTION_SNAPSHOT,2026-07-20,2026-07-21,,PENDING,XLRE,"{""QQQM"": 0.2199999999999999, ""XLE"": 0.08, ""XSOE"": 0.7}",0,0.0099402215751532002,0.0082192936182946003,69.900000000000006,0.0082192936182946003,LIVE_OVERLAY_OR_GATED_CANDIDATE,022F_BASE,Strong USD | VIX Unavailable | Weak Growth | High Risk-Off,-2.0738486640180627,1.8473786587836687,,0.94158153407586642,,,SPY,,,,,,6,,,
d24f45482a6100521fe5804921dfddfb003d7eb3,2026-07-20T15:23:58Z,ACTUAL_COMMITTED_PRODUCTION_SNAPSHOT,2026-07-20,2026-07-21,,PENDING,XLU,"{""QQQM"": 0.2199999999999999, ""XLE"": 0.08, ""XSOE"": 0.7}",0,0.0099402215751532002,0.0080477347940455003,53.100000000000001,0.0080477347940455003,LIVE_OVERLAY_OR_GATED_CANDIDATE,022F_BASE,Strong USD | VIX Unavailable | Weak Growth | High Risk-Off,-2.0738486640180627,1.8473786587836687,,0.94158153407586642,,,SPY,,,,,,9,,,
d24f45482a6100521fe5804921dfddfb003d7eb3,2026-07-20T15:23:58Z,ACTUAL_COMMITTED_PRODUCTION_SNAPSHOT,2026-07-20,2026-07-21,,PENDING,XLV,"{""QQQM"": 0.2199999999999999, ""XLE"": 0.08, ""XSOE"": 0.7}",0,0.0099402215751532002,0.0088294419511022008,75.900000000000006,0.0079820185704340008,LIVE_OVERLAY_OR_GATED_CANDIDATE,022F_BASE,Strong USD | VIX Unavailable | Weak Growth | High Risk-Off,-2.0738486640180627,1.8473786587836687,,0.94158153407586642,,,SPY,,,,,,3,,,
d24f45482a6100521fe5804921dfddfb003d7eb3,2026-07-20T15:23:58Z,ACTUAL_COMMITTED_PRODUCTION_SNAPSHOT,2026-07-20,2026-07-21,,PENDING,XSOE,"{""QQQM"": 0.2199999999999999, ""XLE"": 0.08, ""XSOE"": 0.7}",0.69999999999999996,0.0099402215751532002,0.0112016323414282,70.400000000000006,0.0148019232408235,LIVE_EXECUTION_MODEL,022F_BASE,Strong USD | VIX Unavailable | Weak Growth | High Risk-Off,-2.0738486640180627,1.8473786587836687,,0.94158153407586642,,,SPY,,,,,,2,,,
ce2342005e1209920e5ef019e923748f7210a9eb,2026-07-22T07:04:41Z,ACTUAL_COMMITTED_PRODUCTION_SNAPSHOT,2026-07-21,2026-07-22,,PENDING,FEZ,"{""QQQM"": 0.2199999999999999, ""XLE"": 0.08, ""XSOE"": 0.7}",0,0.0091442844301719006,0.0073850145016943003,60.700000000000003,0.0073850145016943003,LIVE_OVERLAY_OR_GATED_CANDIDATE,022F_BASE,Strong USD | Low VIX | Weak Growth | High Risk-Off,-2.1844286467885494,1.991313730533989,17.049999237060547,1.1320580538312477,,,SPY,,,,,,6,,,
ce2342005e1209920e5ef019e923748f7210a9eb,2026-07-22T07:04:41Z,ACTUAL_COMMITTED_PRODUCTION_SNAPSHOT,2026-07-21,2026-07-22,,PENDING,GLD,"{""QQQM"": 0.2199999999999999, ""XLE"": 0.08, ""XSOE"": 0.7}",0,0.0091442844301719006,0.0065646089874249001,36.899999999999999,0.0065646089874249001,LIVE_OVERLAY_OR_GATED_CANDIDATE,022F_BASE,Strong USD | Low VIX | Weak Growth | High Risk-Off,-2.1844286467885494,1.991313730533989,17.049999237060547,1.1320580538312477,,,SPY,,,,,,11,,,
ce2342005e1209920e5ef019e923748f7210a9eb,2026-07-22T07:04:41Z,ACTUAL_COMMITTED_PRODUCTION_SNAPSHOT,2026-07-21,2026-07-22,,PENDING,IEF,"{""QQQM"": 0.2199999999999999, ""XLE"": 0.08, ""XSOE"": 0.7}",0,0.0091442844301719006,0.0068509058536289002,64.400000000000006,0.0068509058536289002,RESEARCH,022F_BASE,Strong USD | Low VIX | Weak Growth | High Risk-Off,-2.1844286467885494,1.991313730533989,17.049999237060547,1.1320580538312477,,,SPY,,,,,,10,,,
ce2342005e1209920e5ef019e923748f7210a9eb,2026-07-22T07:04:41Z,ACTUAL_COMMITTED_PRODUCTION_SNAPSHOT,2026-07-21,2026-07-22,,PENDING,IWM,"{""QQQM"": 0.2199999999999999, ""XLE"": 0.08, ""XSOE"": 0.7}",0,0.0091442844301719006,0.0039009530109294002,12.6,0.0072891256820942002,LIVE_OVERLAY_OR_GATED_CANDIDATE,022F_BASE,Strong USD | Low VIX | Weak Growth | High Risk-Off,-2.1844286467885494,1.991313730533989,17.049999237060547,1.1320580538312477,,,SPY,,,,,,16,,,
ce2342005e1209920e5ef019e923748f7210a9eb,2026-07-22T07:04:41Z,ACTUAL_COMMITTED_PRODUCTION_SNAPSHOT,2026-07-21,2026-07-22,,PENDING,QQQM,"{""QQQM"": 0.2199999999999999, ""XLE"": 0.08, ""XSOE"": 0.7}",0.21999999999999989,0.0091442844301719006,0.0054714715330220001,23.699999999999999,0.0078509962905868001,LIVE_EXECUTION_MODEL,022F_BASE,Strong USD | Low VIX | Weak Growth | High Risk-Off,-2.1844286467885494,1.991313730533989,17.049999237060547,1.1320580538312477,,,SPY,,,,,,13,,,
ce2342005e1209920e5ef019e923748f7210a9eb,2026-07-22T07:04:41Z,ACTUAL_COMMITTED_PRODUCTION_SNAPSHOT,2026-07-21,2026-07-22,,PENDING,SOXX,"{""QQQM"": 0.2199999999999999, ""XLE"": 0.08, ""XSOE"": 0.7}",0,0.0091442844301719006,0.042483649927080001,94.400000000000006,0.044974177645508602,LIVE_OVERLAY_OR_GATED_CANDIDATE,022F_BASE,Strong USD | Low VIX | Weak Growth | High Risk-Off,-2.1844286467885494,1.991313730533989,17.049999237060547,1.1320580538312477,,,SPY,,,,,,1,,,
ce2342005e1209920e5ef019e923748f7210a9eb,2026-07-22T07:04:41Z,ACTUAL_COMMITTED_PRODUCTION_SNAPSHOT,2026-07-21,2026-07-22,,PENDING,TLT,"{""QQQM"": 0.2199999999999999, ""XLE"": 0.08, ""XSOE"": 0.7}",0,0.0091442844301719006,0.0070494171012254999,69.099999999999994,0.0070494171012254999,LIVE_OVERLAY_OR_GATED_CANDIDATE,022F_BASE,Strong USD | Low VIX | Weak Growth | High Risk-Off,-2.1844286467885494,1.991313730533989,17.049999237060547,1.1320580538312477,,,SPY,,,,,,8,,,
ce2342005e1209920e5ef019e923748f7210a9eb,2026-07-22T07:04:41Z,ACTUAL_COMMITTED_PRODUCTION_SNAPSHOT,2026-07-21,2026-07-22,,PENDING,XLB,"{""QQQM"": 0.2199999999999999, ""XLE"": 0.08, ""XSOE"": 0.7}",0,0.0091442844301719006,0.0050942302809682,26,0.0078152544646948006,LIVE_EXECUTION_MODEL,022F_BASE,Strong USD | Low VIX | Weak Growth | High Risk-Off,-2.1844286467885494,1.991313730533989,17.049999237060547,1.1320580538312477,,,SPY,,,,,,14,,,
ce2342005e1209920e5ef019e923748f7210a9eb,2026-07-22T07:04:41Z,ACTUAL_COMMITTED_PRODUCTION_SNAPSHOT,2026-07-21,2026-07-22,,PENDING,XLE,"{""QQQM"": 0.2199999999999999, ""XLE"": 0.08, ""XSOE"": 0.7}",0.080000000000000002,0.0091442844301719006,0.006918336693114,46,0.006918336693114,LIVE_EXECUTION_MODEL,022F_BASE,Strong USD | Low VIX | Weak Growth | High Risk-Off,-2.1844286467885494,1.991313730533989,17.049999237060547,1.1320580538312477,,,SPY,,,,,,9,,,
ce2342005e1209920e5ef019e923748f7210a9eb,2026-07-22T07:04:41Z,ACTUAL_COMMITTED_PRODUCTION_SNAPSHOT,2026-07-21,2026-07-22,,PENDING,XLF,"{""QQQM"": 0.2199999999999999, ""XLE"": 0.08, ""XSOE"": 0.7}",0,0.0091442844301719006,0.0056498836446275003,44.600000000000001,0.0074121089233648001,RESEARCH,022F_BASE,Strong USD | Low VIX | Weak Growth | High Risk-Off,-2.1844286467885494,1.991313730533989,17.049999237060547,1.1320580538312477,,,SPY,,,,,,12,,,
ce2342005e1209920e5ef019e923748f7210a9eb,2026-07-22T07:04:41Z,ACTUAL_COMMITTED_PRODUCTION_SNAPSHOT,2026-07-21,2026-07-22,,PENDING,XLI,"{""QQQM"": 0.2199999999999999, ""XLE"": 0.08, ""XSOE"": 0.7}",0,0.0091442844301719006,0.0050830595070968003,20.399999999999999,0.0077181581231533002,LIVE_EXECUTION_MODEL,022F_BASE,Strong USD | Low VIX | Weak Growth | High Risk-Off,-2.1844286467885494,1.991313730533989,17.049999237060547,1.1320580538312477,,,SPY,,,,,,15,,,
ce2342005e1209920e5ef019e923748f7210a9eb,2026-07-22T07:04:41Z,ACTUAL_COMMITTED_PRODUCTION_SNAPSHOT,2026-07-21,2026-07-22,,PENDING,XLP,"{""QQQM"": 0.2199999999999999, ""XLE"": 0.08, ""XSOE"": 0.7}",0,0.0091442844301719006,0.0074500768522002001,76.299999999999983,0.0074500768522002001,LIVE_OVERLAY_OR_GATED_CANDIDATE,022F_BASE,Strong USD | Low VIX | Weak Growth | High Risk-Off,-2.1844286467885494,1.991313730533989,17.049999237060547,1.1320580538312477,,,SPY,,,,,,4,,,
ce2342005e1209920e5ef019e923748f7210a9eb,2026-07-22T07:04:41Z,ACTUAL_COMMITTED_PRODUCTION_SNAPSHOT,2026-07-21,2026-07-22,,PENDING,XLRE,"{""QQQM"": 0.2199999999999999, ""XLE"": 0.08, ""XSOE"": 0.7}",0,0.0091442844301719006,0.0071333198324594,63.799999999999997,0.0071333198324594,LIVE_OVERLAY_OR_GATED_CANDIDATE,022F_BASE,Strong USD | Low VIX | Weak Growth | High Risk-Off,-2.1844286467885494,1.991313730533989,17.049999237060547,1.1320580538312477,,,SPY,,,,,,7,,,
ce2342005e1209920e5ef019e923748f7210a9eb,2026-07-22T07:04:41Z,ACTUAL_COMMITTED_PRODUCTION_SNAPSHOT,2026-07-21,2026-07-22,,PENDING,XLU,"{""QQQM"": 0.2199999999999999, ""XLE"": 0.08, ""XSOE"": 0.7}",0,0.0091442844301719006,0.0074145362230789999,66.299999999999997,0.0074145362230789999,LIVE_OVERLAY_OR_GATED_CANDIDATE,022F_BASE,Strong USD | Low VIX | Weak Growth | High Risk-Off,-2.1844286467885494,1.991313730533989,17.049999237060547,1.1320580538312477,,,SPY,,,,,,5,,,
ce2342005e1209920e5ef019e923748f7210a9eb,2026-07-22T07:04:41Z,ACTUAL_COMMITTED_PRODUCTION_SNAPSHOT,2026-07-21,2026-07-22,,PENDING,XLV,"{""QQQM"": 0.2199999999999999, ""XLE"": 0.08, ""XSOE"": 0.7}",0,0.0091442844301719006,0.0086787413217145008,82.5,0.0076598890732665001,LIVE_OVERLAY_OR_GATED_CANDIDATE,022F_BASE,Strong USD | Low VIX | Weak Growth | High Risk-Off,-2.1844286467885494,1.991313730533989,17.049999237060547,1.1320580538312477,,,SPY,,,,,,3,,,
ce2342005e1209920e5ef019e923748f7210a9eb,2026-07-22T07:04:41Z,ACTUAL_COMMITTED_PRODUCTION_SNAPSHOT,2026-07-21,2026-07-22,,PENDING,XSOE,"{""QQQM"": 0.2199999999999999, ""XLE"": 0.08, ""XSOE"": 0.7}",0.69999999999999996,0.0091442844301719006,0.0105529910820828,72.59999999999998,0.0143855298826499,LIVE_EXECUTION_MODEL,022F_BASE,Strong USD | Low VIX | Weak Growth | High Risk-Off,-2.1844286467885494,1.991313730533989,17.049999237060547,1.1320580538312477,,,SPY,,,,,,2,,,
09e1e61c372af4e4414b3bebb8817d62d78b72ef,2026-07-22T15:14:25Z,ACTUAL_COMMITTED_PRODUCTION_SNAPSHOT,2026-07-22,2026-07-23,,PENDING,FEZ,"{""GLD"": 0.04875, ""XLB"": 0.225, ""XLE"": 0.02625, ""XSOE"": 0.7000000000000001}",0,0.0059247936205143997,0.0067340423534708004,69.700000000000003,0.0067340423534708004,LIVE_OVERLAY_OR_GATED_CANDIDATE,022F_BASE,Strong USD | Low VIX | Weak Growth | High Risk-Off,-2.3766635028254202,1.6726722401113947,17.190000534057617,1.1110971309039486,,,SPY,,,,,,4,,,
09e1e61c372af4e4414b3bebb8817d62d78b72ef,2026-07-22T15:14:25Z,ACTUAL_COMMITTED_PRODUCTION_SNAPSHOT,2026-07-22,2026-07-23,,PENDING,GLD,"{""GLD"": 0.04875, ""XLB"": 0.225, ""XLE"": 0.02625, ""XSOE"": 0.7000000000000001}",0.048750000000000002,0.0059247936205143997,0.0075111718514888001,74.400000000000006,0.0075111718514888001,LIVE_OVERLAY_OR_GATED_CANDIDATE,022F_BASE,Strong USD | Low VIX | Weak Growth | High Risk-Off,-2.3766635028254202,1.6726722401113947,17.190000534057617,1.1110971309039486,,,SPY,,,,,,2,,,
09e1e61c372af4e4414b3bebb8817d62d78b72ef,2026-07-22T15:14:25Z,ACTUAL_COMMITTED_PRODUCTION_SNAPSHOT,2026-07-22,2026-07-23,,PENDING,IEF,"{""GLD"": 0.04875, ""XLB"": 0.225, ""XLE"": 0.02625, ""XSOE"": 0.7000000000000001}",0,0.0059247936205143997,0.0064521155511011001,67.900000000000006,0.0064521155511011001,RESEARCH,022F_BASE,Strong USD | Low VIX | Weak Growth | High Risk-Off,-2.3766635028254202,1.6726722401113947,17.190000534057617,1.1110971309039486,,,SPY,,,,,,9,,,
09e1e61c372af4e4414b3bebb8817d62d78b72ef,2026-07-22T15:14:25Z,ACTUAL_COMMITTED_PRODUCTION_SNAPSHOT,2026-07-22,2026-07-23,,PENDING,IWM,"{""GLD"": 0.04875, ""XLB"": 0.225, ""XLE"": 0.02625, ""XSOE"": 0.7000000000000001}",0,0.0059247936205143997,0.0036446347070674002,19.199999999999999,0.0067700772079761001,LIVE_OVERLAY_OR_GATED_CANDIDATE,022F_BASE,Strong USD | Low VIX | Weak Growth | High Risk-Off,-2.3766635028254202,1.6726722401113947,17.190000534057617,1.1110971309039486,,,SPY,,,,,,16,,,
09e1e61c372af4e4414b3bebb8817d62d78b72ef,2026-07-22T15:14:25Z,ACTUAL_COMMITTED_PRODUCTION_SNAPSHOT,2026-07-22,2026-07-23,,PENDING,QQQM,"{""GLD"": 0.04875, ""XLB"": 0.225, ""XLE"": 0.02625, ""XSOE"": 0.7000000000000001}",0,0.0059247936205143997,0.0044011230607046,19.5,0.0069674905571871001,LIVE_EXECUTION_MODEL,022F_BASE,Strong USD | Low VIX | Weak Growth | High Risk-Off,-2.3766635028254202,1.6726722401113947,17.190000534057617,1.1110971309039486,,,SPY,,,,,,14,,,
09e1e61c372af4e4414b3bebb8817d62d78b72ef,2026-07-22T15:14:25Z,ACTUAL_COMMITTED_PRODUCTION_SNAPSHOT,2026-07-22,2026-07-23,,PENDING,SOXX,"{""GLD"": 0.04875, ""XLB"": 0.225, ""XLE"": 0.02625, ""XSOE"": 0.7000000000000001}",0,0.0059247936205143997,0.017095760405880001,77.900000000000006,0.019540174093868701,LIVE_OVERLAY_OR_GATED_CANDIDATE,022F_BASE,Strong USD | Low VIX | Weak Growth | High Risk-Off,-2.3766635028254202,1.6726722401113947,17.190000534057617,1.1110971309039486,,,SPY,,,,,,1,,,
09e1e61c372af4e4414b3bebb8817d62d78b72ef,2026-07-22T15:14:25Z,ACTUAL_COMMITTED_PRODUCTION_SNAPSHOT,2026-07-22,2026-07-23,,PENDING,TLT,"{""GLD"": 0.04875, ""XLB"": 0.225, ""XLE"": 0.02625, ""XSOE"": 0.7000000000000001}",0,0.0059247936205143997,0.0066387669003993999,79.400000000000006,0.0066387669003993999,LIVE_OVERLAY_OR_GATED_CANDIDATE,022F_BASE,Strong USD | Low VIX | Weak Growth | High Risk-Off,-2.3766635028254202,1.6726722401113947,17.190000534057617,1.1110971309039486,,,SPY,,,,,,5,,,
09e1e61c372af4e4414b3bebb8817d62d78b72ef,2026-07-22T15:14:25Z,ACTUAL_COMMITTED_PRODUCTION_SNAPSHOT,2026-07-22,2026-07-23,,PENDING,XLB,"{""GLD"": 0.04875, ""XLB"": 0.225, ""XLE"": 0.02625, ""XSOE"": 0.7000000000000001}",0.22500000000000001,0.0059247936205143997,0.0043896844271506998,24.800000000000001,0.0069476184457319999,LIVE_EXECUTION_MODEL,022F_BASE,Strong USD | Low VIX | Weak Growth | High Risk-Off,-2.3766635028254202,1.6726722401113947,17.190000534057617,1.1110971309039486,,,SPY,,,,,,15,,,
09e1e61c372af4e4414b3bebb8817d62d78b72ef,2026-07-22T15:14:25Z,ACTUAL_COMMITTED_PRODUCTION_SNAPSHOT,2026-07-22,2026-07-23,,PENDING,XLE,"{""GLD"": 0.04875, ""XLB"": 0.225, ""XLE"": 0.02625, ""XSOE"": 0.7000000000000001}",0.026249999999999999,0.0059247936205143997,0.0046474173304464003,30.800000000000001,0.0051496425288406001,LIVE_EXECUTION_MODEL,022F_BASE,Strong USD | Low VIX | Weak Growth | High Risk-Off,-2.3766635028254202,1.6726722401113947,17.190000534057617,1.1110971309039486,,,SPY,,,,,,12,,,
09e1e61c372af4e4414b3bebb8817d62d78b72ef,2026-07-22T15:14:25Z,ACTUAL_COMMITTED_PRODUCTION_SNAPSHOT,2026-07-22,2026-07-23,,PENDING,XLF,"{""GLD"": 0.04875, ""XLB"": 0.225, ""XLE"": 0.02625, ""XSOE"": 0.7000000000000001}",0,0.0059247936205143997,0.0050153737461029,51.700000000000003,0.0067354905502124002,RESEARCH,022F_BASE,Strong USD | Low VIX | Weak Growth | High Risk-Off,-2.3766635028254202,1.6726722401113947,17.190000534057617,1.1110971309039486,,,SPY,,,,,,11,,,
09e1e61c372af4e4414b3bebb8817d62d78b72ef,2026-07-22T15:14:25Z,ACTUAL_COMMITTED_PRODUCTION_SNAPSHOT,2026-07-22,2026-07-23,,PENDING,XLI,"{""GLD"": 0.04875, ""XLB"": 0.225, ""XLE"": 0.02625, ""XSOE"": 0.7000000000000001}",0,0.0059247936205143997,0.0044458419380716003,33.899999999999999,0.0069476184457319999,LIVE_EXECUTION_MODEL,022F_BASE,Strong USD | Low VIX | Weak Growth | High Risk-Off,-2.3766635028254202,1.6726722401113947,17.190000534057617,1.1110971309039486,,,SPY,,,,,,13,,,
09e1e61c372af4e4414b3bebb8817d62d78b72ef,2026-07-22T15:14:25Z,ACTUAL_COMMITTED_PRODUCTION_SNAPSHOT,2026-07-22,2026-07-23,,PENDING,XLP,"{""GLD"": 0.04875, ""XLB"": 0.225, ""XLE"": 0.02625, ""XSOE"": 0.7000000000000001}",0,0.0059247936205143997,0.0066297974246944001,69.400000000000006,0.0066297974246944001,LIVE_OVERLAY_OR_GATED_CANDIDATE,022F_BASE,Strong USD | Low VIX | Weak Growth | High Risk-Off,-2.3766635028254202,1.6726722401113947,17.190000534057617,1.1110971309039486,,,SPY,,,,,,6,,,
09e1e61c372af4e4414b3bebb8817d62d78b72ef,2026-07-22T15:14:25Z,ACTUAL_COMMITTED_PRODUCTION_SNAPSHOT,2026-07-22,2026-07-23,,PENDING,XLRE,"{""GLD"": 0.04875, ""XLB"": 0.225, ""XLE"": 0.02625, ""XSOE"": 0.7000000000000001}",0,0.0059247936205143997,0.006581206683632,68.599999999999994,0.006581206683632,LIVE_OVERLAY_OR_GATED_CANDIDATE,022F_BASE,Strong USD | Low VIX | Weak Growth | High Risk-Off,-2.3766635028254202,1.6726722401113947,17.190000534057617,1.1110971309039486,,,SPY,,,,,,7.5,,,
09e1e61c372af4e4414b3bebb8817d62d78b72ef,2026-07-22T15:14:25Z,ACTUAL_COMMITTED_PRODUCTION_SNAPSHOT,2026-07-22,2026-07-23,,PENDING,XLU,"{""GLD"": 0.04875, ""XLB"": 0.225, ""XLE"": 0.02625, ""XSOE"": 0.7000000000000001}",0,0.0059247936205143997,0.006581206683632,59.899999999999999,0.006581206683632,LIVE_OVERLAY_OR_GATED_CANDIDATE,022F_BASE,Strong USD | Low VIX | Weak Growth | High Risk-Off,-2.3766635028254202,1.6726722401113947,17.190000534057617,1.1110971309039486,,,SPY,,,,,,7.5,,,
09e1e61c372af4e4414b3bebb8817d62d78b72ef,2026-07-22T15:14:25Z,ACTUAL_COMMITTED_PRODUCTION_SNAPSHOT,2026-07-22,2026-07-23,,PENDING,XLV,"{""GLD"": 0.04875, ""XLB"": 0.225, ""XLE"": 0.02625, ""XSOE"": 0.7000000000000001}",0,0.0059247936205143997,0.0074577801738099003,81.900000000000006,0.0064577927559962001,LIVE_OVERLAY_OR_GATED_CANDIDATE,022F_BASE,Strong USD | Low VIX | Weak Growth | High Risk-Off,-2.3766635028254202,1.6726722401113947,17.190000534057617,1.1110971309039486,,,SPY,,,,,,3,,,
09e1e61c372af4e4414b3bebb8817d62d78b72ef,2026-07-22T15:14:25Z,ACTUAL_COMMITTED_PRODUCTION_SNAPSHOT,2026-07-22,2026-07-23,,PENDING,XSOE,"{""GLD"": 0.04875, ""XLB"": 0.225, ""XLE"": 0.02625, ""XSOE"": 0.7000000000000001}",0.70000000000000007,0.0059247936205143997,0.0063556432738874,33.799999999999997,0.0099335008314791005,LIVE_EXECUTION_MODEL,022F_BASE,Strong USD | Low VIX | Weak Growth | High Risk-Off,-2.3766635028254202,1.6726722401113947,17.190000534057617,1.1110971309039486,,,SPY,,,,,,10,,,
0a47c16719044de43a0728c8ead6a0696881f221,2026-07-23T15:22:33Z,ACTUAL_COMMITTED_PRODUCTION_SNAPSHOT,2026-07-23,2026-07-24,,PENDING,FEZ,"{""QQQM"": 0.32, ""XLE"": 0.08, ""XSOE"": 0.6}",0,0.0130349489538279,0.0143698308765818,59.200000000000003,0.0143698308765818,LIVE_OVERLAY_OR_GATED_CANDIDATE,022F_BASE,Strong USD | Low VIX | Weak Growth | High Risk-Off,-1.7824946328836229,1.8033402889568888,19.170000076293945,0.8469846677828754,,,SPY,,,,,,6.5,,,
0a47c16719044de43a0728c8ead6a0696881f221,2026-07-23T15:22:33Z,ACTUAL_COMMITTED_PRODUCTION_SNAPSHOT,2026-07-23,2026-07-24,,PENDING,GLD,"{""QQQM"": 0.32, ""XLE"": 0.08, ""XSOE"": 0.6}",0,0.0130349489538279,0.016414565517252198,76.799999999999983,0.016414565517252198,LIVE_OVERLAY_OR_GATED_CANDIDATE,022F_BASE,Strong USD | Low VIX | Weak Growth | High Risk-Off,-1.7824946328836229,1.8033402889568888,19.170000076293945,0.8469846677828754,,,SPY,,,,,,2,,,
0a47c16719044de43a0728c8ead6a0696881f221,2026-07-23T15:22:33Z,ACTUAL_COMMITTED_PRODUCTION_SNAPSHOT,2026-07-23,2026-07-24,,PENDING,IEF,"{""QQQM"": 0.32, ""XLE"": 0.08, ""XSOE"": 0.6}",0,0.0130349489538279,0.01235666061578,54.5,0.01235666061578,RESEARCH,022F_BASE,Strong USD | Low VIX | Weak Growth | High Risk-Off,-1.7824946328836229,1.8033402889568888,19.170000076293945,0.8469846677828754,,,SPY,,,,,,13,,,
0a47c16719044de43a0728c8ead6a0696881f221,2026-07-23T15:22:33Z,ACTUAL_COMMITTED_PRODUCTION_SNAPSHOT,2026-07-23,2026-07-24,,PENDING,IWM,"{""QQQM"": 0.32, ""XLE"": 0.08, ""XSOE"": 0.6}",0,0.0130349489538279,0.0105651622701902,15.699999999999999,0.013273538954402401,LIVE_OVERLAY_OR_GATED_CANDIDATE,022F_BASE,Strong USD | Low VIX | Weak Growth | High Risk-Off,-1.7824946328836229,1.8033402889568888,19.170000076293945,0.8469846677828754,,,SPY,,,,,,16,,,
0a47c16719044de43a0728c8ead6a0696881f221,2026-07-23T15:22:33Z,ACTUAL_COMMITTED_PRODUCTION_SNAPSHOT,2026-07-23,2026-07-24,,PENDING,QQQM,"{""QQQM"": 0.32, ""XLE"": 0.08, ""XSOE"": 0.6}",0.32000000000000001,0.0130349489538279,0.012407388397059,27.300000000000001,0.016254747758469301,LIVE_EXECUTION_MODEL,022F_BASE,Strong USD | Low VIX | Weak Growth | High Risk-Off,-1.7824946328836229,1.8033402889568888,19.170000076293945,0.8469846677828754,,,SPY,,,,,,12,,,
0a47c16719044de43a0728c8ead6a0696881f221,2026-07-23T15:22:33Z,ACTUAL_COMMITTED_PRODUCTION_SNAPSHOT,2026-07-23,2026-07-24,,PENDING,SOXX,"{""QQQM"": 0.32, ""XLE"": 0.08, ""XSOE"": 0.6}",0,0.0130349489538279,0.096240874703732202,96.599999999999994,0.098104240972854501,LIVE_OVERLAY_OR_GATED_CANDIDATE,022F_BASE,Strong USD | Low VIX | Weak Growth | High Risk-Off,-1.7824946328836229,1.8033402889568888,19.170000076293945,0.8469846677828754,,,SPY,,,,,,1,,,
0a47c16719044de43a0728c8ead6a0696881f221,2026-07-23T15:22:33Z,ACTUAL_COMMITTED_PRODUCTION_SNAPSHOT,2026-07-23,2026-07-24,,PENDING,TLT,"{""QQQM"": 0.32, ""XLE"": 0.08, ""XSOE"": 0.6}",0,0.0130349489538279,0.0129826326523113,62.5,0.0129826326523113,LIVE_OVERLAY_OR_GATED_CANDIDATE,022F_BASE,Strong USD | Low VIX | Weak Growth | High Risk-Off,-1.7824946328836229,1.8033402889568888,19.170000076293945,0.8469846677828754,,,SPY,,,,,,10,,,
0a47c16719044de43a0728c8ead6a0696881f221,2026-07-23T15:22:33Z,ACTUAL_COMMITTED_PRODUCTION_SNAPSHOT,2026-07-23,2026-07-24,,PENDING,XLB,"{""QQQM"": 0.32, ""XLE"": 0.08, ""XSOE"": 0.6}",0,0.0130349489538279,0.012409394985225501,39.5,0.0145706050360392,LIVE_EXECUTION_MODEL,022F_BASE,Strong USD | Low VIX | Weak Growth | High Risk-Off,-1.7824946328836229,1.8033402889568888,19.170000076293945,0.8469846677828754,,,SPY,,,,,,11,,,
0a47c16719044de43a0728c8ead6a0696881f221,2026-07-23T15:22:33Z,ACTUAL_COMMITTED_PRODUCTION_SNAPSHOT,2026-07-23,2026-07-24,,PENDING,XLE,"{""QQQM"": 0.32, ""XLE"": 0.08, ""XSOE"": 0.6}",0.080000000000000002,0.0130349489538279,0.014599707346737901,57.799999999999997,0.0108635370609744,LIVE_EXECUTION_MODEL,022F_BASE,Strong USD | Low VIX | Weak Growth | High Risk-Off,-1.7824946328836229,1.8033402889568888,19.170000076293945,0.8469846677828754,,,SPY,,,,,,5,,,
0a47c16719044de43a0728c8ead6a0696881f221,2026-07-23T15:22:33Z,ACTUAL_COMMITTED_PRODUCTION_SNAPSHOT,2026-07-23,2026-07-24,,PENDING,XLF,"{""QQQM"": 0.32, ""XLE"": 0.08, ""XSOE"": 0.6}",0,0.0130349489538279,0.011727221652865201,38.799999999999997,0.013131238310669801,RESEARCH,022F_BASE,Strong USD | Low VIX | Weak Growth | High Risk-Off,-1.7824946328836229,1.8033402889568888,19.170000076293945,0.8469846677828754,,,SPY,,,,,,15,,,
0a47c16719044de43a0728c8ead6a0696881f221,2026-07-23T15:22:33Z,ACTUAL_COMMITTED_PRODUCTION_SNAPSHOT,2026-07-23,2026-07-24,,PENDING,XLI,"{""QQQM"": 0.32, ""XLE"": 0.08, ""XSOE"": 0.6}",0,0.0130349489538279,0.0121245625711279,27,0.014190137059824101,LIVE_EXECUTION_MODEL,022F_BASE,Strong USD | Low VIX | Weak Growth | High Risk-Off,-1.7824946328836229,1.8033402889568888,19.170000076293945,0.8469846677828754,,,SPY,,,,,,14,,,
0a47c16719044de43a0728c8ead6a0696881f221,2026-07-23T15:22:33Z,ACTUAL_COMMITTED_PRODUCTION_SNAPSHOT,2026-07-23,2026-07-24,,PENDING,XLP,"{""QQQM"": 0.32, ""XLE"": 0.08, ""XSOE"": 0.6}",0,0.0130349489538279,0.014753634579753301,76.5,0.014753634579753301,LIVE_OVERLAY_OR_GATED_CANDIDATE,022F_BASE,Strong USD | Low VIX | Weak Growth | High Risk-Off,-1.7824946328836229,1.8033402889568888,19.170000076293945,0.8469846677828754,,,SPY,,,,,,4,,,
0a47c16719044de43a0728c8ead6a0696881f221,2026-07-23T15:22:33Z,ACTUAL_COMMITTED_PRODUCTION_SNAPSHOT,2026-07-23,2026-07-24,,PENDING,XLRE,"{""QQQM"": 0.32, ""XLE"": 0.08, ""XSOE"": 0.6}",0,0.0130349489538279,0.0143698308765818,72.299999999999983,0.0143698308765818,LIVE_OVERLAY_OR_GATED_CANDIDATE,022F_BASE,Strong USD | Low VIX | Weak Growth | High Risk-Off,-1.7824946328836229,1.8033402889568888,19.170000076293945,0.8469846677828754,,,SPY,,,,,,6.5,,,
0a47c16719044de43a0728c8ead6a0696881f221,2026-07-23T15:22:33Z,ACTUAL_COMMITTED_PRODUCTION_SNAPSHOT,2026-07-23,2026-07-24,,PENDING,XLU,"{""QQQM"": 0.32, ""XLE"": 0.08, ""XSOE"": 0.6}",0,0.0130349489538279,0.014085519588686301,58.399999999999999,0.014085519588686301,LIVE_OVERLAY_OR_GATED_CANDIDATE,022F_BASE,Strong USD | Low VIX | Weak Growth | High Risk-Off,-1.7824946328836229,1.8033402889568888,19.170000076293945,0.8469846677828754,,,SPY,,,,,,8,,,
0a47c16719044de43a0728c8ead6a0696881f221,2026-07-23T15:22:33Z,ACTUAL_COMMITTED_PRODUCTION_SNAPSHOT,2026-07-23,2026-07-24,,PENDING,XLV,"{""QQQM"": 0.32, ""XLE"": 0.08, ""XSOE"": 0.6}",0,0.0130349489538279,0.0151190634058712,77.799999999999983,0.014356777204866601,LIVE_OVERLAY_OR_GATED_CANDIDATE,022F_BASE,Strong USD | Low VIX | Weak Growth | High Risk-Off,-1.7824946328836229,1.8033402889568888,19.170000076293945,0.8469846677828754,,,SPY,,,,,,3,,,
0a47c16719044de43a0728c8ead6a0696881f221,2026-07-23T15:22:33Z,ACTUAL_COMMITTED_PRODUCTION_SNAPSHOT,2026-07-23,2026-07-24,,PENDING,XSOE,"{""QQQM"": 0.32, ""XLE"": 0.08, ""XSOE"": 0.6}",0.59999999999999998,0.0130349489538279,0.013161013465049901,37.5,0.0166479130296548,LIVE_EXECUTION_MODEL,022F_BASE,Strong USD | Low VIX | Weak Growth | High Risk-Off,-1.7824946328836229,1.8033402889568888,19.170000076293945,0.8469846677828754,,,SPY,,,,,,9,,,
fcb1e8ff2cd3706f179717f9a9e8a3463f7a1b57,2026-07-24T15:03:15Z,ACTUAL_COMMITTED_PRODUCTION_SNAPSHOT,2026-07-24,2026-07-27,,PENDING,FEZ,"{""XLB"": 0.3, ""XSOE"": 0.7}",0,0.013927380138325901,0.0132034162675186,57.399999999999999,0.0132034162675186,LIVE_OVERLAY_OR_GATED_CANDIDATE,022F_BASE,Strong USD | Low VIX | Weak Growth | High Risk-Off,-2.0890455252539946,1.5858530358635372,18.329999923706048,0.97758861504668237,,,SPY,,,,,,7,,,
fcb1e8ff2cd3706f179717f9a9e8a3463f7a1b57,2026-07-24T15:03:15Z,ACTUAL_COMMITTED_PRODUCTION_SNAPSHOT,2026-07-24,2026-07-27,,PENDING,GLD,"{""XLB"": 0.3, ""XSOE"": 0.7}",0,0.013927380138325901,0.0145205746157255,72.400000000000006,0.0145205746157255,LIVE_OVERLAY_OR_GATED_CANDIDATE,022F_BASE,Strong USD | Low VIX | Weak Growth | High Risk-Off,-2.0890455252539946,1.5858530358635372,18.329999923706048,0.97758861504668237,,,SPY,,,,,,2,,,
fcb1e8ff2cd3706f179717f9a9e8a3463f7a1b57,2026-07-24T15:03:15Z,ACTUAL_COMMITTED_PRODUCTION_SNAPSHOT,2026-07-24,2026-07-27,,PENDING,IEF,"{""XLB"": 0.3, ""XSOE"": 0.7}",0,0.013927380138325901,0.0111728071742956,58,0.0111728071742956,RESEARCH,022F_BASE,Strong USD | Low VIX | Weak Growth | High Risk-Off,-2.0890455252539946,1.5858530358635372,18.329999923706048,0.97758861504668237,,,SPY,,,,,,12,,,
fcb1e8ff2cd3706f179717f9a9e8a3463f7a1b57,2026-07-24T15:03:15Z,ACTUAL_COMMITTED_PRODUCTION_SNAPSHOT,2026-07-24,2026-07-27,,PENDING,IWM,"{""XLB"": 0.3, ""XSOE"": 0.7}",0,0.013927380138325901,0.0094794380434413007,16,0.012321407129460501,LIVE_OVERLAY_OR_GATED_CANDIDATE,022F_BASE,Strong USD | Low VIX | Weak Growth | High Risk-Off,-2.0890455252539946,1.5858530358635372,18.329999923706048,0.97758861504668237,,,SPY,,,,,,16,,,
fcb1e8ff2cd3706f179717f9a9e8a3463f7a1b57,2026-07-24T15:03:15Z,ACTUAL_COMMITTED_PRODUCTION_SNAPSHOT,2026-07-24,2026-07-27,,PENDING,QQQM,"{""XLB"": 0.3, ""XSOE"": 0.7}",0,0.013927380138325901,0.0096276686503641001,15.1,0.0140779656655393,LIVE_EXECUTION_MODEL,022F_BASE,Strong USD | Low VIX | Weak Growth | High Risk-Off,-2.0890455252539946,1.5858530358635372,18.329999923706048,0.97758861504668237,,,SPY,,,,,,15,,,
fcb1e8ff2cd3706f179717f9a9e8a3463f7a1b57,2026-07-24T15:03:15Z,ACTUAL_COMMITTED_PRODUCTION_SNAPSHOT,2026-07-24,2026-07-27,,PENDING,SOXX,"{""XLB"": 0.3, ""XSOE"": 0.7}",0,0.013927380138325901,0.061240812151007101,94.400000000000006,0.063391507104109804,LIVE_OVERLAY_OR_GATED_CANDIDATE,022F_BASE,Strong USD | Low VIX | Weak Growth | High Risk-Off,-2.0890455252539946,1.5858530358635372,18.329999923706048,0.97758861504668237,,,SPY,,,,,,1,,,
fcb1e8ff2cd3706f179717f9a9e8a3463f7a1b57,2026-07-24T15:03:15Z,ACTUAL_COMMITTED_PRODUCTION_SNAPSHOT,2026-07-24,2026-07-27,,PENDING,TLT,"{""XLB"": 0.3, ""XSOE"": 0.7}",0,0.013927380138325901,0.0113820209634358,59.200000000000003,0.0113820209634358,LIVE_OVERLAY_OR_GATED_CANDIDATE,022F_BASE,Strong USD | Low VIX | Weak Growth | High Risk-Off,-2.0890455252539946,1.5858530358635372,18.329999923706048,0.97758861504668237,,,SPY,,,,,,11,,,
fcb1e8ff2cd3706f179717f9a9e8a3463f7a1b57,2026-07-24T15:03:15Z,ACTUAL_COMMITTED_PRODUCTION_SNAPSHOT,2026-07-24,2026-07-27,,PENDING,XLB,"{""XLB"": 0.3, ""XSOE"": 0.7}",0.29999999999999999,0.013927380138325901,0.0132159311646751,63,0.0133294474854725,LIVE_EXECUTION_MODEL,022F_BASE,Strong USD | Low VIX | Weak Growth | High Risk-Off,-2.0890455252539946,1.5858530358635372,18.329999923706048,0.97758861504668237,,,SPY,,,,,,6,,,
fcb1e8ff2cd3706f179717f9a9e8a3463f7a1b57,2026-07-24T15:03:15Z,ACTUAL_COMMITTED_PRODUCTION_SNAPSHOT,2026-07-24,2026-07-27,,PENDING,XLE,"{""XLB"": 0.3, ""XSOE"": 0.7}",0,0.013927380138325901,0.0131312166021267,47.399999999999999,0.0088628163178833992,LIVE_EXECUTION_MODEL,022F_BASE,Strong USD | Low VIX | Weak Growth | High Risk-Off,-2.0890455252539946,1.5858530358635372,18.329999923706048,0.97758861504668237,,,SPY,,,,,,8,,,
fcb1e8ff2cd3706f179717f9a9e8a3463f7a1b57,2026-07-24T15:03:15Z,ACTUAL_COMMITTED_PRODUCTION_SNAPSHOT,2026-07-24,2026-07-27,,PENDING,XLF,"{""XLB"": 0.3, ""XSOE"": 0.7}",0,0.013927380138325901,0.0100609592000683,40.399999999999999,0.0117281117796256,RESEARCH,022F_BASE,Strong USD | Low VIX | Weak Growth | High Risk-Off,-2.0890455252539946,1.5858530358635372,18.329999923706048,0.97758861504668237,,,SPY,,,,,,14,,,
fcb1e8ff2cd3706f179717f9a9e8a3463f7a1b57,2026-07-24T15:03:15Z,ACTUAL_COMMITTED_PRODUCTION_SNAPSHOT,2026-07-24,2026-07-27,,PENDING,XLI,"{""XLB"": 0.3, ""XSOE"": 0.7}",0,0.013927380138325901,0.0108531868684249,30.5,0.013088602286268,LIVE_EXECUTION_MODEL,022F_BASE,Strong USD | Low VIX | Weak Growth | High Risk-Off,-2.0890455252539946,1.5858530358635372,18.329999923706048,0.97758861504668237,,,SPY,,,,,,13,,,
fcb1e8ff2cd3706f179717f9a9e8a3463f7a1b57,2026-07-24T15:03:15Z,ACTUAL_COMMITTED_PRODUCTION_SNAPSHOT,2026-07-24,2026-07-27,,PENDING,XLP,"{""XLB"": 0.3, ""XSOE"": 0.7}",0,0.013927380138325901,0.013338683778566901,77.400000000000006,0.013338683778566901,LIVE_OVERLAY_OR_GATED_CANDIDATE,022F_BASE,Strong USD | Low VIX | Weak Growth | High Risk-Off,-2.0890455252539946,1.5858530358635372,18.329999923706048,0.97758861504668237,,,SPY,,,,,,5,,,
fcb1e8ff2cd3706f179717f9a9e8a3463f7a1b57,2026-07-24T15:03:15Z,ACTUAL_COMMITTED_PRODUCTION_SNAPSHOT,2026-07-24,2026-07-27,,PENDING,XLRE,"{""XLB"": 0.3, ""XSOE"": 0.7}",0,0.013927380138325901,0.012827197945064201,56.100000000000001,0.012827197945064201,LIVE_OVERLAY_OR_GATED_CANDIDATE,022F_BASE,Strong USD | Low VIX | Weak Growth | High Risk-Off,-2.0890455252539946,1.5858530358635372,18.329999923706048,0.97758861504668237,,,SPY,,,,,,10,,,
fcb1e8ff2cd3706f179717f9a9e8a3463f7a1b57,2026-07-24T15:03:15Z,ACTUAL_COMMITTED_PRODUCTION_SNAPSHOT,2026-07-24,2026-07-27,,PENDING,XLU,"{""XLB"": 0.3, ""XSOE"": 0.7}",0,0.013927380138325901,0.0129444515562502,55.100000000000001,0.0129444515562502,LIVE_OVERLAY_OR_GATED_CANDIDATE,022F_BASE,Strong USD | Low VIX | Weak Growth | High Risk-Off,-2.0890455252539946,1.5858530358635372,18.329999923706048,0.97758861504668237,,,SPY,,,,,,9,,,
fcb1e8ff2cd3706f179717f9a9e8a3463f7a1b57,2026-07-24T15:03:15Z,ACTUAL_COMMITTED_PRODUCTION_SNAPSHOT,2026-07-24,2026-07-27,,PENDING,XLV,"{""XLB"": 0.3, ""XSOE"": 0.7}",0,0.013927380138325901,0.0136949690217778,72.09999999999998,0.0128151392682358,LIVE_OVERLAY_OR_GATED_CANDIDATE,022F_BASE,Strong USD | Low VIX | Weak Growth | High Risk-Off,-2.0890455252539946,1.5858530358635372,18.329999923706048,0.97758861504668237,,,SPY,,,,,,4,,,
fcb1e8ff2cd3706f179717f9a9e8a3463f7a1b57,2026-07-24T15:03:15Z,ACTUAL_COMMITTED_PRODUCTION_SNAPSHOT,2026-07-24,2026-07-27,,PENDING,XSOE,"{""XLB"": 0.3, ""XSOE"": 0.7}",0.69999999999999996,0.013927380138325901,0.0142322868413192,60.200000000000003,0.0171690062917771,LIVE_EXECUTION_MODEL,022F_BASE,Strong USD | Low VIX | Weak Growth | High Risk-Off,-2.0890455252539946,1.5858530358635372,18.329999923706048,0.97758861504668237,,,SPY,,,,,,3,,,
f03fe9f1441de5c22d220203c3de0b094a2c5b71,2026-07-27T15:51:23Z,ACTUAL_COMMITTED_PRODUCTION_SNAPSHOT,2026-07-27,2026-07-28,,PENDING,FEZ,"{""FEZ"": 0.08, ""GLD"": 0.04975, ""QQQM"": 0.097167121046892, ""XLB"": 0.0520828789531079, ""XLV"": 0.07, ""XSOE"": 0.651}",0.080000000000000002,0.0139168791972981,0.0135624607213115,60.799999999999997,0.0135624607213115,LIVE_OVERLAY_OR_GATED_CANDIDATE,022F_BASE,Strong USD | Low VIX | Weak Growth | High Risk-Off,-2.4759358333270267,1.6095615335523541,19.120000839233398,1.2471548480707253,,,SPY,,,,,,6,,,
f03fe9f1441de5c22d220203c3de0b094a2c5b71,2026-07-27T15:51:23Z,ACTUAL_COMMITTED_PRODUCTION_SNAPSHOT,2026-07-27,2026-07-28,,PENDING,GLD,"{""FEZ"": 0.08, ""GLD"": 0.04975, ""QQQM"": 0.097167121046892, ""XLB"": 0.0520828789531079, ""XLV"": 0.07, ""XSOE"": 0.651}",0.049750000000000003,0.0139168791972981,0.014512760872158401,68.900000000000006,0.014512760872158401,LIVE_OVERLAY_OR_GATED_CANDIDATE,022F_BASE,Strong USD | Low VIX | Weak Growth | High Risk-Off,-2.4759358333270267,1.6095615335523541,19.120000839233398,1.2471548480707253,,,SPY,,,,,,3,,,
f03fe9f1441de5c22d220203c3de0b094a2c5b71,2026-07-27T15:51:23Z,ACTUAL_COMMITTED_PRODUCTION_SNAPSHOT,2026-07-27,2026-07-28,,PENDING,IEF,"{""FEZ"": 0.08, ""GLD"": 0.04975, ""QQQM"": 0.097167121046892, ""XLB"": 0.0520828789531079, ""XLV"": 0.07, ""XSOE"": 0.651}",0,0.0139168791972981,0.0116432315216927,58.100000000000001,0.0116432315216927,RESEARCH,022F_BASE,Strong USD | Low VIX | Weak Growth | High Risk-Off,-2.4759358333270267,1.6095615335523541,19.120000839233398,1.2471548480707253,,,SPY,,,,,,12,,,
f03fe9f1441de5c22d220203c3de0b094a2c5b71,2026-07-27T15:51:23Z,ACTUAL_COMMITTED_PRODUCTION_SNAPSHOT,2026-07-27,2026-07-28,,PENDING,IWM,"{""FEZ"": 0.08, ""GLD"": 0.04975, ""QQQM"": 0.097167121046892, ""XLB"": 0.0520828789531079, ""XLV"": 0.07, ""XSOE"": 0.651}",0,0.0139168791972981,0.0092980778752285009,18.300000000000001,0.0127272056527286,LIVE_OVERLAY_OR_GATED_CANDIDATE,022F_BASE,Strong USD | Low VIX | Weak Growth | High Risk-Off,-2.4759358333270267,1.6095615335523541,19.120000839233398,1.2471548480707253,,,SPY,,,,,,16,,,
f03fe9f1441de5c22d220203c3de0b094a2c5b71,2026-07-27T15:51:23Z,ACTUAL_COMMITTED_PRODUCTION_SNAPSHOT,2026-07-27,2026-07-28,,PENDING,QQQM,"{""FEZ"": 0.08, ""GLD"": 0.04975, ""QQQM"": 0.097167121046892, ""XLB"": 0.0520828789531079, ""XLV"": 0.07, ""XSOE"": 0.651}",0.097167121046891999,0.0139168791972981,0.0102044427976419,15.199999999999999,0.0147384037550607,LIVE_EXECUTION_MODEL,022F_BASE,Strong USD | Low VIX | Weak Growth | High Risk-Off,-2.4759358333270267,1.6095615335523541,19.120000839233398,1.2471548480707253,,,SPY,,,,,,15,,,
f03fe9f1441de5c22d220203c3de0b094a2c5b71,2026-07-27T15:51:23Z,ACTUAL_COMMITTED_PRODUCTION_SNAPSHOT,2026-07-27,2026-07-28,,PENDING,SOXX,"{""FEZ"": 0.08, ""GLD"": 0.04975, ""QQQM"": 0.097167121046892, ""XLB"": 0.0520828789531079, ""XLV"": 0.07, ""XSOE"": 0.651}",0,0.0139168791972981,0.1019803579195253,96.599999999999994,0.10472409858528101,LIVE_OVERLAY_OR_GATED_CANDIDATE,022F_BASE,Strong USD | Low VIX | Weak Growth | High Risk-Off,-2.4759358333270267,1.6095615335523541,19.120000839233398,1.2471548480707253,,,SPY,,,,,,1,,,
f03fe9f1441de5c22d220203c3de0b094a2c5b71,2026-07-27T15:51:23Z,ACTUAL_COMMITTED_PRODUCTION_SNAPSHOT,2026-07-27,2026-07-28,,PENDING,TLT,"{""FEZ"": 0.08, ""GLD"": 0.04975, ""QQQM"": 0.097167121046892, ""XLB"": 0.0520828789531079, ""XLV"": 0.07, ""XSOE"": 0.651}",0,0.0139168791972981,0.0120027902129852,60.600000000000001,0.0120027902129852,LIVE_OVERLAY_OR_GATED_CANDIDATE,022F_BASE,Strong USD | Low VIX | Weak Growth | High Risk-Off,-2.4759358333270267,1.6095615335523541,19.120000839233398,1.2471548480707253,,,SPY,,,,,,10,,,
f03fe9f1441de5c22d220203c3de0b094a2c5b71,2026-07-27T15:51:23Z,ACTUAL_COMMITTED_PRODUCTION_SNAPSHOT,2026-07-27,2026-07-28,,PENDING,XLB,"{""FEZ"": 0.08, ""GLD"": 0.04975, ""QQQM"": 0.097167121046892, ""XLB"": 0.0520828789531079, ""XLV"": 0.07, ""XSOE"": 0.651}",0.052082878953107897,0.0139168791972981,0.0129749727811466,52.600000000000001,0.013916849971848401,LIVE_EXECUTION_MODEL,022F_BASE,Strong USD | Low VIX | Weak Growth | High Risk-Off,-2.4759358333270267,1.6095615335523541,19.120000839233398,1.2471548480707253,,,SPY,,,,,,9,,,
f03fe9f1441de5c22d220203c3de0b094a2c5b71,2026-07-27T15:51:23Z,ACTUAL_COMMITTED_PRODUCTION_SNAPSHOT,2026-07-27,2026-07-28,,PENDING,XLE,"{""FEZ"": 0.08, ""GLD"": 0.04975, ""QQQM"": 0.097167121046892, ""XLB"": 0.0520828789531079, ""XLV"": 0.07, ""XSOE"": 0.651}",0,0.0139168791972981,0.011655917567025401,33.100000000000001,0.0094347955670529005,LIVE_EXECUTION_MODEL,022F_BASE,Strong USD | Low VIX | Weak Growth | High Risk-Off,-2.4759358333270267,1.6095615335523541,19.120000839233398,1.2471548480707253,,,SPY,,,,,,11,,,
f03fe9f1441de5c22d220203c3de0b094a2c5b71,2026-07-27T15:51:23Z,ACTUAL_COMMITTED_PRODUCTION_SNAPSHOT,2026-07-27,2026-07-28,,PENDING,XLF,"{""FEZ"": 0.08, ""GLD"": 0.04975, ""QQQM"": 0.097167121046892, ""XLB"": 0.0520828789531079, ""XLV"": 0.07, ""XSOE"": 0.651}",0,0.0139168791972981,0.0108099788611775,45.899999999999999,0.013019874458692,RESEARCH,022F_BASE,Strong USD | Low VIX | Weak Growth | High Risk-Off,-2.4759358333270267,1.6095615335523541,19.120000839233398,1.2471548480707253,,,SPY,,,,,,13,,,
f03fe9f1441de5c22d220203c3de0b094a2c5b71,2026-07-27T15:51:23Z,ACTUAL_COMMITTED_PRODUCTION_SNAPSHOT,2026-07-27,2026-07-28,,PENDING,XLI,"{""FEZ"": 0.08, ""GLD"": 0.04975, ""QQQM"": 0.097167121046892, ""XLB"": 0.0520828789531079, ""XLV"": 0.07, ""XSOE"": 0.651}",0,0.0139168791972981,0.010719899526865801,27.199999999999999,0.0134476467134588,LIVE_EXECUTION_MODEL,022F_BASE,Strong USD | Low VIX | Weak Growth | High Risk-Off,-2.4759358333270267,1.6095615335523541,19.120000839233398,1.2471548480707253,,,SPY,,,,,,14,,,
f03fe9f1441de5c22d220203c3de0b094a2c5b71,2026-07-27T15:51:23Z,ACTUAL_COMMITTED_PRODUCTION_SNAPSHOT,2026-07-27,2026-07-28,,PENDING,XLP,"{""FEZ"": 0.08, ""GLD"": 0.04975, ""QQQM"": 0.097167121046892, ""XLB"": 0.0520828789531079, ""XLV"": 0.07, ""XSOE"": 0.651}",0,0.0139168791972981,0.013704028357891401,72.900000000000006,0.013704028357891401,LIVE_OVERLAY_OR_GATED_CANDIDATE,022F_BASE,Strong USD | Low VIX | Weak Growth | High Risk-Off,-2.4759358333270267,1.6095615335523541,19.120000839233398,1.2471548480707253,,,SPY,,,,,,5,,,
f03fe9f1441de5c22d220203c3de0b094a2c5b71,2026-07-27T15:51:23Z,ACTUAL_COMMITTED_PRODUCTION_SNAPSHOT,2026-07-27,2026-07-28,,PENDING,XLRE,"{""FEZ"": 0.08, ""GLD"": 0.04975, ""QQQM"": 0.097167121046892, ""XLB"": 0.0520828789531079, ""XLV"": 0.07, ""XSOE"": 0.651}",0,0.0139168791972981,0.0131249214645768,67,0.0131249214645768,LIVE_OVERLAY_OR_GATED_CANDIDATE,022F_BASE,Strong USD | Low VIX | Weak Growth | High Risk-Off,-2.4759358333270267,1.6095615335523541,19.120000839233398,1.2471548480707253,,,SPY,,,,,,8,,,
f03fe9f1441de5c22d220203c3de0b094a2c5b71,2026-07-27T15:51:23Z,ACTUAL_COMMITTED_PRODUCTION_SNAPSHOT,2026-07-27,2026-07-28,,PENDING,XLU,"{""FEZ"": 0.08, ""GLD"": 0.04975, ""QQQM"": 0.097167121046892, ""XLB"": 0.0520828789531079, ""XLV"": 0.07, ""XSOE"": 0.651}",0,0.0139168791972981,0.0134264002911785,61.700000000000003,0.0134264002911785,LIVE_OVERLAY_OR_GATED_CANDIDATE,022F_BASE,Strong USD | Low VIX | Weak Growth | High Risk-Off,-2.4759358333270267,1.6095615335523541,19.120000839233398,1.2471548480707253,,,SPY,,,,,,7,,,
f03fe9f1441de5c22d220203c3de0b094a2c5b71,2026-07-27T15:51:23Z,ACTUAL_COMMITTED_PRODUCTION_SNAPSHOT,2026-07-27,2026-07-28,,PENDING,XLV,"{""FEZ"": 0.08, ""GLD"": 0.04975, ""QQQM"": 0.097167121046892, ""XLB"": 0.0520828789531079, ""XLV"": 0.07, ""XSOE"": 0.651}",0.070000000000000007,0.0139168791972981,0.0145915232570351,81.09999999999998,0.0134690838937714,LIVE_OVERLAY_OR_GATED_CANDIDATE,022F_BASE,Strong USD | Low VIX | Weak Growth | High Risk-Off,-2.4759358333270267,1.6095615335523541,19.120000839233398,1.2471548480707253,,,SPY,,,,,,2,,,
f03fe9f1441de5c22d220203c3de0b094a2c5b71,2026-07-27T15:51:23Z,ACTUAL_COMMITTED_PRODUCTION_SNAPSHOT,2026-07-27,2026-07-28,,PENDING,XSOE,"{""FEZ"": 0.08, ""GLD"": 0.04975, ""QQQM"": 0.097167121046892, ""XLB"": 0.0520828789531079, ""XLV"": 0.07, ""XSOE"": 0.651}",0.65100000000000002,0.0139168791972981,0.0144718211872442,56.700000000000003,0.017651630571276299,LIVE_EXECUTION_MODEL,022F_BASE,Strong USD | Low VIX | Weak Growth | High Risk-Off,-2.4759358333270267,1.6095615335523541,19.120000839233398,1.2471548480707253,,,SPY,,,,,,4,,,
3834de9278dcbc5fca139e9617db2ddf7e97b113,2026-07-28T21:00:00Z,CURRENT_PRODUCTION_RUN,2026-07-28,,,PENDING,FEZ,"{""TLT"": 0.15, ""XLE"": 0.5499999999999999, ""XLV"": 0.07, ""XSOE"": 0.2299999999999999}",0,0.012611747230083944,0.0137862070885287,56.100000000000001,0.0137862070885287,LIVE_OVERLAY_OR_GATED_CANDIDATE,022F_BASE,Strong USD | Low VIX | Weak Growth | High Risk-Off,-2.6459767151566629,1.7439707569069018,18.209999084472656,1.2929093223404056,,,SPY,,,,,,8,,,
3834de9278dcbc5fca139e9617db2ddf7e97b113,2026-07-28T21:00:00Z,CURRENT_PRODUCTION_RUN,2026-07-28,,,PENDING,GLD,"{""TLT"": 0.15, ""XLE"": 0.5499999999999999, ""XLV"": 0.07, ""XSOE"": 0.2299999999999999}",0,0.012611747230083944,0.015905205809512799,71.099999999999994,0.015905205809512799,LIVE_OVERLAY_OR_GATED_CANDIDATE,022F_BASE,Strong USD | Low VIX | Weak Growth | High Risk-Off,-2.6459767151566629,1.7439707569069018,18.209999084472656,1.2929093223404056,,,SPY,,,,,,3,,,
3834de9278dcbc5fca139e9617db2ddf7e97b113,2026-07-28T21:00:00Z,CURRENT_PRODUCTION_RUN,2026-07-28,,,PENDING,IEF,"{""TLT"": 0.15, ""XLE"": 0.5499999999999999, ""XLV"": 0.07, ""XSOE"": 0.2299999999999999}",0,0.012611747230083944,0.012061077026418199,61.5,0.012061077026418199,RESEARCH,022F_BASE,Strong USD | Low VIX | Weak Growth | High Risk-Off,-2.6459767151566629,1.7439707569069018,18.209999084472656,1.2929093223404056,,,SPY,,,,,,11,,,
3834de9278dcbc5fca139e9617db2ddf7e97b113,2026-07-28T21:00:00Z,CURRENT_PRODUCTION_RUN,2026-07-28,,,PENDING,IWM,"{""TLT"": 0.15, ""XLE"": 0.5499999999999999, ""XLV"": 0.07, ""XSOE"": 0.2299999999999999}",0,0.012611747230083944,0.0097793778821465994,16.100000000000001,0.013411578980971599,LIVE_OVERLAY_OR_GATED_CANDIDATE,022F_BASE,Strong USD | Low VIX | Weak Growth | High Risk-Off,-2.6459767151566629,1.7439707569069018,18.209999084472656,1.2929093223404056,,,SPY,,,,,,16,,,
3834de9278dcbc5fca139e9617db2ddf7e97b113,2026-07-28T21:00:00Z,CURRENT_PRODUCTION_RUN,2026-07-28,,,PENDING,QQQM,"{""TLT"": 0.15, ""XLE"": 0.5499999999999999, ""XLV"": 0.07, ""XSOE"": 0.2299999999999999}",0,0.012611747230083944,0.0133379739025924,43.899999999999999,0.016936799549446501,LIVE_EXECUTION_MODEL,022F_BASE,Strong USD | Low VIX | Weak Growth | High Risk-Off,-2.6459767151566629,1.7439707569069018,18.209999084472656,1.2929093223404056,,,SPY,,,,,,9,,,
3834de9278dcbc5fca139e9617db2ddf7e97b113,2026-07-28T21:00:00Z,CURRENT_PRODUCTION_RUN,2026-07-28,,,PENDING,SOXX,"{""TLT"": 0.15, ""XLE"": 0.5499999999999999, ""XLV"": 0.07, ""XSOE"": 0.2299999999999999}",0,0.012611747230083944,0.096534518555744603,96.599999999999994,0.099378919064893503,LIVE_OVERLAY_OR_GATED_CANDIDATE,022F_BASE,Strong USD | Low VIX | Weak Growth | High Risk-Off,-2.6459767151566629,1.7439707569069018,18.209999084472656,1.2929093223404056,,,SPY,,,,,,1,,,
3834de9278dcbc5fca139e9617db2ddf7e97b113,2026-07-28T21:00:00Z,CURRENT_PRODUCTION_RUN,2026-07-28,,,PENDING,TLT,"{""TLT"": 0.15, ""XLE"": 0.5499999999999999, ""XLV"": 0.07, ""XSOE"": 0.2299999999999999}",0.14999999999999999,0.012611747230083944,0.012129749243478099,60.600000000000001,0.012129749243478099,LIVE_OVERLAY_OR_GATED_CANDIDATE,022F_BASE,Strong USD | Low VIX | Weak Growth | High Risk-Off,-2.6459767151566629,1.7439707569069018,18.209999084472656,1.2929093223404056,,,SPY,,,,,,10,,,
3834de9278dcbc5fca139e9617db2ddf7e97b113,2026-07-28T21:00:00Z,CURRENT_PRODUCTION_RUN,2026-07-28,,,PENDING,XLB,"{""TLT"": 0.15, ""XLE"": 0.5499999999999999, ""XLV"": 0.07, ""XSOE"": 0.2299999999999999}",0,0.012611747230083944,0.011803856891249,36.200000000000003,0.0146993910419904,LIVE_EXECUTION_MODEL,022F_BASE,Strong USD | Low VIX | Weak Growth | High Risk-Off,-2.6459767151566629,1.7439707569069018,18.209999084472656,1.2929093223404056,,,SPY,,,,,,12,,,
3834de9278dcbc5fca139e9617db2ddf7e97b113,2026-07-28T21:00:00Z,CURRENT_PRODUCTION_RUN,2026-07-28,,,PENDING,XLE,"{""TLT"": 0.15, ""XLE"": 0.5499999999999999, ""XLV"": 0.07, ""XSOE"": 0.2299999999999999}",0.54999999999999993,0.012611747230083944,0.0107112325512898,18.399999999999999,0.0107538734626878,LIVE_EXECUTION_MODEL,022F_BASE,Strong USD | Low VIX | Weak Growth | High Risk-Off,-2.6459767151566629,1.7439707569069018,18.209999084472656,1.2929093223404056,,,SPY,,,,,,14,,,
3834de9278dcbc5fca139e9617db2ddf7e97b113,2026-07-28T21:00:00Z,CURRENT_PRODUCTION_RUN,2026-07-28,,,PENDING,XLF,"{""TLT"": 0.15, ""XLE"": 0.5499999999999999, ""XLV"": 0.07, ""XSOE"": 0.2299999999999999}",0,0.012611747230083944,0.0108812692172474,41.5,0.0133335769291887,RESEARCH,022F_BASE,Strong USD | Low VIX | Weak Growth | High Risk-Off,-2.6459767151566629,1.7439707569069018,18.209999084472656,1.2929093223404056,,,SPY,,,,,,13,,,
3834de9278dcbc5fca139e9617db2ddf7e97b113,2026-07-28T21:00:00Z,CURRENT_PRODUCTION_RUN,2026-07-28,,,PENDING,XLI,"{""TLT"": 0.15, ""XLE"": 0.5499999999999999, ""XLV"": 0.07, ""XSOE"": 0.2299999999999999}",0,0.012611747230083944,0.0106028295983015,23.699999999999999,0.0134532576055863,LIVE_EXECUTION_MODEL,022F_BASE,Strong USD | Low VIX | Weak Growth | High Risk-Off,-2.6459767151566629,1.7439707569069018,18.209999084472656,1.2929093223404056,,,SPY,,,,,,15,,,
3834de9278dcbc5fca139e9617db2ddf7e97b113,2026-07-28T21:00:00Z,CURRENT_PRODUCTION_RUN,2026-07-28,,,PENDING,XLP,"{""TLT"": 0.15, ""XLE"": 0.5499999999999999, ""XLV"": 0.07, ""XSOE"": 0.2299999999999999}",0,0.012611747230083944,0.014708897510386201,78.599999999999994,0.014708897510386201,LIVE_OVERLAY_OR_GATED_CANDIDATE,022F_BASE,Strong USD | Low VIX | Weak Growth | High Risk-Off,-2.6459767151566629,1.7439707569069018,18.209999084472656,1.2929093223404056,,,SPY,,,,,,4,,,
3834de9278dcbc5fca139e9617db2ddf7e97b113,2026-07-28T21:00:00Z,CURRENT_PRODUCTION_RUN,2026-07-28,,,PENDING,XLRE,"{""TLT"": 0.15, ""XLE"": 0.5499999999999999, ""XLV"": 0.07, ""XSOE"": 0.2299999999999999}",0,0.012611747230083944,0.014149991454475101,70.400000000000006,0.014149991454475101,LIVE_OVERLAY_OR_GATED_CANDIDATE,022F_BASE,Strong USD | Low VIX | Weak Growth | High Risk-Off,-2.6459767151566629,1.7439707569069018,18.209999084472656,1.2929093223404056,,,SPY,,,,,,7,,,
3834de9278dcbc5fca139e9617db2ddf7e97b113,2026-07-28T21:00:00Z,CURRENT_PRODUCTION_RUN,2026-07-28,,,PENDING,XLU,"{""TLT"": 0.15, ""XLE"": 0.5499999999999999, ""XLV"": 0.07, ""XSOE"": 0.2299999999999999}",0,0.012611747230083944,0.014418380160224399,69.5,0.014418380160224399,LIVE_OVERLAY_OR_GATED_CANDIDATE,022F_BASE,Strong USD | Low VIX | Weak Growth | High Risk-Off,-2.6459767151566629,1.7439707569069018,18.209999084472656,1.2929093223404056,,,SPY,,,,,,6,,,
3834de9278dcbc5fca139e9617db2ddf7e97b113,2026-07-28T21:00:00Z,CURRENT_PRODUCTION_RUN,2026-07-28,,,PENDING,XLV,"{""TLT"": 0.15, ""XLE"": 0.5499999999999999, ""XLV"": 0.07, ""XSOE"": 0.2299999999999999}",0.070000000000000007,0.012611747230083944,0.0145728092788034,68.599999999999994,0.0145728092788034,LIVE_OVERLAY_OR_GATED_CANDIDATE,022F_BASE,Strong USD | Low VIX | Weak Growth | High Risk-Off,-2.6459767151566629,1.7439707569069018,18.209999084472656,1.2929093223404056,,,SPY,,,,,,5,,,
3834de9278dcbc5fca139e9617db2ddf7e97b113,2026-07-28T21:00:00Z,CURRENT_PRODUCTION_RUN,2026-07-28,,,PENDING,XSOE,"{""TLT"": 0.15, ""XLE"": 0.5499999999999999, ""XLV"": 0.07, ""XSOE"": 0.2299999999999999}",0.2299999999999999,0.012611747230083944,0.016873957786246101,63.600000000000001,0.021552389453537501,LIVE_EXECUTION_MODEL,022F_BASE,Strong USD | Low VIX | Weak Growth | High Risk-Off,-2.6459767151566629,1.7439707569069018,18.209999084472656,1.2929093223404056,,,SPY,,,,,,2,,,
